{"filename": "AlexeyAB__@@__darknet__@@__53__@@__tiny.cfg", "original_file_size": 1725, "netron_file_size": 31335, "input_dict": {"input": {"data_type": "float32", "dim": [224, 224, 3]}}, "output_dict": {}, "node_dict": {"0": {"index": 0, "var_name": "0", "api": "convolutional", "attr_count": 6, "_input_count": 6, "_output_count": 1, "dim": [224, 224, 3], "data_type": "float32", "bias": [16], "weight": [3, 16, 3, 3], "kernel": null, "in_var_name_list": ["input", "", "", "", "", ""], "out_var_name_list": ["0"]}, "1": {"index": 1, "var_name": "1", "api": "maxpool", "attr_count": 2, "_input_count": 1, "_output_count": 1, "dim": [224, 224, 16], "data_type": "float32", "bias": null, "weight": null, "kernel": null, "in_var_name_list": ["0"], "out_var_name_list": ["1"]}, "2": {"index": 2, "var_name": "2", "api": "convolutional", "attr_count": 6, "_input_count": 6, "_output_count": 1, "dim": [112, 112, 16], "data_type": "float32", "bias": [32], "weight": [16, 32, 3, 3], "kernel": null, "in_var_name_list": ["1", "", "", "", "", ""], "out_var_name_list": ["2"]}, "3": {"index": 3, "var_name": "3", "api": "maxpool", "attr_count": 2, "_input_count": 1, "_output_count": 1, "dim": [112, 112, 32], "data_type": "float32", "bias": null, "weight": null, "kernel": null, "in_var_name_list": ["2"], "out_var_name_list": ["3"]}, "4": {"index": 4, "var_name": "4", "api": "convolutional", "attr_count": 6, "_input_count": 6, "_output_count": 1, "dim": [56, 56, 32], "data_type": "float32", "bias": [16], "weight": [32, 16, 1, 1], "kernel": null, "in_var_name_list": ["3", "", "", "", "", ""], "out_var_name_list": ["4"]}, "5": {"index": 5, "var_name": "5", "api": "convolutional", "attr_count": 6, "_input_count": 6, "_output_count": 1, "dim": [56, 56, 16], "data_type": "float32", "bias": [128], "weight": [16, 128, 3, 3], "kernel": null, "in_var_name_list": ["4", "", "", "", "", ""], "out_var_name_list": ["5"]}, "6": {"index": 6, "var_name": "6", "api": "convolutional", "attr_count": 6, "_input_count": 6, "_output_count": 1, "dim": [56, 56, 128], "data_type": "float32", "bias": [16], "weight": [128, 16, 1, 1], "kernel": null, "in_var_name_list": ["5", "", "", "", "", ""], "out_var_name_list": ["6"]}, "7": {"index": 7, "var_name": "7", "api": "convolutional", "attr_count": 6, "_input_count": 6, "_output_count": 1, "dim": [56, 56, 16], "data_type": "float32", "bias": [128], "weight": [16, 128, 3, 3], "kernel": null, "in_var_name_list": ["6", "", "", "", "", ""], "out_var_name_list": ["7"]}, "8": {"index": 8, "var_name": "8", "api": "maxpool", "attr_count": 2, "_input_count": 1, "_output_count": 1, "dim": [56, 56, 128], "data_type": "float32", "bias": null, "weight": null, "kernel": null, "in_var_name_list": ["7"], "out_var_name_list": ["8"]}, "9": {"index": 9, "var_name": "9", "api": "convolutional", "attr_count": 6, "_input_count": 6, "_output_count": 1, "dim": [28, 28, 128], "data_type": "float32", "bias": [32], "weight": [128, 32, 1, 1], "kernel": null, "in_var_name_list": ["8", "", "", "", "", ""], "out_var_name_list": ["9"]}, "10": {"index": 10, "var_name": "10", "api": "convolutional", "attr_count": 6, "_input_count": 6, "_output_count": 1, "dim": [28, 28, 32], "data_type": "float32", "bias": [256], "weight": [32, 256, 3, 3], "kernel": null, "in_var_name_list": ["9", "", "", "", "", ""], "out_var_name_list": ["10"]}, "11": {"index": 11, "var_name": "11", "api": "convolutional", "attr_count": 6, "_input_count": 6, "_output_count": 1, "dim": [28, 28, 256], "data_type": "float32", "bias": [32], "weight": [256, 32, 1, 1], "kernel": null, "in_var_name_list": ["10", "", "", "", "", ""], "out_var_name_list": ["11"]}, "12": {"index": 12, "var_name": "12", "api": "convolutional", "attr_count": 6, "_input_count": 6, "_output_count": 1, "dim": [28, 28, 32], "data_type": "float32", "bias": [256], "weight": [32, 256, 3, 3], "kernel": null, "in_var_name_list": ["11", "", "", "", "", ""], "out_var_name_list": ["12"]}, "13": {"index": 13, "var_name": "13", "api": "maxpool", "attr_count": 2, "_input_count": 1, "_output_count": 1, "dim": [28, 28, 256], "data_type": "float32", "bias": null, "weight": null, "kernel": null, "in_var_name_list": ["12"], "out_var_name_list": ["13"]}, "14": {"index": 14, "var_name": "14", "api": "convolutional", "attr_count": 6, "_input_count": 6, "_output_count": 1, "dim": [14, 14, 256], "data_type": "float32", "bias": [64], "weight": [256, 64, 1, 1], "kernel": null, "in_var_name_list": ["13", "", "", "", "", ""], "out_var_name_list": ["14"]}, "15": {"index": 15, "var_name": "15", "api": "convolutional", "attr_count": 6, "_input_count": 6, "_output_count": 1, "dim": [14, 14, 64], "data_type": "float32", "bias": [512], "weight": [64, 512, 3, 3], "kernel": null, "in_var_name_list": ["14", "", "", "", "", ""], "out_var_name_list": ["15"]}, "16": {"index": 16, "var_name": "16", "api": "convolutional", "attr_count": 6, "_input_count": 6, "_output_count": 1, "dim": [14, 14, 512], "data_type": "float32", "bias": [64], "weight": [512, 64, 1, 1], "kernel": null, "in_var_name_list": ["15", "", "", "", "", ""], "out_var_name_list": ["16"]}, "17": {"index": 17, "var_name": "17", "api": "convolutional", "attr_count": 6, "_input_count": 6, "_output_count": 1, "dim": [14, 14, 64], "data_type": "float32", "bias": [512], "weight": [64, 512, 3, 3], "kernel": null, "in_var_name_list": ["16", "", "", "", "", ""], "out_var_name_list": ["17"]}, "18": {"index": 18, "var_name": "18", "api": "convolutional", "attr_count": 6, "_input_count": 6, "_output_count": 1, "dim": [14, 14, 512], "data_type": "float32", "bias": [128], "weight": [512, 128, 1, 1], "kernel": null, "in_var_name_list": ["17", "", "", "", "", ""], "out_var_name_list": ["18"]}, "19": {"index": 19, "var_name": "19", "api": "convolutional", "attr_count": 5, "_input_count": 3, "_output_count": 1, "dim": [14, 14, 128], "data_type": "float32", "bias": [1000], "weight": [128, 1000, 1, 1], "kernel": null, "in_var_name_list": ["18", "", ""], "out_var_name_list": ["19"]}, "20": {"index": 20, "var_name": "20", "api": "avgpool", "attr_count": 0, "_input_count": 1, "_output_count": 1, "dim": [14, 14, 1000], "data_type": "float32", "bias": null, "weight": null, "kernel": null, "in_var_name_list": ["19"], "out_var_name_list": ["20"]}, "21": {"index": 21, "var_name": "21", "api": "softmax", "attr_count": 1, "_input_count": 1, "_output_count": 1, "dim": [1, 1, 1000], "data_type": "float32", "bias": null, "weight": null, "kernel": null, "in_var_name_list": ["20"], "out_var_name_list": ["21"]}, "22": {"index": 22, "var_name": "22", "api": "cost", "attr_count": 1, "_input_count": 1, "_output_count": 1, "dim": [1000], "data_type": "float32", "bias": null, "weight": null, "kernel": null, "in_var_name_list": ["21"], "out_var_name_list": ["22"]}}, "node_count": 23, "edge_list": [{"from": ["13", "maxpool"], "to": ["14", "convolutional"]}, {"from": ["7", "convolutional"], "to": ["8", "maxpool"]}, {"from": ["20", "avgpool"], "to": ["21", "softmax"]}, {"from": ["9", "convolutional"], "to": ["10", "convolutional"]}, {"from": ["3", "maxpool"], "to": ["4", "convolutional"]}, {"from": ["17", "convolutional"], "to": ["18", "convolutional"]}, {"from": ["21", "softmax"], "to": ["22", "cost"]}, {"from": ["5", "convolutional"], "to": ["6", "convolutional"]}, {"from": ["11", "convolutional"], "to": ["12", "convolutional"]}, {"from": ["6", "convolutional"], "to": ["7", "convolutional"]}, {"from": ["19", "convolutional"], "to": ["20", "avgpool"]}, {"from": ["12", "convolutional"], "to": ["13", "maxpool"]}, {"from": ["1", "maxpool"], "to": ["2", "convolutional"]}, {"from": ["10", "convolutional"], "to": ["11", "convolutional"]}, {"from": ["0", "convolutional"], "to": ["1", "maxpool"]}, {"from": ["15", "convolutional"], "to": ["16", "convolutional"]}, {"from": ["4", "convolutional"], "to": ["5", "convolutional"]}, {"from": ["16", "convolutional"], "to": ["17", "convolutional"]}, {"from": ["2", "convolutional"], "to": ["3", "maxpool"]}, {"from": ["8", "maxpool"], "to": ["9", "convolutional"]}, {"from": ["18", "convolutional"], "to": ["19", "convolutional"]}, {"from": ["14", "convolutional"], "to": ["15", "convolutional"]}], "edge_count": 22}