{"filename": "alexgkendall__@@__SegNet-Tutorial__@@__13__@@__bayesian_segnet_basic_train.prototxt", "original_file_size": 8094, "netron_file_size": 281758, "input_dict": {}, "output_dict": {}, "node_dict": {"data": {"index": 0, "var_name": "data", "api": "DenseImageData", "attr_count": 3, "_input_count": 0, "_output_count": 2, "dim": null, "data_type": null, "bias": null, "weight": null, "kernel": null, "in_var_name_list": [], "out_var_name_list": ["data", "label"]}, "norm": {"index": 1, "var_name": "norm", "api": "LRN", "attr_count": 1, "_input_count": 1, "_output_count": 1, "dim": null, "data_type": null, "bias": null, "weight": null, "kernel": null, "in_var_name_list": ["data"], "out_var_name_list": ["norm"]}, "conv1": {"index": 2, "var_name": "conv1", "api": "Convolution", "attr_count": 7, "_input_count": 3, "_output_count": 1, "dim": null, "data_type": null, "bias": null, "weight": null, "kernel": null, "in_var_name_list": ["norm", "filter", "bias"], "out_var_name_list": ["conv1"]}, "pool1": {"index": 3, "var_name": "pool1", "api": "Pooling", "attr_count": 2, "_input_count": 1, "_output_count": 2, "dim": null, "data_type": null, "bias": null, "weight": null, "kernel": null, "in_var_name_list": ["conv1"], "out_var_name_list": ["pool1", "pool1_mask"]}, "conv2": {"index": 4, "var_name": "conv2", "api": "Convolution", "attr_count": 7, "_input_count": 3, "_output_count": 1, "dim": null, "data_type": null, "bias": null, "weight": null, "kernel": null, "in_var_name_list": ["pool1", "filter", "bias"], "out_var_name_list": ["conv2"]}, "pool2": {"index": 5, "var_name": "pool2", "api": "Pooling", "attr_count": 2, "_input_count": 1, "_output_count": 2, "dim": null, "data_type": null, "bias": null, "weight": null, "kernel": null, "in_var_name_list": ["conv2"], "out_var_name_list": ["pool2", "pool2_mask"]}, "conv3": {"index": 6, "var_name": "conv3", "api": "Convolution", "attr_count": 7, "_input_count": 3, "_output_count": 1, "dim": null, "data_type": null, "bias": null, "weight": null, "kernel": null, "in_var_name_list": ["pool2", "filter", "bias"], "out_var_name_list": ["conv3"]}, "pool3": {"index": 7, "var_name": "pool3", "api": "Pooling", "attr_count": 2, "_input_count": 1, "_output_count": 2, "dim": null, "data_type": null, "bias": null, "weight": null, "kernel": null, "in_var_name_list": ["conv3"], "out_var_name_list": ["pool3", "pool3_mask"]}, "encdrop3": {"index": 8, "var_name": "encdrop3", "api": "Dropout", "attr_count": 0, "_input_count": 1, "_output_count": 1, "dim": null, "data_type": null, "bias": null, "weight": null, "kernel": null, "in_var_name_list": ["pool3"], "out_var_name_list": ["pool3"]}, "conv4": {"index": 9, "var_name": "conv4", "api": "Convolution", "attr_count": 7, "_input_count": 3, "_output_count": 1, "dim": null, "data_type": null, "bias": null, "weight": null, "kernel": null, "in_var_name_list": ["pool3", "filter", "bias"], "out_var_name_list": ["conv4"]}, "pool4": {"index": 10, "var_name": "pool4", "api": "Pooling", "attr_count": 2, "_input_count": 1, "_output_count": 2, "dim": null, "data_type": null, "bias": null, "weight": null, "kernel": null, "in_var_name_list": ["conv4"], "out_var_name_list": ["pool4", "pool4_mask"]}, "encdrop4": {"index": 11, "var_name": "encdrop4", "api": "Dropout", "attr_count": 0, "_input_count": 1, "_output_count": 1, "dim": null, "data_type": null, "bias": null, "weight": null, "kernel": null, "in_var_name_list": ["pool4"], "out_var_name_list": ["pool4"]}, "upsample4": {"index": 12, "var_name": "upsample4", "api": "Upsample", "attr_count": 2, "_input_count": 2, "_output_count": 1, "dim": null, "data_type": null, "bias": null, "weight": null, "kernel": null, "in_var_name_list": ["pool4", "pool4_mask"], "out_var_name_list": ["upsample4"]}, "conv_decode4": {"index": 13, "var_name": "conv_decode4", "api": "Convolution", "attr_count": 7, "_input_count": 3, "_output_count": 1, "dim": null, "data_type": null, "bias": null, "weight": null, "kernel": null, "in_var_name_list": ["upsample4", "filter", "bias"], "out_var_name_list": ["conv_decode4"]}, "upsample3": {"index": 14, "var_name": "upsample3", "api": "Upsample", "attr_count": 1, "_input_count": 2, "_output_count": 1, "dim": null, "data_type": null, "bias": null, "weight": null, "kernel": null, "in_var_name_list": ["conv_decode4", "pool3_mask"], "out_var_name_list": ["upsample3"]}, "conv_decode3": {"index": 15, "var_name": "conv_decode3", "api": "Convolution", "attr_count": 7, "_input_count": 3, "_output_count": 1, "dim": null, "data_type": null, "bias": null, "weight": null, "kernel": null, "in_var_name_list": ["upsample3", "filter", "bias"], "out_var_name_list": ["conv_decode3"]}, "upsample2": {"index": 16, "var_name": "upsample2", "api": "Upsample", "attr_count": 1, "_input_count": 2, "_output_count": 1, "dim": null, "data_type": null, "bias": null, "weight": null, "kernel": null, "in_var_name_list": ["conv_decode3", "pool2_mask"], "out_var_name_list": ["upsample2"]}, "conv_decode2": {"index": 17, "var_name": "conv_decode2", "api": "Convolution", "attr_count": 7, "_input_count": 3, "_output_count": 1, "dim": null, "data_type": null, "bias": null, "weight": null, "kernel": null, "in_var_name_list": ["upsample2", "filter", "bias"], "out_var_name_list": ["conv_decode2"]}, "upsample1": {"index": 18, "var_name": "upsample1", "api": "Upsample", "attr_count": 1, "_input_count": 2, "_output_count": 1, "dim": null, "data_type": null, "bias": null, "weight": null, "kernel": null, "in_var_name_list": ["conv_decode2", "pool1_mask"], "out_var_name_list": ["upsample1"]}, "conv_decode1": {"index": 19, "var_name": "conv_decode1", "api": "Convolution", "attr_count": 7, "_input_count": 3, "_output_count": 1, "dim": null, "data_type": null, "bias": null, "weight": null, "kernel": null, "in_var_name_list": ["upsample1", "filter", "bias"], "out_var_name_list": ["conv_decode1"]}, "dense_softmax_inner_prod": {"index": 20, "var_name": "dense_softmax_inner_prod", "api": "Convolution", "attr_count": 7, "_input_count": 3, "_output_count": 1, "dim": null, "data_type": null, "bias": null, "weight": null, "kernel": null, "in_var_name_list": ["conv_decode1", "filter", "bias"], "out_var_name_list": ["dense_softmax_inner_prod"]}, "loss": {"index": 21, "var_name": "loss", "api": "SoftmaxWithLoss", "attr_count": 4, "_input_count": 2, "_output_count": 1, "dim": null, "data_type": null, "bias": null, "weight": null, "kernel": null, "in_var_name_list": ["dense_softmax_inner_prod", "label"], "out_var_name_list": ["loss"]}, "accuracy": {"index": 22, "var_name": "accuracy", "api": "Accuracy", "attr_count": 0, "_input_count": 2, "_output_count": 2, "dim": null, "data_type": null, "bias": null, "weight": null, "kernel": null, "in_var_name_list": ["dense_softmax_inner_prod", "label"], "out_var_name_list": ["accuracy", "per_class_accuracy"]}}, "node_count": 23, "edge_list": [{"from": ["data", "DenseImageData"], "to": ["norm", "LRN"]}, {"from": ["pool1", "Pooling"], "to": ["upsample1", "Upsample"]}, {"from": ["norm", "LRN"], "to": ["conv1", "Convolution"]}, {"from": ["conv_decode2", "Convolution"], "to": ["upsample1", "Upsample"]}, {"from": ["pool3", "Pooling"], "to": ["conv4", "Convolution"]}, {"from": ["pool1", "Pooling"], "to": ["conv2", "Convolution"]}, {"from": ["pool4", "Pooling"], "to": ["encdrop4", "Dropout"]}, {"from": ["conv2", "Convolution"], "to": ["pool2", "Pooling"]}, {"from": ["upsample1", "Upsample"], "to": ["conv_decode1", "Convolution"]}, {"from": ["pool2", "Pooling"], "to": ["upsample2", "Upsample"]}, {"from": ["conv1", "Convolution"], "to": ["pool1", "Pooling"]}, {"from": ["pool3", "Pooling"], "to": ["upsample3", "Upsample"]}, {"from": ["pool4", "Pooling"], "to": ["upsample4", "Upsample"]}, {"from": ["conv3", "Convolution"], "to": ["pool3", "Pooling"]}, {"from": ["pool3", "Pooling"], "to": ["encdrop3", "Dropout"]}, {"from": ["conv_decode4", "Convolution"], "to": ["upsample3", "Upsample"]}, {"from": ["encdrop4", "Dropout"], "to": ["upsample4", "Upsample"]}, {"from": ["encdrop3", "Dropout"], "to": ["conv4", "Convolution"]}, {"from": ["dense_softmax_inner_prod", "Convolution"], "to": ["loss", "SoftmaxWithLoss"]}, {"from": ["conv_decode1", "Convolution"], "to": ["dense_softmax_inner_prod", "Convolution"]}, {"from": ["upsample3", "Upsample"], "to": ["conv_decode3", "Convolution"]}, {"from": ["conv4", "Convolution"], "to": ["pool4", "Pooling"]}, {"from": ["data", "DenseImageData"], "to": ["loss", "SoftmaxWithLoss"]}, {"from": ["pool2", "Pooling"], "to": ["conv3", "Convolution"]}, {"from": ["data", "DenseImageData"], "to": ["accuracy", "Accuracy"]}, {"from": ["upsample4", "Upsample"], "to": ["conv_decode4", "Convolution"]}, {"from": ["conv_decode3", "Convolution"], "to": ["upsample2", "Upsample"]}, {"from": ["dense_softmax_inner_prod", "Convolution"], "to": ["accuracy", "Accuracy"]}, {"from": ["upsample2", "Upsample"], "to": ["conv_decode2", "Convolution"]}], "edge_count": 29}