{"filename": "chenhong-zhou__@@__OM-Net__@@__1__@@__OM_Net_CGA_deploy.prototxt", "original_file_size": 67630, "netron_file_size": 1588560, "input_dict": {"data_all": {"data_type": 0, "dim": 0}, "zero_branch_3": {"data_type": 0, "dim": 0}}, "output_dict": {}, "node_dict": {"conv_d0a-b": {"index": 0, "var_name": "conv_d0a-b", "api": "Convolution3D", "attr_count": 9, "_input_count": 1, "_output_count": 1, "dim": null, "data_type": null, "bias": null, "weight": null, "kernel": null, "in_var_name_list": ["data_all"], "out_var_name_list": ["d0b"]}, "conv_d0a-b_res_1": {"index": 1, "var_name": "conv_d0a-b_res_1", "api": "Convolution3D", "attr_count": 9, "_input_count": 1, "_output_count": 1, "dim": null, "data_type": null, "bias": null, "weight": null, "kernel": null, "in_var_name_list": ["d0b"], "out_var_name_list": ["d0b_res_1"]}, "conv_d0a-b_res_2": {"index": 2, "var_name": "conv_d0a-b_res_2", "api": "Convolution3D", "attr_count": 9, "_input_count": 1, "_output_count": 1, "dim": null, "data_type": null, "bias": null, "weight": null, "kernel": null, "in_var_name_list": ["d0b_res_1"], "out_var_name_list": ["d0b_res_2"]}, "conv_d0a-b_res_3": {"index": 3, "var_name": "conv_d0a-b_res_3", "api": "Convolution3D", "attr_count": 9, "_input_count": 1, "_output_count": 1, "dim": null, "data_type": null, "bias": null, "weight": null, "kernel": null, "in_var_name_list": ["d0b_res_2"], "out_var_name_list": ["d0b_res_3"]}, "conv_d0a-b_bn_eltwise": {"index": 4, "var_name": "conv_d0a-b_bn_eltwise", "api": "Eltwise", "attr_count": 0, "_input_count": 1, "_output_count": 1, "dim": null, "data_type": null, "bias": null, "weight": null, "kernel": null, "in_var_name_list": ["d0b"], "out_var_name_list": ["d0b_res_all"]}, "conv_d0b-c": {"index": 5, "var_name": "conv_d0b-c", "api": "Convolution3D", "attr_count": 9, "_input_count": 1, "_output_count": 1, "dim": null, "data_type": null, "bias": null, "weight": null, "kernel": null, "in_var_name_list": ["d0b_res_all"], "out_var_name_list": ["d0c"]}, "pool_d0c-1a": {"index": 6, "var_name": "pool_d0c-1a", "api": "Pooling3D", "attr_count": 5, "_input_count": 1, "_output_count": 1, "dim": null, "data_type": null, "bias": null, "weight": null, "kernel": null, "in_var_name_list": ["d0c"], "out_var_name_list": ["d1a"]}, "conv_d1a-b": {"index": 7, "var_name": "conv_d1a-b", "api": "Convolution3D", "attr_count": 9, "_input_count": 1, "_output_count": 1, "dim": null, "data_type": null, "bias": null, "weight": null, "kernel": null, "in_var_name_list": ["d1a"], "out_var_name_list": ["d1b"]}, "conv_d1a-b_res_1": {"index": 8, "var_name": "conv_d1a-b_res_1", "api": "Convolution3D", "attr_count": 9, "_input_count": 1, "_output_count": 1, "dim": null, "data_type": null, "bias": null, "weight": null, "kernel": null, "in_var_name_list": ["d1b"], "out_var_name_list": ["d1b_res_1"]}, "conv_d1a-b_res_2": {"index": 9, "var_name": "conv_d1a-b_res_2", "api": "Convolution3D", "attr_count": 9, "_input_count": 1, "_output_count": 1, "dim": null, "data_type": null, "bias": null, "weight": null, "kernel": null, "in_var_name_list": ["d1b_res_1"], "out_var_name_list": ["d1b_res_2"]}, "conv_d1a-b_res_3": {"index": 10, "var_name": "conv_d1a-b_res_3", "api": "Convolution3D", "attr_count": 9, "_input_count": 1, "_output_count": 1, "dim": null, "data_type": null, "bias": null, "weight": null, "kernel": null, "in_var_name_list": ["d1b_res_2"], "out_var_name_list": ["d1b_res_3"]}, "conv_d1a-b_bn_eltwise": {"index": 11, "var_name": "conv_d1a-b_bn_eltwise", "api": "Eltwise", "attr_count": 0, "_input_count": 1, "_output_count": 1, "dim": null, "data_type": null, "bias": null, "weight": null, "kernel": null, "in_var_name_list": ["d1b"], "out_var_name_list": ["d1b_res_all"]}, "conv_d1b-c": {"index": 12, "var_name": "conv_d1b-c", "api": "Convolution3D", "attr_count": 9, "_input_count": 1, "_output_count": 1, "dim": null, "data_type": null, "bias": null, "weight": null, "kernel": null, "in_var_name_list": ["d1b_res_all"], "out_var_name_list": ["d1c"]}, "pool_d1c-2a": {"index": 13, "var_name": "pool_d1c-2a", "api": "Pooling3D", "attr_count": 5, "_input_count": 1, "_output_count": 1, "dim": null, "data_type": null, "bias": null, "weight": null, "kernel": null, "in_var_name_list": ["d1c"], "out_var_name_list": ["d2a"]}, "conv_d2a-b": {"index": 14, "var_name": "conv_d2a-b", "api": "Convolution3D", "attr_count": 9, "_input_count": 1, "_output_count": 1, "dim": null, "data_type": null, "bias": null, "weight": null, "kernel": null, "in_var_name_list": ["d2a"], "out_var_name_list": ["d2b"]}, "conv_d2a-b_res_1": {"index": 15, "var_name": "conv_d2a-b_res_1", "api": "Convolution3D", "attr_count": 9, "_input_count": 1, "_output_count": 1, "dim": null, "data_type": null, "bias": null, "weight": null, "kernel": null, "in_var_name_list": ["d2b"], "out_var_name_list": ["d2b_res_1"]}, "conv_d2a-b_res_2": {"index": 16, "var_name": "conv_d2a-b_res_2", "api": "Convolution3D", "attr_count": 9, "_input_count": 1, "_output_count": 1, "dim": null, "data_type": null, "bias": null, "weight": null, "kernel": null, "in_var_name_list": ["d2b_res_1"], "out_var_name_list": ["d2b_res_2"]}, "conv_d2a-b_res_3": {"index": 17, "var_name": "conv_d2a-b_res_3", "api": "Convolution3D", "attr_count": 9, "_input_count": 1, "_output_count": 1, "dim": null, "data_type": null, "bias": null, "weight": null, "kernel": null, "in_var_name_list": ["d2b_res_2"], "out_var_name_list": ["d2b_res_3"]}, "conv_d2a-b_bn_eltwise": {"index": 18, "var_name": "conv_d2a-b_bn_eltwise", "api": "Eltwise", "attr_count": 0, "_input_count": 1, "_output_count": 1, "dim": null, "data_type": null, "bias": null, "weight": null, "kernel": null, "in_var_name_list": ["d2b"], "out_var_name_list": ["d2b_res_all"]}, "conv_d2b-c": {"index": 19, "var_name": "conv_d2b-c", "api": "Convolution3D", "attr_count": 9, "_input_count": 1, "_output_count": 1, "dim": null, "data_type": null, "bias": null, "weight": null, "kernel": null, "in_var_name_list": ["d2b_res_all"], "out_var_name_list": ["d2c"]}, "pool_d2c-3a": {"index": 20, "var_name": "pool_d2c-3a", "api": "Pooling3D", "attr_count": 5, "_input_count": 1, "_output_count": 1, "dim": null, "data_type": null, "bias": null, "weight": null, "kernel": null, "in_var_name_list": ["d2c"], "out_var_name_list": ["d3a"]}, "conv_d3a-b": {"index": 21, "var_name": "conv_d3a-b", "api": "Convolution3D", "attr_count": 9, "_input_count": 1, "_output_count": 1, "dim": null, "data_type": null, "bias": null, "weight": null, "kernel": null, "in_var_name_list": ["d3a"], "out_var_name_list": ["d3b"]}, "conv_d3a-b_res_1": {"index": 22, "var_name": "conv_d3a-b_res_1", "api": "Convolution3D", "attr_count": 9, "_input_count": 1, "_output_count": 1, "dim": null, "data_type": null, "bias": null, "weight": null, "kernel": null, "in_var_name_list": ["d3b"], "out_var_name_list": ["d3b_res_1"]}, "conv_d3a-b_res_2": {"index": 23, "var_name": "conv_d3a-b_res_2", "api": "Convolution3D", "attr_count": 9, "_input_count": 1, "_output_count": 1, "dim": null, "data_type": null, "bias": null, "weight": null, "kernel": null, "in_var_name_list": ["d3b_res_1"], "out_var_name_list": ["d3b_res_2"]}, "conv_d3a-b_res_3": {"index": 24, "var_name": "conv_d3a-b_res_3", "api": "Convolution3D", "attr_count": 9, "_input_count": 1, "_output_count": 1, "dim": null, "data_type": null, "bias": null, "weight": null, "kernel": null, "in_var_name_list": ["d3b_res_2"], "out_var_name_list": ["d3b_res_3"]}, "conv_d3a-b_bn_eltwise": {"index": 25, "var_name": "conv_d3a-b_bn_eltwise", "api": "Eltwise", "attr_count": 0, "_input_count": 1, "_output_count": 1, "dim": null, "data_type": null, "bias": null, "weight": null, "kernel": null, "in_var_name_list": ["d3b"], "out_var_name_list": ["d3b_res_all"]}, "conv_d3b-c": {"index": 26, "var_name": "conv_d3b-c", "api": "Convolution3D", "attr_count": 9, "_input_count": 1, "_output_count": 1, "dim": null, "data_type": null, "bias": null, "weight": null, "kernel": null, "in_var_name_list": ["d3b_res_all"], "out_var_name_list": ["d3c"]}, "upconv_u3d_u2a": {"index": 27, "var_name": "upconv_u3d_u2a", "api": "Deconvolution3D", "attr_count": 9, "_input_count": 1, "_output_count": 1, "dim": null, "data_type": null, "bias": null, "weight": null, "kernel": null, "in_var_name_list": ["d3c"], "out_var_name_list": ["u2a"]}, "conv_d2cc_u2a-b_eltwise": {"index": 28, "var_name": "conv_d2cc_u2a-b_eltwise", "api": "Eltwise", "attr_count": 0, "_input_count": 1, "_output_count": 1, "dim": null, "data_type": null, "bias": null, "weight": null, "kernel": null, "in_var_name_list": ["u2a"], "out_var_name_list": ["u2b"]}, "conv_u2b-c": {"index": 29, "var_name": "conv_u2b-c", "api": "Convolution3D", "attr_count": 9, "_input_count": 1, "_output_count": 1, "dim": null, "data_type": null, "bias": null, "weight": null, "kernel": null, "in_var_name_list": ["u2b"], "out_var_name_list": ["u2c"]}, "conv_u2b-c_res_1": {"index": 30, "var_name": "conv_u2b-c_res_1", "api": "Convolution3D", "attr_count": 9, "_input_count": 1, "_output_count": 1, "dim": null, "data_type": null, "bias": null, "weight": null, "kernel": null, "in_var_name_list": ["u2c"], "out_var_name_list": ["u2c_res_1"]}, "conv_u2b-c_res_2": {"index": 31, "var_name": "conv_u2b-c_res_2", "api": "Convolution3D", "attr_count": 9, "_input_count": 1, "_output_count": 1, "dim": null, "data_type": null, "bias": null, "weight": null, "kernel": null, "in_var_name_list": ["u2c_res_1"], "out_var_name_list": ["u2c_res_2"]}, "conv_u2b-c_res_3": {"index": 32, "var_name": "conv_u2b-c_res_3", "api": "Convolution3D", "attr_count": 9, "_input_count": 1, "_output_count": 1, "dim": null, "data_type": null, "bias": null, "weight": null, "kernel": null, "in_var_name_list": ["u2c_res_2"], "out_var_name_list": ["u2c_res_3"]}, "conv_u2b-c_bn_eltwise": {"index": 33, "var_name": "conv_u2b-c_bn_eltwise", "api": "Eltwise", "attr_count": 0, "_input_count": 1, "_output_count": 1, "dim": null, "data_type": null, "bias": null, "weight": null, "kernel": null, "in_var_name_list": ["u2c"], "out_var_name_list": ["u2c_res_all"]}, "conv_u2c-d": {"index": 34, "var_name": "conv_u2c-d", "api": "Convolution3D", "attr_count": 9, "_input_count": 1, "_output_count": 1, "dim": null, "data_type": null, "bias": null, "weight": null, "kernel": null, "in_var_name_list": ["u2c_res_all"], "out_var_name_list": ["u2d"]}, "upconv_u2d_u1a": {"index": 35, "var_name": "upconv_u2d_u1a", "api": "Deconvolution3D", "attr_count": 9, "_input_count": 1, "_output_count": 1, "dim": null, "data_type": null, "bias": null, "weight": null, "kernel": null, "in_var_name_list": ["u2d"], "out_var_name_list": ["u1a"]}, "conv_d1cc_u1a-b_eltwise": {"index": 36, "var_name": "conv_d1cc_u1a-b_eltwise", "api": "Eltwise", "attr_count": 0, "_input_count": 1, "_output_count": 1, "dim": null, "data_type": null, "bias": null, "weight": null, "kernel": null, "in_var_name_list": ["u1a"], "out_var_name_list": ["u1b"]}, "conv_u1b-c": {"index": 37, "var_name": "conv_u1b-c", "api": "Convolution3D", "attr_count": 9, "_input_count": 1, "_output_count": 1, "dim": null, "data_type": null, "bias": null, "weight": null, "kernel": null, "in_var_name_list": ["u1b"], "out_var_name_list": ["u1c"]}, "conv_u1b-c_res_1": {"index": 38, "var_name": "conv_u1b-c_res_1", "api": "Convolution3D", "attr_count": 9, "_input_count": 1, "_output_count": 1, "dim": null, "data_type": null, "bias": null, "weight": null, "kernel": null, "in_var_name_list": ["u1c"], "out_var_name_list": ["u1c_res_1"]}, "conv_u1b-c_res_2": {"index": 39, "var_name": "conv_u1b-c_res_2", "api": "Convolution3D", "attr_count": 9, "_input_count": 1, "_output_count": 1, "dim": null, "data_type": null, "bias": null, "weight": null, "kernel": null, "in_var_name_list": ["u1c_res_1"], "out_var_name_list": ["u1c_res_2"]}, "conv_u1b-c_res_3": {"index": 40, "var_name": "conv_u1b-c_res_3", "api": "Convolution3D", "attr_count": 9, "_input_count": 1, "_output_count": 1, "dim": null, "data_type": null, "bias": null, "weight": null, "kernel": null, "in_var_name_list": ["u1c_res_2"], "out_var_name_list": ["u1c_res_3"]}, "conv_u1b-c_bn_eltwise": {"index": 41, "var_name": "conv_u1b-c_bn_eltwise", "api": "Eltwise", "attr_count": 0, "_input_count": 1, "_output_count": 1, "dim": null, "data_type": null, "bias": null, "weight": null, "kernel": null, "in_var_name_list": ["u1c"], "out_var_name_list": ["u1c_res_all"]}, "conv_u1c-d": {"index": 42, "var_name": "conv_u1c-d", "api": "Convolution3D", "attr_count": 9, "_input_count": 1, "_output_count": 1, "dim": null, "data_type": null, "bias": null, "weight": null, "kernel": null, "in_var_name_list": ["u1c_res_all"], "out_var_name_list": ["u1d"]}, "upconv_u1d_u0a": {"index": 43, "var_name": "upconv_u1d_u0a", "api": "Deconvolution3D", "attr_count": 9, "_input_count": 1, "_output_count": 1, "dim": null, "data_type": null, "bias": null, "weight": null, "kernel": null, "in_var_name_list": ["u1d"], "out_var_name_list": ["u0a"]}, "conv_d0cc_u0a-b_eltwise": {"index": 44, "var_name": "conv_d0cc_u0a-b_eltwise", "api": "Eltwise", "attr_count": 0, "_input_count": 1, "_output_count": 1, "dim": null, "data_type": null, "bias": null, "weight": null, "kernel": null, "in_var_name_list": ["u0a"], "out_var_name_list": ["u0b"]}, "conv_u0b-c": {"index": 45, "var_name": "conv_u0b-c", "api": "Convolution3D", "attr_count": 9, "_input_count": 1, "_output_count": 1, "dim": null, "data_type": null, "bias": null, "weight": null, "kernel": null, "in_var_name_list": ["u0b"], "out_var_name_list": ["u0c"]}, "conv_u0b-c_res_1": {"index": 46, "var_name": "conv_u0b-c_res_1", "api": "Convolution3D", "attr_count": 9, "_input_count": 1, "_output_count": 1, "dim": null, "data_type": null, "bias": null, "weight": null, "kernel": null, "in_var_name_list": ["u0c"], "out_var_name_list": ["u0c_res_1"]}, "conv_u0b-c_res_2": {"index": 47, "var_name": "conv_u0b-c_res_2", "api": "Convolution3D", "attr_count": 9, "_input_count": 1, "_output_count": 1, "dim": null, "data_type": null, "bias": null, "weight": null, "kernel": null, "in_var_name_list": ["u0c_res_1"], "out_var_name_list": ["u0c_res_2"]}, "conv_u0b-c_res_3": {"index": 48, "var_name": "conv_u0b-c_res_3", "api": "Convolution3D", "attr_count": 9, "_input_count": 1, "_output_count": 1, "dim": null, "data_type": null, "bias": null, "weight": null, "kernel": null, "in_var_name_list": ["u0c_res_2"], "out_var_name_list": ["u0c_res_3"]}, "conv_u0b-c_bn_eltwise": {"index": 49, "var_name": "conv_u0b-c_bn_eltwise", "api": "Eltwise", "attr_count": 0, "_input_count": 1, "_output_count": 1, "dim": null, "data_type": null, "bias": null, "weight": null, "kernel": null, "in_var_name_list": ["u0c"], "out_var_name_list": ["u0c_res_all"]}, "conv_u0c-d_1": {"index": 50, "var_name": "conv_u0c-d_1", "api": "Convolution3D", "attr_count": 9, "_input_count": 1, "_output_count": 1, "dim": null, "data_type": null, "bias": null, "weight": null, "kernel": null, "in_var_name_list": ["u0c_res_all"], "out_var_name_list": ["u0d_1"]}, "score_complete_xin": {"index": 51, "var_name": "score_complete_xin", "api": "Convolution3D", "attr_count": 9, "_input_count": 1, "_output_count": 1, "dim": null, "data_type": null, "bias": null, "weight": null, "kernel": null, "in_var_name_list": ["u0d_1"], "out_var_name_list": ["score_complete"]}, "prob_score_complete": {"index": 52, "var_name": "prob_score_complete", "api": "Softmax", "attr_count": 1, "_input_count": 1, "_output_count": 1, "dim": null, "data_type": null, "bias": null, "weight": null, "kernel": null, "in_var_name_list": ["score_complete"], "out_var_name_list": ["prob_complete_all"]}, "Slice_prob_complete_all_branch2": {"index": 53, "var_name": "Slice_prob_complete_all_branch2", "api": "Slice", "attr_count": 1, "_input_count": 1, "_output_count": 1, "dim": null, "data_type": null, "bias": null, "weight": null, "kernel": null, "in_var_name_list": ["prob_complete_all"], "out_var_name_list": ["prob_complete_branch2_prob1"]}, "eltwise_prob_complete_branch2_tumor": {"index": 54, "var_name": "eltwise_prob_complete_branch2_tumor", "api": "Eltwise", "attr_count": 1, "_input_count": 1, "_output_count": 1, "dim": null, "data_type": null, "bias": null, "weight": null, "kernel": null, "in_var_name_list": ["prob_complete_branch2_prob2"], "out_var_name_list": ["prob_complete_branch2_tumor"]}, "eltwise_prob_complete_branch2_fei_tumor": {"index": 55, "var_name": "eltwise_prob_complete_branch2_fei_tumor", "api": "Eltwise", "attr_count": 1, "_input_count": 1, "_output_count": 1, "dim": null, "data_type": null, "bias": null, "weight": null, "kernel": null, "in_var_name_list": ["prob_complete_branch2_prob1"], "out_var_name_list": ["prob_complete_branch2_fei_tumor"]}, "concat_prob_complete_branch2": {"index": 56, "var_name": "concat_prob_complete_branch2", "api": "Concat", "attr_count": 0, "_input_count": 1, "_output_count": 1, "dim": null, "data_type": null, "bias": null, "weight": null, "kernel": null, "in_var_name_list": ["prob_complete_branch2_fei_tumor"], "out_var_name_list": ["concat_prob_complete_branch2"]}, "reshape_concat_prob_complete_branch2": {"index": 57, "var_name": "reshape_concat_prob_complete_branch2", "api": "Reshape", "attr_count": 1, "_input_count": 1, "_output_count": 1, "dim": null, "data_type": null, "bias": null, "weight": null, "kernel": null, "in_var_name_list": ["concat_prob_complete_branch2"], "out_var_name_list": ["reshape_concat_prob_complete_branch2"]}, "reshape_feature_2": {"index": 58, "var_name": "reshape_feature_2", "api": "Reshape", "attr_count": 1, "_input_count": 1, "_output_count": 1, "dim": null, "data_type": null, "bias": null, "weight": null, "kernel": null, "in_var_name_list": ["u0c_res_all"], "out_var_name_list": ["reshape_u0c_res_all_2"]}, "matrix_feature_p_branch2": {"index": 59, "var_name": "matrix_feature_p_branch2", "api": "MatrixMultiplicationYt", "attr_count": 0, "_input_count": 2, "_output_count": 1, "dim": null, "data_type": null, "bias": null, "weight": null, "kernel": null, "in_var_name_list": ["reshape_concat_prob_complete_branch2", "reshape_u0c_res_all_2"], "out_var_name_list": ["matrix_feature_p_branch2"]}, "l1normalize_matrix_feature_p_branch2": {"index": 60, "var_name": "l1normalize_matrix_feature_p_branch2", "api": "L1MatrixNormalize", "attr_count": 0, "_input_count": 1, "_output_count": 1, "dim": null, "data_type": null, "bias": null, "weight": null, "kernel": null, "in_var_name_list": ["matrix_feature_p_branch2"], "out_var_name_list": ["l1normalize_matrix_feature_p_branch2"]}, "l1normalize_matrix_feature_p_branch2_slice": {"index": 61, "var_name": "l1normalize_matrix_feature_p_branch2_slice", "api": "Slice", "attr_count": 1, "_input_count": 1, "_output_count": 1, "dim": null, "data_type": null, "bias": null, "weight": null, "kernel": null, "in_var_name_list": ["l1normalize_matrix_feature_p_branch2"], "out_var_name_list": ["l1normalize_matrix_feature_p_branch2_fei_tumor"]}, "reshape_l1normalize_matrix_feature_p_branch2_fei_tumor": {"index": 62, "var_name": "reshape_l1normalize_matrix_feature_p_branch2_fei_tumor", "api": "Reshape", "attr_count": 1, "_input_count": 1, "_output_count": 1, "dim": null, "data_type": null, "bias": null, "weight": null, "kernel": null, "in_var_name_list": ["l1normalize_matrix_feature_p_branch2_fei_tumor"], "out_var_name_list": ["reshape_l1normalize_matrix_feature_p_branch2_fei_tumor"]}, "reshape_l1normalize_matrix_feature_p_branch2_tumor": {"index": 63, "var_name": "reshape_l1normalize_matrix_feature_p_branch2_tumor", "api": "Reshape", "attr_count": 1, "_input_count": 1, "_output_count": 1, "dim": null, "data_type": null, "bias": null, "weight": null, "kernel": null, "in_var_name_list": ["l1normalize_matrix_feature_p_branch2_tumor"], "out_var_name_list": ["reshape_l1normalize_matrix_feature_p_branch2_tumor"]}, "Axpy3D_branch2_fei_tumor": {"index": 64, "var_name": "Axpy3D_branch2_fei_tumor", "api": "Axpy3D", "attr_count": 0, "_input_count": 3, "_output_count": 1, "dim": null, "data_type": null, "bias": null, "weight": null, "kernel": null, "in_var_name_list": ["reshape_l1normalize_matrix_feature_p_branch2_fei_tumor", "u0c_res_all", "zero_branch_3"], "out_var_name_list": ["Axpy3D_branch2_fei_tumor"]}, "score_core_fei_tumor": {"index": 65, "var_name": "score_core_fei_tumor", "api": "Convolution3D", "attr_count": 9, "_input_count": 1, "_output_count": 1, "dim": null, "data_type": null, "bias": null, "weight": null, "kernel": null, "in_var_name_list": ["Axpy3D_branch2_fei_tumor"], "out_var_name_list": ["score_core_fei_tumor"]}, "Axpy3D_branch2_tumor": {"index": 66, "var_name": "Axpy3D_branch2_tumor", "api": "Axpy3D", "attr_count": 0, "_input_count": 3, "_output_count": 1, "dim": null, "data_type": null, "bias": null, "weight": null, "kernel": null, "in_var_name_list": ["reshape_l1normalize_matrix_feature_p_branch2_tumor", "u0c_res_all", "zero_branch_3"], "out_var_name_list": ["Axpy3D_branch2_tumor"]}, "score_core_tumor": {"index": 67, "var_name": "score_core_tumor", "api": "Convolution3D", "attr_count": 9, "_input_count": 1, "_output_count": 1, "dim": null, "data_type": null, "bias": null, "weight": null, "kernel": null, "in_var_name_list": ["Axpy3D_branch2_tumor"], "out_var_name_list": ["score_core_tumor"]}, "Tile_prob_complete_branch2_fei_tumor": {"index": 68, "var_name": "Tile_prob_complete_branch2_fei_tumor", "api": "Tile", "attr_count": 1, "_input_count": 1, "_output_count": 1, "dim": null, "data_type": null, "bias": null, "weight": null, "kernel": null, "in_var_name_list": ["prob_complete_branch2_fei_tumor"], "out_var_name_list": ["Tile_prob_complete_branch2_fei_tumor"]}, "prod_score_core_fei_tumor_p": {"index": 69, "var_name": "prod_score_core_fei_tumor_p", "api": "Eltwise", "attr_count": 2, "_input_count": 1, "_output_count": 1, "dim": null, "data_type": null, "bias": null, "weight": null, "kernel": null, "in_var_name_list": ["score_core_fei_tumor"], "out_var_name_list": ["prod_score_core_fei_tumor_p"]}, "Tile_prob_complete_branch2_tumor": {"index": 70, "var_name": "Tile_prob_complete_branch2_tumor", "api": "Tile", "attr_count": 1, "_input_count": 1, "_output_count": 1, "dim": null, "data_type": null, "bias": null, "weight": null, "kernel": null, "in_var_name_list": ["prob_complete_branch2_tumor"], "out_var_name_list": ["Tile_prob_complete_branch2_tumor"]}, "prod_score_core_tumor_p": {"index": 71, "var_name": "prod_score_core_tumor_p", "api": "Eltwise", "attr_count": 2, "_input_count": 1, "_output_count": 1, "dim": null, "data_type": null, "bias": null, "weight": null, "kernel": null, "in_var_name_list": ["score_core_tumor"], "out_var_name_list": ["prod_score_core_tumor_p"]}, "prod_score_core_two_pathway": {"index": 72, "var_name": "prod_score_core_two_pathway", "api": "Eltwise", "attr_count": 1, "_input_count": 1, "_output_count": 1, "dim": null, "data_type": null, "bias": null, "weight": null, "kernel": null, "in_var_name_list": ["prod_score_core_fei_tumor_p"], "out_var_name_list": ["prod_score_core_two_pathway"]}, "score_core_final": {"index": 73, "var_name": "score_core_final", "api": "Convolution3D", "attr_count": 9, "_input_count": 1, "_output_count": 1, "dim": null, "data_type": null, "bias": null, "weight": null, "kernel": null, "in_var_name_list": ["prod_score_core_two_pathway"], "out_var_name_list": ["score_core_final"]}, "prob_core_all": {"index": 74, "var_name": "prob_core_all", "api": "Softmax", "attr_count": 1, "_input_count": 1, "_output_count": 1, "dim": null, "data_type": null, "bias": null, "weight": null, "kernel": null, "in_var_name_list": ["score_core_final"], "out_var_name_list": ["prob_core_all"]}, "Slice_prob_enh_branch3": {"index": 75, "var_name": "Slice_prob_enh_branch3", "api": "Slice", "attr_count": 1, "_input_count": 1, "_output_count": 1, "dim": null, "data_type": null, "bias": null, "weight": null, "kernel": null, "in_var_name_list": ["prob_core_all"], "out_var_name_list": ["prob_enh_branch3_prob1"]}, "eltwise_prob_enh_branch3_core": {"index": 76, "var_name": "eltwise_prob_enh_branch3_core", "api": "Eltwise", "attr_count": 1, "_input_count": 1, "_output_count": 1, "dim": null, "data_type": null, "bias": null, "weight": null, "kernel": null, "in_var_name_list": ["prob_enh_branch3_prob2"], "out_var_name_list": ["prob_enh_branch3_core"]}, "eltwise_prob_enh_branch3_fei_core": {"index": 77, "var_name": "eltwise_prob_enh_branch3_fei_core", "api": "Eltwise", "attr_count": 1, "_input_count": 1, "_output_count": 1, "dim": null, "data_type": null, "bias": null, "weight": null, "kernel": null, "in_var_name_list": ["prob_enh_branch3_prob1"], "out_var_name_list": ["prob_enh_branch3_fei_core"]}, "concat_prob_enh_branch3": {"index": 78, "var_name": "concat_prob_enh_branch3", "api": "Concat", "attr_count": 0, "_input_count": 1, "_output_count": 1, "dim": null, "data_type": null, "bias": null, "weight": null, "kernel": null, "in_var_name_list": ["prob_enh_branch3_fei_core"], "out_var_name_list": ["concat_prob_enh_branch3"]}, "reshape_concat_prob_enh_branch3": {"index": 79, "var_name": "reshape_concat_prob_enh_branch3", "api": "Reshape", "attr_count": 1, "_input_count": 1, "_output_count": 1, "dim": null, "data_type": null, "bias": null, "weight": null, "kernel": null, "in_var_name_list": ["concat_prob_enh_branch3"], "out_var_name_list": ["reshape_concat_prob_enh_branch3"]}, "reshape_feature_3": {"index": 80, "var_name": "reshape_feature_3", "api": "Reshape", "attr_count": 1, "_input_count": 1, "_output_count": 1, "dim": null, "data_type": null, "bias": null, "weight": null, "kernel": null, "in_var_name_list": ["u0c_res_all"], "out_var_name_list": ["reshape_u0c_res_all"]}, "matrix_feature_p_branch3": {"index": 81, "var_name": "matrix_feature_p_branch3", "api": "MatrixMultiplicationYt", "attr_count": 0, "_input_count": 2, "_output_count": 1, "dim": null, "data_type": null, "bias": null, "weight": null, "kernel": null, "in_var_name_list": ["reshape_concat_prob_enh_branch3", "reshape_u0c_res_all"], "out_var_name_list": ["matrix_feature_p_branch3"]}, "l1normalize_matrix_feature_p_branch3": {"index": 82, "var_name": "l1normalize_matrix_feature_p_branch3", "api": "L1MatrixNormalize", "attr_count": 0, "_input_count": 1, "_output_count": 1, "dim": null, "data_type": null, "bias": null, "weight": null, "kernel": null, "in_var_name_list": ["matrix_feature_p_branch3"], "out_var_name_list": ["l1normalize_matrix_feature_p_branch3"]}, "l1normalize_matrix_feature_p_branch3_slice": {"index": 83, "var_name": "l1normalize_matrix_feature_p_branch3_slice", "api": "Slice", "attr_count": 1, "_input_count": 1, "_output_count": 1, "dim": null, "data_type": null, "bias": null, "weight": null, "kernel": null, "in_var_name_list": ["l1normalize_matrix_feature_p_branch3"], "out_var_name_list": ["l1normalize_matrix_feature_p_branch3_fei_core"]}, "reshape_l1normalize_matrix_feature_p_branch3_fei_core": {"index": 84, "var_name": "reshape_l1normalize_matrix_feature_p_branch3_fei_core", "api": "Reshape", "attr_count": 1, "_input_count": 1, "_output_count": 1, "dim": null, "data_type": null, "bias": null, "weight": null, "kernel": null, "in_var_name_list": ["l1normalize_matrix_feature_p_branch3_fei_core"], "out_var_name_list": ["reshape_l1normalize_matrix_feature_p_branch3_fei_core"]}, "reshape_l1normalize_matrix_feature_p_branch3_core": {"index": 85, "var_name": "reshape_l1normalize_matrix_feature_p_branch3_core", "api": "Reshape", "attr_count": 1, "_input_count": 1, "_output_count": 1, "dim": null, "data_type": null, "bias": null, "weight": null, "kernel": null, "in_var_name_list": ["l1normalize_matrix_feature_p_branch3_core"], "out_var_name_list": ["reshape_l1normalize_matrix_feature_p_branch3_core"]}, "Axpy3D_branch3_fei_core": {"index": 86, "var_name": "Axpy3D_branch3_fei_core", "api": "Axpy3D", "attr_count": 0, "_input_count": 3, "_output_count": 1, "dim": null, "data_type": null, "bias": null, "weight": null, "kernel": null, "in_var_name_list": ["reshape_l1normalize_matrix_feature_p_branch3_fei_core", "u0c_res_all", "zero_branch_3"], "out_var_name_list": ["Axpy3D_branch3_fei_core"]}, "score_enh_fei_core": {"index": 87, "var_name": "score_enh_fei_core", "api": "Convolution3D", "attr_count": 9, "_input_count": 1, "_output_count": 1, "dim": null, "data_type": null, "bias": null, "weight": null, "kernel": null, "in_var_name_list": ["Axpy3D_branch3_fei_core"], "out_var_name_list": ["score_enh_fei_core"]}, "Axpy3D_branch3_core": {"index": 88, "var_name": "Axpy3D_branch3_core", "api": "Axpy3D", "attr_count": 0, "_input_count": 3, "_output_count": 1, "dim": null, "data_type": null, "bias": null, "weight": null, "kernel": null, "in_var_name_list": ["reshape_l1normalize_matrix_feature_p_branch3_core", "u0c_res_all", "zero_branch_3"], "out_var_name_list": ["Axpy3D_branch3_core"]}, "score_enh_core": {"index": 89, "var_name": "score_enh_core", "api": "Convolution3D", "attr_count": 9, "_input_count": 1, "_output_count": 1, "dim": null, "data_type": null, "bias": null, "weight": null, "kernel": null, "in_var_name_list": ["Axpy3D_branch3_core"], "out_var_name_list": ["score_enh_core"]}, "Tile_prob_enh_branch3_fei_core": {"index": 90, "var_name": "Tile_prob_enh_branch3_fei_core", "api": "Tile", "attr_count": 1, "_input_count": 1, "_output_count": 1, "dim": null, "data_type": null, "bias": null, "weight": null, "kernel": null, "in_var_name_list": ["prob_enh_branch3_fei_core"], "out_var_name_list": ["Tile_prob_enh_branch3_fei_core"]}, "prod_score_enh_fei_core_p": {"index": 91, "var_name": "prod_score_enh_fei_core_p", "api": "Eltwise", "attr_count": 2, "_input_count": 1, "_output_count": 1, "dim": null, "data_type": null, "bias": null, "weight": null, "kernel": null, "in_var_name_list": ["score_enh_fei_core"], "out_var_name_list": ["prod_score_enh_fei_core_p"]}, "Tile_prob_enh_branch3_core": {"index": 92, "var_name": "Tile_prob_enh_branch3_core", "api": "Tile", "attr_count": 1, "_input_count": 1, "_output_count": 1, "dim": null, "data_type": null, "bias": null, "weight": null, "kernel": null, "in_var_name_list": ["prob_enh_branch3_core"], "out_var_name_list": ["Tile_prob_enh_branch3_core"]}, "prod_score_enh_core_p": {"index": 93, "var_name": "prod_score_enh_core_p", "api": "Eltwise", "attr_count": 2, "_input_count": 1, "_output_count": 1, "dim": null, "data_type": null, "bias": null, "weight": null, "kernel": null, "in_var_name_list": ["score_enh_core"], "out_var_name_list": ["prod_score_enh_core_p"]}, "prod_score_enh_two_pathway": {"index": 94, "var_name": "prod_score_enh_two_pathway", "api": "Eltwise", "attr_count": 1, "_input_count": 1, "_output_count": 1, "dim": null, "data_type": null, "bias": null, "weight": null, "kernel": null, "in_var_name_list": ["prod_score_enh_fei_core_p"], "out_var_name_list": ["prod_score_enh_two_pathway"]}, "score_enh_final": {"index": 95, "var_name": "score_enh_final", "api": "Convolution3D", "attr_count": 9, "_input_count": 1, "_output_count": 1, "dim": null, "data_type": null, "bias": null, "weight": null, "kernel": null, "in_var_name_list": ["prod_score_enh_two_pathway"], "out_var_name_list": ["score_enh_final"]}, "prob1": {"index": 96, "var_name": "prob1", "api": "Softmax", "attr_count": 1, "_input_count": 1, "_output_count": 1, "dim": null, "data_type": null, "bias": null, "weight": null, "kernel": null, "in_var_name_list": ["score_complete"], "out_var_name_list": ["prob1"]}, "prob2": {"index": 97, "var_name": "prob2", "api": "Softmax", "attr_count": 1, "_input_count": 1, "_output_count": 1, "dim": null, "data_type": null, "bias": null, "weight": null, "kernel": null, "in_var_name_list": ["score_core_final"], "out_var_name_list": ["prob2"]}, "prob3": {"index": 98, "var_name": "prob3", "api": "Softmax", "attr_count": 1, "_input_count": 1, "_output_count": 1, "dim": null, "data_type": null, "bias": null, "weight": null, "kernel": null, "in_var_name_list": ["score_enh_final"], "out_var_name_list": ["prob3"]}}, "node_count": 99, "edge_list": [{"from": ["conv_d0cc_u0a-b_eltwise", "Eltwise"], "to": ["conv_u0b-c", "Convolution3D"]}, {"from": ["conv_u0b-c_bn_eltwise", "Eltwise"], "to": ["Axpy3D_branch3_core", "Axpy3D"]}, {"from": ["prob_core_all", "Softmax"], "to": ["Slice_prob_enh_branch3", "Slice"]}, {"from": ["conv_d2a-b", "Convolution3D"], "to": ["conv_d2a-b_res_1", "Convolution3D"]}, {"from": ["pool_d2c-3a", "Pooling3D"], "to": ["conv_d3a-b", "Convolution3D"]}, {"from": ["reshape_feature_2", "Reshape"], "to": ["matrix_feature_p_branch2", "MatrixMultiplicationYt"]}, {"from": ["score_core_final", "Convolution3D"], "to": ["prob2", "Softmax"]}, {"from": ["eltwise_prob_enh_branch3_fei_core", "Eltwise"], "to": ["Tile_prob_enh_branch3_fei_core", "Tile"]}, {"from": ["conv_d3a-b_bn_eltwise", "Eltwise"], "to": ["conv_d3b-c", "Convolution3D"]}, {"from": ["score_core_tumor", "Convolution3D"], "to": ["prod_score_core_tumor_p", "Eltwise"]}, {"from": ["conv_d1a-b_res_1", "Convolution3D"], "to": ["conv_d1a-b_res_2", "Convolution3D"]}, {"from": ["reshape_l1normalize_matrix_feature_p_branch3_core", "Reshape"], "to": ["Axpy3D_branch3_core", "Axpy3D"]}, {"from": ["conv_d1a-b_res_2", "Convolution3D"], "to": ["conv_d1a-b_res_3", "Convolution3D"]}, {"from": ["reshape_l1normalize_matrix_feature_p_branch3_fei_core", "Reshape"], "to": ["Axpy3D_branch3_fei_core", "Axpy3D"]}, {"from": ["score_core_fei_tumor", "Convolution3D"], "to": ["prod_score_core_fei_tumor_p", "Eltwise"]}, {"from": ["conv_u2b-c_res_1", "Convolution3D"], "to": ["conv_u2b-c_res_2", "Convolution3D"]}, {"from": ["conv_u1c-d", "Convolution3D"], "to": ["upconv_u1d_u0a", "Deconvolution3D"]}, {"from": ["conv_u0b-c_res_1", "Convolution3D"], "to": ["conv_u0b-c_res_2", "Convolution3D"]}, {"from": ["conv_d2b-c", "Convolution3D"], "to": ["pool_d2c-3a", "Pooling3D"]}, {"from": ["conv_u0b-c", "Convolution3D"], "to": ["conv_u0b-c_bn_eltwise", "Eltwise"]}, {"from": ["Axpy3D_branch3_fei_core", "Axpy3D"], "to": ["score_enh_fei_core", "Convolution3D"]}, {"from": ["Axpy3D_branch2_fei_tumor", "Axpy3D"], "to": ["score_core_fei_tumor", "Convolution3D"]}, {"from": ["reshape_concat_prob_enh_branch3", "Reshape"], "to": ["matrix_feature_p_branch3", "MatrixMultiplicationYt"]}, {"from": ["eltwise_prob_complete_branch2_fei_tumor", "Eltwise"], "to": ["Tile_prob_complete_branch2_fei_tumor", "Tile"]}, {"from": ["conv_d0a-b", "Convolution3D"], "to": ["conv_d0a-b_bn_eltwise", "Eltwise"]}, {"from": ["conv_u0b-c_bn_eltwise", "Eltwise"], "to": ["conv_u0c-d_1", "Convolution3D"]}, {"from": ["score_enh_fei_core", "Convolution3D"], "to": ["prod_score_enh_fei_core_p", "Eltwise"]}, {"from": ["score_enh_core", "Convolution3D"], "to": ["prod_score_enh_core_p", "Eltwise"]}, {"from": ["conv_u1b-c_bn_eltwise", "Eltwise"], "to": ["conv_u1c-d", "Convolution3D"]}, {"from": ["conv_u0b-c_bn_eltwise", "Eltwise"], "to": ["Axpy3D_branch2_fei_tumor", "Axpy3D"]}, {"from": ["l1normalize_matrix_feature_p_branch3", "L1MatrixNormalize"], "to": ["l1normalize_matrix_feature_p_branch3_slice", "Slice"]}, {"from": ["eltwise_prob_enh_branch3_fei_core", "Eltwise"], "to": ["concat_prob_enh_branch3", "Concat"]}, {"from": ["conv_u2b-c", "Convolution3D"], "to": ["conv_u2b-c_bn_eltwise", "Eltwise"]}, {"from": ["conv_u0b-c", "Convolution3D"], "to": ["conv_u0b-c_res_1", "Convolution3D"]}, {"from": ["conv_d0a-b_res_2", "Convolution3D"], "to": ["conv_d0a-b_res_3", "Convolution3D"]}, {"from": ["conv_d1a-b_bn_eltwise", "Eltwise"], "to": ["conv_d1b-c", "Convolution3D"]}, {"from": ["eltwise_prob_enh_branch3_core", "Eltwise"], "to": ["Tile_prob_enh_branch3_core", "Tile"]}, {"from": ["prod_score_enh_fei_core_p", "Eltwise"], "to": ["prod_score_enh_two_pathway", "Eltwise"]}, {"from": ["conv_d3a-b", "Convolution3D"], "to": ["conv_d3a-b_bn_eltwise", "Eltwise"]}, {"from": ["prod_score_core_two_pathway", "Eltwise"], "to": ["score_core_final", "Convolution3D"]}, {"from": ["conv_d3a-b_res_2", "Convolution3D"], "to": ["conv_d3a-b_res_3", "Convolution3D"]}, {"from": ["prod_score_core_fei_tumor_p", "Eltwise"], "to": ["prod_score_core_two_pathway", "Eltwise"]}, {"from": ["concat_prob_enh_branch3", "Concat"], "to": ["reshape_concat_prob_enh_branch3", "Reshape"]}, {"from": ["prob_score_complete", "Softmax"], "to": ["Slice_prob_complete_all_branch2", "Slice"]}, {"from": ["conv_u0b-c_bn_eltwise", "Eltwise"], "to": ["Axpy3D_branch3_fei_core", "Axpy3D"]}, {"from": ["Slice_prob_enh_branch3", "Slice"], "to": ["eltwise_prob_enh_branch3_fei_core", "Eltwise"]}, {"from": ["conv_u0b-c_res_2", "Convolution3D"], "to": ["conv_u0b-c_res_3", "Convolution3D"]}, {"from": ["reshape_feature_3", "Reshape"], "to": ["matrix_feature_p_branch3", "MatrixMultiplicationYt"]}, {"from": ["Axpy3D_branch2_tumor", "Axpy3D"], "to": ["score_core_tumor", "Convolution3D"]}, {"from": ["conv_u2b-c_res_2", "Convolution3D"], "to": ["conv_u2b-c_res_3", "Convolution3D"]}, {"from": ["upconv_u2d_u1a", "Deconvolution3D"], "to": ["conv_d1cc_u1a-b_eltwise", "Eltwise"]}, {"from": ["conv_d0a-b_res_1", "Convolution3D"], "to": ["conv_d0a-b_res_2", "Convolution3D"]}, {"from": ["conv_d2a-b", "Convolution3D"], "to": ["conv_d2a-b_bn_eltwise", "Eltwise"]}, {"from": ["conv_d2cc_u2a-b_eltwise", "Eltwise"], "to": ["conv_u2b-c", "Convolution3D"]}, {"from": ["conv_u2c-d", "Convolution3D"], "to": ["upconv_u2d_u1a", "Deconvolution3D"]}, {"from": ["conv_d2a-b_res_1", "Convolution3D"], "to": ["conv_d2a-b_res_2", "Convolution3D"]}, {"from": ["conv_d3a-b_res_1", "Convolution3D"], "to": ["conv_d3a-b_res_2", "Convolution3D"]}, {"from": ["conv_u2b-c", "Convolution3D"], "to": ["conv_u2b-c_res_1", "Convolution3D"]}, {"from": ["concat_prob_complete_branch2", "Concat"], "to": ["reshape_concat_prob_complete_branch2", "Reshape"]}, {"from": ["conv_d1a-b", "Convolution3D"], "to": ["conv_d1a-b_bn_eltwise", "Eltwise"]}, {"from": ["l1normalize_matrix_feature_p_branch2", "L1MatrixNormalize"], "to": ["l1normalize_matrix_feature_p_branch2_slice", "Slice"]}, {"from": ["conv_d0b-c", "Convolution3D"], "to": ["pool_d0c-1a", "Pooling3D"]}, {"from": ["reshape_l1normalize_matrix_feature_p_branch2_tumor", "Reshape"], "to": ["Axpy3D_branch2_tumor", "Axpy3D"]}, {"from": ["conv_u1b-c", "Convolution3D"], "to": ["conv_u1b-c_res_1", "Convolution3D"]}, {"from": ["score_core_final", "Convolution3D"], "to": ["prob_core_all", "Softmax"]}, {"from": ["conv_u2b-c_bn_eltwise", "Eltwise"], "to": ["conv_u2c-d", "Convolution3D"]}, {"from": ["pool_d1c-2a", "Pooling3D"], "to": ["conv_d2a-b", "Convolution3D"]}, {"from": ["reshape_l1normalize_matrix_feature_p_branch2_fei_tumor", "Reshape"], "to": ["Axpy3D_branch2_fei_tumor", "Axpy3D"]}, {"from": ["conv_d1cc_u1a-b_eltwise", "Eltwise"], "to": ["conv_u1b-c", "Convolution3D"]}, {"from": ["conv_d0a-b_bn_eltwise", "Eltwise"], "to": ["conv_d0b-c", "Convolution3D"]}, {"from": ["score_complete_xin", "Convolution3D"], "to": ["prob_score_complete", "Softmax"]}, {"from": ["conv_u1b-c", "Convolution3D"], "to": ["conv_u1b-c_bn_eltwise", "Eltwise"]}, {"from": ["conv_u1b-c_res_2", "Convolution3D"], "to": ["conv_u1b-c_res_3", "Convolution3D"]}, {"from": ["matrix_feature_p_branch3", "MatrixMultiplicationYt"], "to": ["l1normalize_matrix_feature_p_branch3", "L1MatrixNormalize"]}, {"from": ["prod_score_enh_two_pathway", "Eltwise"], "to": ["score_enh_final", "Convolution3D"]}, {"from": ["conv_d3a-b", "Convolution3D"], "to": ["conv_d3a-b_res_1", "Convolution3D"]}, {"from": ["l1normalize_matrix_feature_p_branch2_slice", "Slice"], "to": ["reshape_l1normalize_matrix_feature_p_branch2_fei_tumor", "Reshape"]}, {"from": ["conv_d1b-c", "Convolution3D"], "to": ["pool_d1c-2a", "Pooling3D"]}, {"from": ["upconv_u1d_u0a", "Deconvolution3D"], "to": ["conv_d0cc_u0a-b_eltwise", "Eltwise"]}, {"from": ["reshape_concat_prob_complete_branch2", "Reshape"], "to": ["matrix_feature_p_branch2", "MatrixMultiplicationYt"]}, {"from": ["conv_d2a-b_bn_eltwise", "Eltwise"], "to": ["conv_d2b-c", "Convolution3D"]}, {"from": ["upconv_u3d_u2a", "Deconvolution3D"], "to": ["conv_d2cc_u2a-b_eltwise", "Eltwise"]}, {"from": ["conv_u1b-c_res_1", "Convolution3D"], "to": ["conv_u1b-c_res_2", "Convolution3D"]}, {"from": ["Slice_prob_complete_all_branch2", "Slice"], "to": ["eltwise_prob_complete_branch2_fei_tumor", "Eltwise"]}, {"from": ["conv_d2a-b_res_2", "Convolution3D"], "to": ["conv_d2a-b_res_3", "Convolution3D"]}, {"from": ["conv_u0b-c_bn_eltwise", "Eltwise"], "to": ["reshape_feature_2", "Reshape"]}, {"from": ["Axpy3D_branch3_core", "Axpy3D"], "to": ["score_enh_core", "Convolution3D"]}, {"from": ["conv_d0a-b", "Convolution3D"], "to": ["conv_d0a-b_res_1", "Convolution3D"]}, {"from": ["score_enh_final", "Convolution3D"], "to": ["prob3", "Softmax"]}, {"from": ["score_complete_xin", "Convolution3D"], "to": ["prob1", "Softmax"]}, {"from": ["eltwise_prob_complete_branch2_tumor", "Eltwise"], "to": ["Tile_prob_complete_branch2_tumor", "Tile"]}, {"from": ["eltwise_prob_complete_branch2_fei_tumor", "Eltwise"], "to": ["concat_prob_complete_branch2", "Concat"]}, {"from": ["conv_d3b-c", "Convolution3D"], "to": ["upconv_u3d_u2a", "Deconvolution3D"]}, {"from": ["conv_d1a-b", "Convolution3D"], "to": ["conv_d1a-b_res_1", "Convolution3D"]}, {"from": ["pool_d0c-1a", "Pooling3D"], "to": ["conv_d1a-b", "Convolution3D"]}, {"from": ["l1normalize_matrix_feature_p_branch3_slice", "Slice"], "to": ["reshape_l1normalize_matrix_feature_p_branch3_fei_core", "Reshape"]}, {"from": ["conv_u0b-c_bn_eltwise", "Eltwise"], "to": ["Axpy3D_branch2_tumor", "Axpy3D"]}, {"from": ["matrix_feature_p_branch2", "MatrixMultiplicationYt"], "to": ["l1normalize_matrix_feature_p_branch2", "L1MatrixNormalize"]}, {"from": ["conv_u0b-c_bn_eltwise", "Eltwise"], "to": ["reshape_feature_3", "Reshape"]}, {"from": ["conv_u0c-d_1", "Convolution3D"], "to": ["score_complete_xin", "Convolution3D"]}], "edge_count": 100}