{"filename": "christiankellernc__@@__styletransfer__@@__5__@@__style_name_025_5_smallweight.mlmodel", "original_file_size": 438131, "netron_file_size": 2307879, "input_dict": {"image": {"data_type": 0, "dim": 0}}, "output_dict": {"stylizedImage": {"data_type": 0, "dim": 0}}, "node_dict": {"conv2d_1": {"index": 0, "var_name": "conv2d_1", "api": "convolution", "attr_count": 8, "_input_count": 2, "_output_count": 1, "dim": null, "data_type": null, "bias": null, "weight": [{"low": 8, "high": 0}, {"low": 3, "high": 0}, {"low": 9, "high": 0}, {"low": 9, "high": 0}], "kernel": null, "in_var_name_list": ["image:0", ""], "out_var_name_list": ["conv2d_1_output"]}, "instance_normalization_1": {"index": 1, "var_name": "instance_normalization_1", "api": "batchnorm", "attr_count": 4, "_input_count": 3, "_output_count": 1, "dim": null, "data_type": null, "bias": null, "weight": null, "kernel": null, "in_var_name_list": ["conv2d_1_output", "", ""], "out_var_name_list": ["instance_normalization_1_output"]}, "activation_1": {"index": 2, "var_name": "activation_1", "api": "activation", "attr_count": 1, "_input_count": 1, "_output_count": 1, "dim": null, "data_type": null, "bias": null, "weight": null, "kernel": null, "in_var_name_list": ["instance_normalization_1_output"], "out_var_name_list": ["activation_1_output"]}, "conv2d_2": {"index": 3, "var_name": "conv2d_2", "api": "convolution", "attr_count": 8, "_input_count": 2, "_output_count": 1, "dim": null, "data_type": null, "bias": null, "weight": [{"low": 16, "high": 0}, {"low": 8, "high": 0}, {"low": 3, "high": 0}, {"low": 3, "high": 0}], "kernel": null, "in_var_name_list": ["activation_1_output", ""], "out_var_name_list": ["conv2d_2_output"]}, "instance_normalization_2": {"index": 4, "var_name": "instance_normalization_2", "api": "batchnorm", "attr_count": 4, "_input_count": 3, "_output_count": 1, "dim": null, "data_type": null, "bias": null, "weight": null, "kernel": null, "in_var_name_list": ["conv2d_2_output", "", ""], "out_var_name_list": ["instance_normalization_2_output"]}, "activation_2": {"index": 5, "var_name": "activation_2", "api": "activation", "attr_count": 1, "_input_count": 1, "_output_count": 1, "dim": null, "data_type": null, "bias": null, "weight": null, "kernel": null, "in_var_name_list": ["instance_normalization_2_output"], "out_var_name_list": ["activation_2_output"]}, "conv2d_3": {"index": 6, "var_name": "conv2d_3", "api": "convolution", "attr_count": 8, "_input_count": 2, "_output_count": 1, "dim": null, "data_type": null, "bias": null, "weight": [{"low": 32, "high": 0}, {"low": 16, "high": 0}, {"low": 3, "high": 0}, {"low": 3, "high": 0}], "kernel": null, "in_var_name_list": ["activation_2_output", ""], "out_var_name_list": ["conv2d_3_output"]}, "instance_normalization_3": {"index": 7, "var_name": "instance_normalization_3", "api": "batchnorm", "attr_count": 4, "_input_count": 3, "_output_count": 1, "dim": null, "data_type": null, "bias": null, "weight": null, "kernel": null, "in_var_name_list": ["conv2d_3_output", "", ""], "out_var_name_list": ["instance_normalization_3_output"]}, "activation_3": {"index": 8, "var_name": "activation_3", "api": "activation", "attr_count": 1, "_input_count": 1, "_output_count": 1, "dim": null, "data_type": null, "bias": null, "weight": null, "kernel": null, "in_var_name_list": ["instance_normalization_3_output"], "out_var_name_list": ["activation_3_output"]}, "conv2d_4": {"index": 9, "var_name": "conv2d_4", "api": "convolution", "attr_count": 8, "_input_count": 2, "_output_count": 1, "dim": null, "data_type": null, "bias": null, "weight": [{"low": 32, "high": 0}, {"low": 32, "high": 0}, {"low": 3, "high": 0}, {"low": 3, "high": 0}], "kernel": null, "in_var_name_list": ["activation_3_output", ""], "out_var_name_list": ["conv2d_4_output"]}, "instance_normalization_4": {"index": 10, "var_name": "instance_normalization_4", "api": "batchnorm", "attr_count": 4, "_input_count": 3, "_output_count": 1, "dim": null, "data_type": null, "bias": null, "weight": null, "kernel": null, "in_var_name_list": ["conv2d_4_output", "", ""], "out_var_name_list": ["instance_normalization_4_output"]}, "activation_4": {"index": 11, "var_name": "activation_4", "api": "activation", "attr_count": 1, "_input_count": 1, "_output_count": 1, "dim": null, "data_type": null, "bias": null, "weight": null, "kernel": null, "in_var_name_list": ["instance_normalization_4_output"], "out_var_name_list": ["activation_4_output"]}, "conv2d_5": {"index": 12, "var_name": "conv2d_5", "api": "convolution", "attr_count": 8, "_input_count": 2, "_output_count": 1, "dim": null, "data_type": null, "bias": null, "weight": [{"low": 32, "high": 0}, {"low": 32, "high": 0}, {"low": 3, "high": 0}, {"low": 3, "high": 0}], "kernel": null, "in_var_name_list": ["activation_4_output", ""], "out_var_name_list": ["conv2d_5_output"]}, "instance_normalization_5": {"index": 13, "var_name": "instance_normalization_5", "api": "batchnorm", "attr_count": 4, "_input_count": 3, "_output_count": 1, "dim": null, "data_type": null, "bias": null, "weight": null, "kernel": null, "in_var_name_list": ["conv2d_5_output", "", ""], "out_var_name_list": ["instance_normalization_5_output"]}, "add_1": {"index": 14, "var_name": "add_1", "api": "add", "attr_count": 0, "_input_count": 2, "_output_count": 1, "dim": null, "data_type": null, "bias": null, "weight": null, "kernel": null, "in_var_name_list": ["instance_normalization_5_output", "activation_3_output"], "out_var_name_list": ["add_1_output"]}, "conv2d_6": {"index": 15, "var_name": "conv2d_6", "api": "convolution", "attr_count": 8, "_input_count": 2, "_output_count": 1, "dim": null, "data_type": null, "bias": null, "weight": [{"low": 32, "high": 0}, {"low": 32, "high": 0}, {"low": 3, "high": 0}, {"low": 3, "high": 0}], "kernel": null, "in_var_name_list": ["add_1_output", ""], "out_var_name_list": ["conv2d_6_output"]}, "instance_normalization_6": {"index": 16, "var_name": "instance_normalization_6", "api": "batchnorm", "attr_count": 4, "_input_count": 3, "_output_count": 1, "dim": null, "data_type": null, "bias": null, "weight": null, "kernel": null, "in_var_name_list": ["conv2d_6_output", "", ""], "out_var_name_list": ["instance_normalization_6_output"]}, "activation_5": {"index": 17, "var_name": "activation_5", "api": "activation", "attr_count": 1, "_input_count": 1, "_output_count": 1, "dim": null, "data_type": null, "bias": null, "weight": null, "kernel": null, "in_var_name_list": ["instance_normalization_6_output"], "out_var_name_list": ["activation_5_output"]}, "conv2d_7": {"index": 18, "var_name": "conv2d_7", "api": "convolution", "attr_count": 8, "_input_count": 2, "_output_count": 1, "dim": null, "data_type": null, "bias": null, "weight": [{"low": 32, "high": 0}, {"low": 32, "high": 0}, {"low": 3, "high": 0}, {"low": 3, "high": 0}], "kernel": null, "in_var_name_list": ["activation_5_output", ""], "out_var_name_list": ["conv2d_7_output"]}, "instance_normalization_7": {"index": 19, "var_name": "instance_normalization_7", "api": "batchnorm", "attr_count": 4, "_input_count": 3, "_output_count": 1, "dim": null, "data_type": null, "bias": null, "weight": null, "kernel": null, "in_var_name_list": ["conv2d_7_output", "", ""], "out_var_name_list": ["instance_normalization_7_output"]}, "add_2": {"index": 20, "var_name": "add_2", "api": "add", "attr_count": 0, "_input_count": 2, "_output_count": 1, "dim": null, "data_type": null, "bias": null, "weight": null, "kernel": null, "in_var_name_list": ["instance_normalization_7_output", "add_1_output"], "out_var_name_list": ["add_2_output"]}, "conv2d_8": {"index": 21, "var_name": "conv2d_8", "api": "convolution", "attr_count": 8, "_input_count": 2, "_output_count": 1, "dim": null, "data_type": null, "bias": null, "weight": [{"low": 32, "high": 0}, {"low": 32, "high": 0}, {"low": 3, "high": 0}, {"low": 3, "high": 0}], "kernel": null, "in_var_name_list": ["add_2_output", ""], "out_var_name_list": ["conv2d_8_output"]}, "instance_normalization_8": {"index": 22, "var_name": "instance_normalization_8", "api": "batchnorm", "attr_count": 4, "_input_count": 3, "_output_count": 1, "dim": null, "data_type": null, "bias": null, "weight": null, "kernel": null, "in_var_name_list": ["conv2d_8_output", "", ""], "out_var_name_list": ["instance_normalization_8_output"]}, "activation_6": {"index": 23, "var_name": "activation_6", "api": "activation", "attr_count": 1, "_input_count": 1, "_output_count": 1, "dim": null, "data_type": null, "bias": null, "weight": null, "kernel": null, "in_var_name_list": ["instance_normalization_8_output"], "out_var_name_list": ["activation_6_output"]}, "conv2d_9": {"index": 24, "var_name": "conv2d_9", "api": "convolution", "attr_count": 8, "_input_count": 2, "_output_count": 1, "dim": null, "data_type": null, "bias": null, "weight": [{"low": 32, "high": 0}, {"low": 32, "high": 0}, {"low": 3, "high": 0}, {"low": 3, "high": 0}], "kernel": null, "in_var_name_list": ["activation_6_output", ""], "out_var_name_list": ["conv2d_9_output"]}, "instance_normalization_9": {"index": 25, "var_name": "instance_normalization_9", "api": "batchnorm", "attr_count": 4, "_input_count": 3, "_output_count": 1, "dim": null, "data_type": null, "bias": null, "weight": null, "kernel": null, "in_var_name_list": ["conv2d_9_output", "", ""], "out_var_name_list": ["instance_normalization_9_output"]}, "add_3": {"index": 26, "var_name": "add_3", "api": "add", "attr_count": 0, "_input_count": 2, "_output_count": 1, "dim": null, "data_type": null, "bias": null, "weight": null, "kernel": null, "in_var_name_list": ["instance_normalization_9_output", "add_2_output"], "out_var_name_list": ["add_3_output"]}, "conv2d_10": {"index": 27, "var_name": "conv2d_10", "api": "convolution", "attr_count": 8, "_input_count": 2, "_output_count": 1, "dim": null, "data_type": null, "bias": null, "weight": [{"low": 32, "high": 0}, {"low": 32, "high": 0}, {"low": 3, "high": 0}, {"low": 3, "high": 0}], "kernel": null, "in_var_name_list": ["add_3_output", ""], "out_var_name_list": ["conv2d_10_output"]}, "instance_normalization_10": {"index": 28, "var_name": "instance_normalization_10", "api": "batchnorm", "attr_count": 4, "_input_count": 3, "_output_count": 1, "dim": null, "data_type": null, "bias": null, "weight": null, "kernel": null, "in_var_name_list": ["conv2d_10_output", "", ""], "out_var_name_list": ["instance_normalization_10_output"]}, "activation_7": {"index": 29, "var_name": "activation_7", "api": "activation", "attr_count": 1, "_input_count": 1, "_output_count": 1, "dim": null, "data_type": null, "bias": null, "weight": null, "kernel": null, "in_var_name_list": ["instance_normalization_10_output"], "out_var_name_list": ["activation_7_output"]}, "conv2d_11": {"index": 30, "var_name": "conv2d_11", "api": "convolution", "attr_count": 8, "_input_count": 2, "_output_count": 1, "dim": null, "data_type": null, "bias": null, "weight": [{"low": 32, "high": 0}, {"low": 32, "high": 0}, {"low": 3, "high": 0}, {"low": 3, "high": 0}], "kernel": null, "in_var_name_list": ["activation_7_output", ""], "out_var_name_list": ["conv2d_11_output"]}, "instance_normalization_11": {"index": 31, "var_name": "instance_normalization_11", "api": "batchnorm", "attr_count": 4, "_input_count": 3, "_output_count": 1, "dim": null, "data_type": null, "bias": null, "weight": null, "kernel": null, "in_var_name_list": ["conv2d_11_output", "", ""], "out_var_name_list": ["instance_normalization_11_output"]}, "add_4": {"index": 32, "var_name": "add_4", "api": "add", "attr_count": 0, "_input_count": 2, "_output_count": 1, "dim": null, "data_type": null, "bias": null, "weight": null, "kernel": null, "in_var_name_list": ["instance_normalization_11_output", "add_3_output"], "out_var_name_list": ["add_4_output"]}, "conv2d_12": {"index": 33, "var_name": "conv2d_12", "api": "convolution", "attr_count": 8, "_input_count": 2, "_output_count": 1, "dim": null, "data_type": null, "bias": null, "weight": [{"low": 32, "high": 0}, {"low": 32, "high": 0}, {"low": 3, "high": 0}, {"low": 3, "high": 0}], "kernel": null, "in_var_name_list": ["add_4_output", ""], "out_var_name_list": ["conv2d_12_output"]}, "instance_normalization_12": {"index": 34, "var_name": "instance_normalization_12", "api": "batchnorm", "attr_count": 4, "_input_count": 3, "_output_count": 1, "dim": null, "data_type": null, "bias": null, "weight": null, "kernel": null, "in_var_name_list": ["conv2d_12_output", "", ""], "out_var_name_list": ["instance_normalization_12_output"]}, "activation_8": {"index": 35, "var_name": "activation_8", "api": "activation", "attr_count": 1, "_input_count": 1, "_output_count": 1, "dim": null, "data_type": null, "bias": null, "weight": null, "kernel": null, "in_var_name_list": ["instance_normalization_12_output"], "out_var_name_list": ["activation_8_output"]}, "conv2d_13": {"index": 36, "var_name": "conv2d_13", "api": "convolution", "attr_count": 8, "_input_count": 2, "_output_count": 1, "dim": null, "data_type": null, "bias": null, "weight": [{"low": 32, "high": 0}, {"low": 32, "high": 0}, {"low": 3, "high": 0}, {"low": 3, "high": 0}], "kernel": null, "in_var_name_list": ["activation_8_output", ""], "out_var_name_list": ["conv2d_13_output"]}, "instance_normalization_13": {"index": 37, "var_name": "instance_normalization_13", "api": "batchnorm", "attr_count": 4, "_input_count": 3, "_output_count": 1, "dim": null, "data_type": null, "bias": null, "weight": null, "kernel": null, "in_var_name_list": ["conv2d_13_output", "", ""], "out_var_name_list": ["instance_normalization_13_output"]}, "add_5": {"index": 38, "var_name": "add_5", "api": "add", "attr_count": 0, "_input_count": 2, "_output_count": 1, "dim": null, "data_type": null, "bias": null, "weight": null, "kernel": null, "in_var_name_list": ["instance_normalization_13_output", "add_4_output"], "out_var_name_list": ["add_5_output"]}, "up_sampling2d_1": {"index": 39, "var_name": "up_sampling2d_1", "api": "upsample", "attr_count": 2, "_input_count": 1, "_output_count": 1, "dim": null, "data_type": null, "bias": null, "weight": null, "kernel": null, "in_var_name_list": ["add_5_output"], "out_var_name_list": ["up_sampling2d_1_output"]}, "conv2d_14": {"index": 40, "var_name": "conv2d_14", "api": "convolution", "attr_count": 8, "_input_count": 2, "_output_count": 1, "dim": null, "data_type": null, "bias": null, "weight": [{"low": 16, "high": 0}, {"low": 32, "high": 0}, {"low": 3, "high": 0}, {"low": 3, "high": 0}], "kernel": null, "in_var_name_list": ["up_sampling2d_1_output", ""], "out_var_name_list": ["conv2d_14_output"]}, "instance_normalization_14": {"index": 41, "var_name": "instance_normalization_14", "api": "batchnorm", "attr_count": 4, "_input_count": 3, "_output_count": 1, "dim": null, "data_type": null, "bias": null, "weight": null, "kernel": null, "in_var_name_list": ["conv2d_14_output", "", ""], "out_var_name_list": ["instance_normalization_14_output"]}, "activation_9": {"index": 42, "var_name": "activation_9", "api": "activation", "attr_count": 1, "_input_count": 1, "_output_count": 1, "dim": null, "data_type": null, "bias": null, "weight": null, "kernel": null, "in_var_name_list": ["instance_normalization_14_output"], "out_var_name_list": ["activation_9_output"]}, "up_sampling2d_2": {"index": 43, "var_name": "up_sampling2d_2", "api": "upsample", "attr_count": 2, "_input_count": 1, "_output_count": 1, "dim": null, "data_type": null, "bias": null, "weight": null, "kernel": null, "in_var_name_list": ["activation_9_output"], "out_var_name_list": ["up_sampling2d_2_output"]}, "conv2d_15": {"index": 44, "var_name": "conv2d_15", "api": "convolution", "attr_count": 8, "_input_count": 2, "_output_count": 1, "dim": null, "data_type": null, "bias": null, "weight": [{"low": 8, "high": 0}, {"low": 16, "high": 0}, {"low": 3, "high": 0}, {"low": 3, "high": 0}], "kernel": null, "in_var_name_list": ["up_sampling2d_2_output", ""], "out_var_name_list": ["conv2d_15_output"]}, "instance_normalization_15": {"index": 45, "var_name": "instance_normalization_15", "api": "batchnorm", "attr_count": 4, "_input_count": 3, "_output_count": 1, "dim": null, "data_type": null, "bias": null, "weight": null, "kernel": null, "in_var_name_list": ["conv2d_15_output", "", ""], "out_var_name_list": ["instance_normalization_15_output"]}, "activation_10": {"index": 46, "var_name": "activation_10", "api": "activation", "attr_count": 1, "_input_count": 1, "_output_count": 1, "dim": null, "data_type": null, "bias": null, "weight": null, "kernel": null, "in_var_name_list": ["instance_normalization_15_output"], "out_var_name_list": ["activation_10_output"]}, "conv2d_16": {"index": 47, "var_name": "conv2d_16", "api": "convolution", "attr_count": 8, "_input_count": 2, "_output_count": 1, "dim": null, "data_type": null, "bias": null, "weight": [{"low": 3, "high": 0}, {"low": 8, "high": 0}, {"low": 9, "high": 0}, {"low": 9, "high": 0}], "kernel": null, "in_var_name_list": ["activation_10_output", ""], "out_var_name_list": ["conv2d_16_output"]}, "instance_normalization_16": {"index": 48, "var_name": "instance_normalization_16", "api": "batchnorm", "attr_count": 4, "_input_count": 3, "_output_count": 1, "dim": null, "data_type": null, "bias": null, "weight": null, "kernel": null, "in_var_name_list": ["conv2d_16_output", "", ""], "out_var_name_list": ["instance_normalization_16_output"]}, "activation_11": {"index": 49, "var_name": "activation_11", "api": "activation", "attr_count": 1, "_input_count": 1, "_output_count": 1, "dim": null, "data_type": null, "bias": null, "weight": null, "kernel": null, "in_var_name_list": ["instance_normalization_16_output"], "out_var_name_list": ["activation_11_output"]}, "activation_11_output": {"index": 50, "var_name": "activation_11_output", "api": "scale", "attr_count": 3, "_input_count": 3, "_output_count": 1, "dim": null, "data_type": null, "bias": [{"low": 3, "high": 0}], "weight": null, "kernel": null, "in_var_name_list": ["activation_11_output", "", ""], "out_var_name_list": ["stylizedImage"]}, "": {"index": 51, "var_name": "", "api": "scaler", "attr_count": 1, "_input_count": 1, "_output_count": 1, "dim": null, "data_type": null, "bias": null, "weight": null, "kernel": null, "in_var_name_list": ["image"], "out_var_name_list": ["image:0"]}}, "node_count": 52, "edge_list": [{"from": ["add_2", "add"], "to": ["conv2d_8", "convolution"]}, {"from": ["conv2d_5", "convolution"], "to": ["instance_normalization_5", "batchnorm"]}, {"from": ["add_4", "add"], "to": ["conv2d_12", "convolution"]}, {"from": ["add_4", "add"], "to": ["add_5", "add"]}, {"from": ["instance_normalization_3", "batchnorm"], "to": ["activation_3", "activation"]}, {"from": ["instance_normalization_8", "batchnorm"], "to": ["activation_6", "activation"]}, {"from": ["add_5", "add"], "to": ["up_sampling2d_1", "upsample"]}, {"from": ["add_1", "add"], "to": ["conv2d_6", "convolution"]}, {"from": ["instance_normalization_4", "batchnorm"], "to": ["activation_4", "activation"]}, {"from": ["activation_3", "activation"], "to": ["conv2d_4", "convolution"]}, {"from": ["instance_normalization_5", "batchnorm"], "to": ["add_1", "add"]}, {"from": ["conv2d_7", "convolution"], "to": ["instance_normalization_7", "batchnorm"]}, {"from": ["activation_10", "activation"], "to": ["conv2d_16", "convolution"]}, {"from": ["instance_normalization_11", "batchnorm"], "to": ["add_4", "add"]}, {"from": ["conv2d_8", "convolution"], "to": ["instance_normalization_8", "batchnorm"]}, {"from": ["instance_normalization_15", "batchnorm"], "to": ["activation_10", "activation"]}, {"from": ["conv2d_13", "convolution"], "to": ["instance_normalization_13", "batchnorm"]}, {"from": ["add_1", "add"], "to": ["add_2", "add"]}, {"from": ["conv2d_10", "convolution"], "to": ["instance_normalization_10", "batchnorm"]}, {"from": ["add_2", "add"], "to": ["add_3", "add"]}, {"from": ["activation_4", "activation"], "to": ["conv2d_5", "convolution"]}, {"from": ["conv2d_3", "convolution"], "to": ["instance_normalization_3", "batchnorm"]}, {"from": ["add_3", "add"], "to": ["conv2d_10", "convolution"]}, {"from": ["conv2d_2", "convolution"], "to": ["instance_normalization_2", "batchnorm"]}, {"from": ["instance_normalization_10", "batchnorm"], "to": ["activation_7", "activation"]}, {"from": ["conv2d_12", "convolution"], "to": ["instance_normalization_12", "batchnorm"]}, {"from": ["conv2d_15", "convolution"], "to": ["instance_normalization_15", "batchnorm"]}, {"from": ["activation_8", "activation"], "to": ["conv2d_13", "convolution"]}, {"from": ["instance_normalization_7", "batchnorm"], "to": ["add_2", "add"]}, {"from": ["activation_2", "activation"], "to": ["conv2d_3", "convolution"]}, {"from": ["conv2d_6", "convolution"], "to": ["instance_normalization_6", "batchnorm"]}, {"from": ["activation_6", "activation"], "to": ["conv2d_9", "convolution"]}, {"from": ["conv2d_9", "convolution"], "to": ["instance_normalization_9", "batchnorm"]}, {"from": ["conv2d_11", "convolution"], "to": ["instance_normalization_11", "batchnorm"]}, {"from": ["activation_7", "activation"], "to": ["conv2d_11", "convolution"]}, {"from": ["up_sampling2d_1", "upsample"], "to": ["conv2d_14", "convolution"]}, {"from": ["conv2d_1", "convolution"], "to": ["instance_normalization_1", "batchnorm"]}, {"from": ["activation_1", "activation"], "to": ["conv2d_2", "convolution"]}, {"from": ["", "scaler"], "to": ["conv2d_1", "convolution"]}, {"from": ["conv2d_14", "convolution"], "to": ["instance_normalization_14", "batchnorm"]}, {"from": ["instance_normalization_1", "batchnorm"], "to": ["activation_1", "activation"]}, {"from": ["instance_normalization_2", "batchnorm"], "to": ["activation_2", "activation"]}, {"from": ["instance_normalization_12", "batchnorm"], "to": ["activation_8", "activation"]}, {"from": ["conv2d_4", "convolution"], "to": ["instance_normalization_4", "batchnorm"]}, {"from": ["instance_normalization_14", "batchnorm"], "to": ["activation_9", "activation"]}, {"from": ["conv2d_16", "convolution"], "to": ["instance_normalization_16", "batchnorm"]}, {"from": ["instance_normalization_16", "batchnorm"], "to": ["activation_11", "activation"]}, {"from": ["instance_normalization_9", "batchnorm"], "to": ["add_3", "add"]}, {"from": ["instance_normalization_13", "batchnorm"], "to": ["add_5", "add"]}, {"from": ["activation_3", "activation"], "to": ["add_1", "add"]}, {"from": ["activation_5", "activation"], "to": ["conv2d_7", "convolution"]}, {"from": ["activation_11", "activation"], "to": ["activation_11_output", "scale"]}, {"from": ["up_sampling2d_2", "upsample"], "to": ["conv2d_15", "convolution"]}, {"from": ["activation_9", "activation"], "to": ["up_sampling2d_2", "upsample"]}, {"from": ["add_3", "add"], "to": ["add_4", "add"]}, {"from": ["instance_normalization_6", "batchnorm"], "to": ["activation_5", "activation"]}], "edge_count": 56}