{"filename": "devsoft123__@@__fast-cnn__@@__23__@@__train.prototxt", "original_file_size": 4527, "netron_file_size": 201099, "input_dict": {}, "output_dict": {}, "node_dict": {"data": {"index": 0, "var_name": "data", "api": "Python", "attr_count": 3, "_input_count": 0, "_output_count": 5, "dim": null, "data_type": null, "bias": null, "weight": null, "kernel": null, "in_var_name_list": [], "out_var_name_list": ["data", "rois", "labels", "bbox_targets", "bbox_loss_weights"]}, "conv1": {"index": 1, "var_name": "conv1", "api": "Convolution", "attr_count": 5, "_input_count": 3, "_output_count": 1, "dim": null, "data_type": null, "bias": null, "weight": null, "kernel": null, "in_var_name_list": ["data", "filter", "bias"], "out_var_name_list": ["conv1"]}, "norm1": {"index": 2, "var_name": "norm1", "api": "LRN", "attr_count": 2, "_input_count": 1, "_output_count": 1, "dim": null, "data_type": null, "bias": null, "weight": null, "kernel": null, "in_var_name_list": ["conv1"], "out_var_name_list": ["norm1"]}, "pool1": {"index": 3, "var_name": "pool1", "api": "Pooling", "attr_count": 2, "_input_count": 1, "_output_count": 1, "dim": null, "data_type": null, "bias": null, "weight": null, "kernel": null, "in_var_name_list": ["norm1"], "out_var_name_list": ["pool1"]}, "conv2": {"index": 4, "var_name": "conv2", "api": "Convolution", "attr_count": 5, "_input_count": 3, "_output_count": 1, "dim": null, "data_type": null, "bias": null, "weight": null, "kernel": null, "in_var_name_list": ["pool1", "filter", "bias"], "out_var_name_list": ["conv2"]}, "norm2": {"index": 5, "var_name": "norm2", "api": "LRN", "attr_count": 2, "_input_count": 1, "_output_count": 1, "dim": null, "data_type": null, "bias": null, "weight": null, "kernel": null, "in_var_name_list": ["conv2"], "out_var_name_list": ["norm2"]}, "pool2": {"index": 6, "var_name": "pool2", "api": "Pooling", "attr_count": 2, "_input_count": 1, "_output_count": 1, "dim": null, "data_type": null, "bias": null, "weight": null, "kernel": null, "in_var_name_list": ["norm2"], "out_var_name_list": ["pool2"]}, "conv3": {"index": 7, "var_name": "conv3", "api": "Convolution", "attr_count": 5, "_input_count": 3, "_output_count": 1, "dim": null, "data_type": null, "bias": null, "weight": null, "kernel": null, "in_var_name_list": ["pool2", "filter", "bias"], "out_var_name_list": ["conv3"]}, "conv4": {"index": 8, "var_name": "conv4", "api": "Convolution", "attr_count": 5, "_input_count": 3, "_output_count": 1, "dim": null, "data_type": null, "bias": null, "weight": null, "kernel": null, "in_var_name_list": ["conv3", "filter", "bias"], "out_var_name_list": ["conv4"]}, "conv5": {"index": 9, "var_name": "conv5", "api": "Convolution", "attr_count": 5, "_input_count": 3, "_output_count": 1, "dim": null, "data_type": null, "bias": null, "weight": null, "kernel": null, "in_var_name_list": ["conv4", "filter", "bias"], "out_var_name_list": ["conv5"]}, "roi_pool5": {"index": 10, "var_name": "roi_pool5", "api": "ROIPooling", "attr_count": 3, "_input_count": 2, "_output_count": 1, "dim": null, "data_type": null, "bias": null, "weight": null, "kernel": null, "in_var_name_list": ["conv5", "rois"], "out_var_name_list": ["pool5"]}, "fc6": {"index": 11, "var_name": "fc6", "api": "InnerProduct", "attr_count": 1, "_input_count": 3, "_output_count": 1, "dim": null, "data_type": null, "bias": null, "weight": null, "kernel": null, "in_var_name_list": ["pool5", "weights", "bias"], "out_var_name_list": ["fc6"]}, "fc7": {"index": 12, "var_name": "fc7", "api": "InnerProduct", "attr_count": 1, "_input_count": 3, "_output_count": 1, "dim": null, "data_type": null, "bias": null, "weight": null, "kernel": null, "in_var_name_list": ["fc6", "weights", "bias"], "out_var_name_list": ["fc7"]}, "cls_score": {"index": 13, "var_name": "cls_score", "api": "InnerProduct", "attr_count": 3, "_input_count": 3, "_output_count": 1, "dim": null, "data_type": null, "bias": null, "weight": null, "kernel": null, "in_var_name_list": ["fc7", "weights", "bias"], "out_var_name_list": ["cls_score"]}, "bbox_pred": {"index": 14, "var_name": "bbox_pred", "api": "InnerProduct", "attr_count": 3, "_input_count": 3, "_output_count": 1, "dim": null, "data_type": null, "bias": null, "weight": null, "kernel": null, "in_var_name_list": ["fc7", "weights", "bias"], "out_var_name_list": ["bbox_pred"]}, "loss_cls": {"index": 15, "var_name": "loss_cls", "api": "SoftmaxWithLoss", "attr_count": 0, "_input_count": 2, "_output_count": 1, "dim": null, "data_type": null, "bias": null, "weight": null, "kernel": null, "in_var_name_list": ["cls_score", "labels"], "out_var_name_list": ["loss_cls"]}, "loss_bbox": {"index": 16, "var_name": "loss_bbox", "api": "SmoothL1Loss", "attr_count": 0, "_input_count": 3, "_output_count": 1, "dim": null, "data_type": null, "bias": null, "weight": null, "kernel": null, "in_var_name_list": ["bbox_pred", "bbox_targets", "bbox_loss_weights"], "out_var_name_list": ["loss_bbox"]}}, "node_count": 17, "edge_list": [{"from": ["fc7", "InnerProduct"], "to": ["cls_score", "InnerProduct"]}, {"from": ["fc6", "InnerProduct"], "to": ["fc7", "InnerProduct"]}, {"from": ["data", "Python"], "to": ["loss_bbox", "SmoothL1Loss"]}, {"from": ["conv3", "Convolution"], "to": ["conv4", "Convolution"]}, {"from": ["fc7", "InnerProduct"], "to": ["bbox_pred", "InnerProduct"]}, {"from": ["pool1", "Pooling"], "to": ["conv2", "Convolution"]}, {"from": ["data", "Python"], "to": ["roi_pool5", "ROIPooling"]}, {"from": ["norm2", "LRN"], "to": ["pool2", "Pooling"]}, {"from": ["cls_score", "InnerProduct"], "to": ["loss_cls", "SoftmaxWithLoss"]}, {"from": ["roi_pool5", "ROIPooling"], "to": ["fc6", "InnerProduct"]}, {"from": ["data", "Python"], "to": ["loss_cls", "SoftmaxWithLoss"]}, {"from": ["bbox_pred", "InnerProduct"], "to": ["loss_bbox", "SmoothL1Loss"]}, {"from": ["norm1", "LRN"], "to": ["pool1", "Pooling"]}, {"from": ["conv2", "Convolution"], "to": ["norm2", "LRN"]}, {"from": ["conv1", "Convolution"], "to": ["norm1", "LRN"]}, {"from": ["pool2", "Pooling"], "to": ["conv3", "Convolution"]}, {"from": ["conv4", "Convolution"], "to": ["conv5", "Convolution"]}, {"from": ["conv5", "Convolution"], "to": ["roi_pool5", "ROIPooling"]}, {"from": ["data", "Python"], "to": ["conv1", "Convolution"]}], "edge_count": 19}