{"filename": "guanfuchen__@@__py-faster-rcnn__@@__26__@@__lenet_consolidated_solver.prototxt", "original_file_size": 6003, "netron_file_size": 76011, "input_dict": {}, "output_dict": {}, "node_dict": {"mnist": {"index": 0, "var_name": "mnist", "api": "Data", "attr_count": 6, "_input_count": 0, "_output_count": 2, "dim": null, "data_type": null, "bias": null, "weight": null, "kernel": null, "in_var_name_list": [], "out_var_name_list": ["data", "label"]}, "conv1": {"index": 1, "var_name": "conv1", "api": "Convolution", "attr_count": 7, "_input_count": 3, "_output_count": 1, "dim": null, "data_type": null, "bias": null, "weight": null, "kernel": null, "in_var_name_list": ["data", "filter", "bias"], "out_var_name_list": ["conv1"]}, "pool1": {"index": 2, "var_name": "pool1", "api": "Pooling", "attr_count": 2, "_input_count": 1, "_output_count": 1, "dim": null, "data_type": null, "bias": null, "weight": null, "kernel": null, "in_var_name_list": ["conv1"], "out_var_name_list": ["pool1"]}, "conv2": {"index": 3, "var_name": "conv2", "api": "Convolution", "attr_count": 7, "_input_count": 3, "_output_count": 1, "dim": null, "data_type": null, "bias": null, "weight": null, "kernel": null, "in_var_name_list": ["pool1", "filter", "bias"], "out_var_name_list": ["conv2"]}, "pool2": {"index": 4, "var_name": "pool2", "api": "Pooling", "attr_count": 2, "_input_count": 1, "_output_count": 1, "dim": null, "data_type": null, "bias": null, "weight": null, "kernel": null, "in_var_name_list": ["conv2"], "out_var_name_list": ["pool2"]}, "ip1": {"index": 5, "var_name": "ip1", "api": "InnerProduct", "attr_count": 3, "_input_count": 3, "_output_count": 1, "dim": null, "data_type": null, "bias": null, "weight": null, "kernel": null, "in_var_name_list": ["pool2", "weights", "bias"], "out_var_name_list": ["ip1"]}, "ip2": {"index": 6, "var_name": "ip2", "api": "InnerProduct", "attr_count": 3, "_input_count": 3, "_output_count": 1, "dim": null, "data_type": null, "bias": null, "weight": null, "kernel": null, "in_var_name_list": ["ip1", "weights", "bias"], "out_var_name_list": ["ip2"]}, "accuracy": {"index": 7, "var_name": "accuracy", "api": "Accuracy", "attr_count": 0, "_input_count": 2, "_output_count": 1, "dim": null, "data_type": null, "bias": null, "weight": null, "kernel": null, "in_var_name_list": ["ip2", "label"], "out_var_name_list": ["accuracy"]}, "loss": {"index": 8, "var_name": "loss", "api": "SoftmaxLoss", "attr_count": 0, "_input_count": 2, "_output_count": 1, "dim": null, "data_type": null, "bias": null, "weight": null, "kernel": null, "in_var_name_list": ["ip2", "label"], "out_var_name_list": ["loss"]}}, "node_count": 9, "edge_list": [{"from": ["pool1", "Pooling"], "to": ["conv2", "Convolution"]}, {"from": ["ip2", "InnerProduct"], "to": ["accuracy", "Accuracy"]}, {"from": ["conv2", "Convolution"], "to": ["pool2", "Pooling"]}, {"from": ["ip2", "InnerProduct"], "to": ["loss", "SoftmaxLoss"]}, {"from": ["mnist", "Data"], "to": ["conv1", "Convolution"]}, {"from": ["pool2", "Pooling"], "to": ["ip1", "InnerProduct"]}, {"from": ["mnist", "Data"], "to": ["accuracy", "Accuracy"]}, {"from": ["ip1", "InnerProduct"], "to": ["ip2", "InnerProduct"]}, {"from": ["conv1", "Convolution"], "to": ["pool1", "Pooling"]}, {"from": ["mnist", "Data"], "to": ["loss", "SoftmaxLoss"]}], "edge_count": 10}