{"filename": "nguoido__@@__Yolo-alexeyAB__@@__40__@@__rnn.train.cfg", "original_file_size": 437, "netron_file_size": 11853, "input_dict": {"input": {"data_type": "float32", "dim": [256]}}, "output_dict": {}, "node_dict": {"0": {"index": 0, "var_name": "0", "api": "rnn", "attr_count": 4, "_input_count": 16, "_output_count": 1, "dim": [256], "data_type": "float32", "bias": [1024], "weight": [1024, 1024], "kernel": null, "in_var_name_list": ["input", "", "", "", "", "", "", "", "", "", "", "", "", "", "", ""], "out_var_name_list": ["0"]}, "1": {"index": 1, "var_name": "1", "api": "rnn", "attr_count": 4, "_input_count": 16, "_output_count": 1, "dim": [1024], "data_type": "float32", "bias": [1024], "weight": [1024, 1024], "kernel": null, "in_var_name_list": ["0", "", "", "", "", "", "", "", "", "", "", "", "", "", "", ""], "out_var_name_list": ["1"]}, "2": {"index": 2, "var_name": "2", "api": "rnn", "attr_count": 4, "_input_count": 16, "_output_count": 1, "dim": [1024], "data_type": "float32", "bias": [1024], "weight": [1024, 1024], "kernel": null, "in_var_name_list": ["1", "", "", "", "", "", "", "", "", "", "", "", "", "", "", ""], "out_var_name_list": ["2"]}, "3": {"index": 3, "var_name": "3", "api": "connected", "attr_count": 2, "_input_count": 3, "_output_count": 1, "dim": [1024], "data_type": "float32", "bias": [256], "weight": [1024, 256], "kernel": null, "in_var_name_list": ["2", "", ""], "out_var_name_list": ["3"]}, "4": {"index": 4, "var_name": "4", "api": "softmax", "attr_count": 0, "_input_count": 1, "_output_count": 1, "dim": [256], "data_type": "float32", "bias": null, "weight": null, "kernel": null, "in_var_name_list": ["3"], "out_var_name_list": ["4"]}, "5": {"index": 5, "var_name": "5", "api": "cost", "attr_count": 1, "_input_count": 1, "_output_count": 1, "dim": [256], "data_type": "float32", "bias": null, "weight": null, "kernel": null, "in_var_name_list": ["4"], "out_var_name_list": ["5"]}}, "node_count": 6, "edge_list": [{"from": ["4", "softmax"], "to": ["5", "cost"]}, {"from": ["2", "rnn"], "to": ["3", "connected"]}, {"from": ["3", "connected"], "to": ["4", "softmax"]}, {"from": ["1", "rnn"], "to": ["2", "rnn"]}, {"from": ["0", "rnn"], "to": ["1", "rnn"]}], "edge_count": 5}