{"filename": "oorrppp2__@@__darknet-pose__@@__109__@@__vgg-conv.cfg", "original_file_size": 1114, "netron_file_size": 18318, "input_dict": {"input": {"data_type": "float32", "dim": [224, 224, 3]}}, "output_dict": {}, "node_dict": {"0": {"index": 0, "var_name": "0", "api": "convolutional", "attr_count": 5, "_input_count": 3, "_output_count": 1, "dim": [224, 224, 3], "data_type": "float32", "bias": [64], "weight": [3, 64, 3, 3], "kernel": null, "in_var_name_list": ["input", "", ""], "out_var_name_list": ["0"]}, "1": {"index": 1, "var_name": "1", "api": "convolutional", "attr_count": 5, "_input_count": 3, "_output_count": 1, "dim": [224, 224, 64], "data_type": "float32", "bias": [64], "weight": [64, 64, 3, 3], "kernel": null, "in_var_name_list": ["0", "", ""], "out_var_name_list": ["1"]}, "2": {"index": 2, "var_name": "2", "api": "maxpool", "attr_count": 2, "_input_count": 1, "_output_count": 1, "dim": [224, 224, 64], "data_type": "float32", "bias": null, "weight": null, "kernel": null, "in_var_name_list": ["1"], "out_var_name_list": ["2"]}, "3": {"index": 3, "var_name": "3", "api": "convolutional", "attr_count": 5, "_input_count": 3, "_output_count": 1, "dim": [112, 112, 64], "data_type": "float32", "bias": [128], "weight": [64, 128, 3, 3], "kernel": null, "in_var_name_list": ["2", "", ""], "out_var_name_list": ["3"]}, "4": {"index": 4, "var_name": "4", "api": "convolutional", "attr_count": 5, "_input_count": 3, "_output_count": 1, "dim": [112, 112, 128], "data_type": "float32", "bias": [128], "weight": [128, 128, 3, 3], "kernel": null, "in_var_name_list": ["3", "", ""], "out_var_name_list": ["4"]}, "5": {"index": 5, "var_name": "5", "api": "maxpool", "attr_count": 2, "_input_count": 1, "_output_count": 1, "dim": [112, 112, 128], "data_type": "float32", "bias": null, "weight": null, "kernel": null, "in_var_name_list": ["4"], "out_var_name_list": ["5"]}, "6": {"index": 6, "var_name": "6", "api": "convolutional", "attr_count": 5, "_input_count": 3, "_output_count": 1, "dim": [56, 56, 128], "data_type": "float32", "bias": [256], "weight": [128, 256, 3, 3], "kernel": null, "in_var_name_list": ["5", "", ""], "out_var_name_list": ["6"]}, "7": {"index": 7, "var_name": "7", "api": "convolutional", "attr_count": 5, "_input_count": 3, "_output_count": 1, "dim": [56, 56, 256], "data_type": "float32", "bias": [256], "weight": [256, 256, 3, 3], "kernel": null, "in_var_name_list": ["6", "", ""], "out_var_name_list": ["7"]}, "8": {"index": 8, "var_name": "8", "api": "convolutional", "attr_count": 5, "_input_count": 3, "_output_count": 1, "dim": [56, 56, 256], "data_type": "float32", "bias": [256], "weight": [256, 256, 3, 3], "kernel": null, "in_var_name_list": ["7", "", ""], "out_var_name_list": ["8"]}, "9": {"index": 9, "var_name": "9", "api": "maxpool", "attr_count": 2, "_input_count": 1, "_output_count": 1, "dim": [56, 56, 256], "data_type": "float32", "bias": null, "weight": null, "kernel": null, "in_var_name_list": ["8"], "out_var_name_list": ["9"]}, "10": {"index": 10, "var_name": "10", "api": "convolutional", "attr_count": 5, "_input_count": 3, "_output_count": 1, "dim": [28, 28, 256], "data_type": "float32", "bias": [512], "weight": [256, 512, 3, 3], "kernel": null, "in_var_name_list": ["9", "", ""], "out_var_name_list": ["10"]}, "11": {"index": 11, "var_name": "11", "api": "convolutional", "attr_count": 5, "_input_count": 3, "_output_count": 1, "dim": [28, 28, 512], "data_type": "float32", "bias": [512], "weight": [512, 512, 3, 3], "kernel": null, "in_var_name_list": ["10", "", ""], "out_var_name_list": ["11"]}, "12": {"index": 12, "var_name": "12", "api": "convolutional", "attr_count": 5, "_input_count": 3, "_output_count": 1, "dim": [28, 28, 512], "data_type": "float32", "bias": [512], "weight": [512, 512, 3, 3], "kernel": null, "in_var_name_list": ["11", "", ""], "out_var_name_list": ["12"]}, "13": {"index": 13, "var_name": "13", "api": "maxpool", "attr_count": 2, "_input_count": 1, "_output_count": 1, "dim": [28, 28, 512], "data_type": "float32", "bias": null, "weight": null, "kernel": null, "in_var_name_list": ["12"], "out_var_name_list": ["13"]}, "14": {"index": 14, "var_name": "14", "api": "convolutional", "attr_count": 5, "_input_count": 3, "_output_count": 1, "dim": [14, 14, 512], "data_type": "float32", "bias": [512], "weight": [512, 512, 3, 3], "kernel": null, "in_var_name_list": ["13", "", ""], "out_var_name_list": ["14"]}, "15": {"index": 15, "var_name": "15", "api": "convolutional", "attr_count": 5, "_input_count": 3, "_output_count": 1, "dim": [14, 14, 512], "data_type": "float32", "bias": [512], "weight": [512, 512, 3, 3], "kernel": null, "in_var_name_list": ["14", "", ""], "out_var_name_list": ["15"]}, "16": {"index": 16, "var_name": "16", "api": "convolutional", "attr_count": 5, "_input_count": 3, "_output_count": 1, "dim": [14, 14, 512], "data_type": "float32", "bias": [512], "weight": [512, 512, 3, 3], "kernel": null, "in_var_name_list": ["15", "", ""], "out_var_name_list": ["16"]}, "17": {"index": 17, "var_name": "17", "api": "maxpool", "attr_count": 2, "_input_count": 1, "_output_count": 1, "dim": [14, 14, 512], "data_type": "float32", "bias": null, "weight": null, "kernel": null, "in_var_name_list": ["16"], "out_var_name_list": ["17"]}}, "node_count": 18, "edge_list": [{"from": ["4", "convolutional"], "to": ["5", "maxpool"]}, {"from": ["6", "convolutional"], "to": ["7", "convolutional"]}, {"from": ["13", "maxpool"], "to": ["14", "convolutional"]}, {"from": ["10", "convolutional"], "to": ["11", "convolutional"]}, {"from": ["7", "convolutional"], "to": ["8", "convolutional"]}, {"from": ["16", "convolutional"], "to": ["17", "maxpool"]}, {"from": ["2", "maxpool"], "to": ["3", "convolutional"]}, {"from": ["3", "convolutional"], "to": ["4", "convolutional"]}, {"from": ["9", "maxpool"], "to": ["10", "convolutional"]}, {"from": ["14", "convolutional"], "to": ["15", "convolutional"]}, {"from": ["12", "convolutional"], "to": ["13", "maxpool"]}, {"from": ["5", "maxpool"], "to": ["6", "convolutional"]}, {"from": ["1", "convolutional"], "to": ["2", "maxpool"]}, {"from": ["8", "convolutional"], "to": ["9", "maxpool"]}, {"from": ["11", "convolutional"], "to": ["12", "convolutional"]}, {"from": ["0", "convolutional"], "to": ["1", "convolutional"]}, {"from": ["15", "convolutional"], "to": ["16", "convolutional"]}], "edge_count": 17}