{"filename": "patelmiteshn__@@__darknet__@@__75__@@__msr_34.cfg", "original_file_size": 3542, "netron_file_size": 70584, "input_dict": {"input": {"data_type": "float32", "dim": [256, 256, 3]}}, "output_dict": {}, "node_dict": {"0": {"index": 0, "var_name": "0", "api": "crop", "attr_count": 6, "_input_count": 1, "_output_count": 1, "dim": [256, 256, 3], "data_type": "float32", "bias": null, "weight": null, "kernel": null, "in_var_name_list": ["input"], "out_var_name_list": ["0"]}, "1": {"index": 1, "var_name": "1", "api": "convolutional", "attr_count": 6, "_input_count": 6, "_output_count": 1, "dim": [224, 224, 3], "data_type": "float32", "bias": [64], "weight": [3, 64, 7, 7], "kernel": null, "in_var_name_list": ["0", "", "", "", "", ""], "out_var_name_list": ["1"]}, "2": {"index": 2, "var_name": "2", "api": "maxpool", "attr_count": 2, "_input_count": 1, "_output_count": 1, "dim": [112, 112, 64], "data_type": "float32", "bias": null, "weight": null, "kernel": null, "in_var_name_list": ["1"], "out_var_name_list": ["2"]}, "3": {"index": 3, "var_name": "3", "api": "convolutional", "attr_count": 6, "_input_count": 6, "_output_count": 1, "dim": [56, 56, 64], "data_type": "float32", "bias": [64], "weight": [64, 64, 3, 3], "kernel": null, "in_var_name_list": ["2", "", "", "", "", ""], "out_var_name_list": ["3"]}, "4": {"index": 4, "var_name": "4", "api": "convolutional", "attr_count": 6, "_input_count": 6, "_output_count": 1, "dim": [56, 56, 64], "data_type": "float32", "bias": [64], "weight": [64, 64, 3, 3], "kernel": null, "in_var_name_list": ["3", "", "", "", "", ""], "out_var_name_list": ["4"]}, "5": {"index": 5, "var_name": "5", "api": "shortcut", "attr_count": 0, "_input_count": 1, "_output_count": 1, "dim": [56, 56, 64], "data_type": "float32", "bias": null, "weight": null, "kernel": null, "in_var_name_list": ["4"], "out_var_name_list": ["5"]}, "6": {"index": 6, "var_name": "6", "api": "convolutional", "attr_count": 6, "_input_count": 6, "_output_count": 1, "dim": [56, 56, 64], "data_type": "float32", "bias": [64], "weight": [64, 64, 3, 3], "kernel": null, "in_var_name_list": ["5", "", "", "", "", ""], "out_var_name_list": ["6"]}, "7": {"index": 7, "var_name": "7", "api": "convolutional", "attr_count": 6, "_input_count": 6, "_output_count": 1, "dim": [56, 56, 64], "data_type": "float32", "bias": [64], "weight": [64, 64, 3, 3], "kernel": null, "in_var_name_list": ["6", "", "", "", "", ""], "out_var_name_list": ["7"]}, "8": {"index": 8, "var_name": "8", "api": "shortcut", "attr_count": 0, "_input_count": 1, "_output_count": 1, "dim": [56, 56, 64], "data_type": "float32", "bias": null, "weight": null, "kernel": null, "in_var_name_list": ["7"], "out_var_name_list": ["8"]}, "9": {"index": 9, "var_name": "9", "api": "convolutional", "attr_count": 6, "_input_count": 6, "_output_count": 1, "dim": [56, 56, 64], "data_type": "float32", "bias": [64], "weight": [64, 64, 3, 3], "kernel": null, "in_var_name_list": ["8", "", "", "", "", ""], "out_var_name_list": ["9"]}, "10": {"index": 10, "var_name": "10", "api": "convolutional", "attr_count": 6, "_input_count": 6, "_output_count": 1, "dim": [56, 56, 64], "data_type": "float32", "bias": [64], "weight": [64, 64, 3, 3], "kernel": null, "in_var_name_list": ["9", "", "", "", "", ""], "out_var_name_list": ["10"]}, "11": {"index": 11, "var_name": "11", "api": "shortcut", "attr_count": 0, "_input_count": 1, "_output_count": 1, "dim": [56, 56, 64], "data_type": "float32", "bias": null, "weight": null, "kernel": null, "in_var_name_list": ["10"], "out_var_name_list": ["11"]}, "12": {"index": 12, "var_name": "12", "api": "convolutional", "attr_count": 6, "_input_count": 6, "_output_count": 1, "dim": [56, 56, 64], "data_type": "float32", "bias": [128], "weight": [64, 128, 3, 3], "kernel": null, "in_var_name_list": ["11", "", "", "", "", ""], "out_var_name_list": ["12"]}, "13": {"index": 13, "var_name": "13", "api": "convolutional", "attr_count": 6, "_input_count": 6, "_output_count": 1, "dim": [28, 28, 128], "data_type": "float32", "bias": [128], "weight": [128, 128, 3, 3], "kernel": null, "in_var_name_list": ["12", "", "", "", "", ""], "out_var_name_list": ["13"]}, "14": {"index": 14, "var_name": "14", "api": "shortcut", "attr_count": 0, "_input_count": 1, "_output_count": 1, "dim": [28, 28, 128], "data_type": "float32", "bias": null, "weight": null, "kernel": null, "in_var_name_list": ["13"], "out_var_name_list": ["14"]}, "15": {"index": 15, "var_name": "15", "api": "convolutional", "attr_count": 6, "_input_count": 6, "_output_count": 1, "dim": [28, 28, 128], "data_type": "float32", "bias": [128], "weight": [128, 128, 3, 3], "kernel": null, "in_var_name_list": ["14", "", "", "", "", ""], "out_var_name_list": ["15"]}, "16": {"index": 16, "var_name": "16", "api": "convolutional", "attr_count": 6, "_input_count": 6, "_output_count": 1, "dim": [28, 28, 128], "data_type": "float32", "bias": [128], "weight": [128, 128, 3, 3], "kernel": null, "in_var_name_list": ["15", "", "", "", "", ""], "out_var_name_list": ["16"]}, "17": {"index": 17, "var_name": "17", "api": "shortcut", "attr_count": 0, "_input_count": 1, "_output_count": 1, "dim": [28, 28, 128], "data_type": "float32", "bias": null, "weight": null, "kernel": null, "in_var_name_list": ["16"], "out_var_name_list": ["17"]}, "18": {"index": 18, "var_name": "18", "api": "convolutional", "attr_count": 6, "_input_count": 6, "_output_count": 1, "dim": [28, 28, 128], "data_type": "float32", "bias": [128], "weight": [128, 128, 3, 3], "kernel": null, "in_var_name_list": ["17", "", "", "", "", ""], "out_var_name_list": ["18"]}, "19": {"index": 19, "var_name": "19", "api": "convolutional", "attr_count": 6, "_input_count": 6, "_output_count": 1, "dim": [28, 28, 128], "data_type": "float32", "bias": [128], "weight": [128, 128, 3, 3], "kernel": null, "in_var_name_list": ["18", "", "", "", "", ""], "out_var_name_list": ["19"]}, "20": {"index": 20, "var_name": "20", "api": "shortcut", "attr_count": 0, "_input_count": 1, "_output_count": 1, "dim": [28, 28, 128], "data_type": "float32", "bias": null, "weight": null, "kernel": null, "in_var_name_list": ["19"], "out_var_name_list": ["20"]}, "21": {"index": 21, "var_name": "21", "api": "convolutional", "attr_count": 6, "_input_count": 6, "_output_count": 1, "dim": [28, 28, 128], "data_type": "float32", "bias": [128], "weight": [128, 128, 3, 3], "kernel": null, "in_var_name_list": ["20", "", "", "", "", ""], "out_var_name_list": ["21"]}, "22": {"index": 22, "var_name": "22", "api": "convolutional", "attr_count": 6, "_input_count": 6, "_output_count": 1, "dim": [28, 28, 128], "data_type": "float32", "bias": [128], "weight": [128, 128, 3, 3], "kernel": null, "in_var_name_list": ["21", "", "", "", "", ""], "out_var_name_list": ["22"]}, "23": {"index": 23, "var_name": "23", "api": "shortcut", "attr_count": 0, "_input_count": 1, "_output_count": 1, "dim": [28, 28, 128], "data_type": "float32", "bias": null, "weight": null, "kernel": null, "in_var_name_list": ["22"], "out_var_name_list": ["23"]}, "24": {"index": 24, "var_name": "24", "api": "convolutional", "attr_count": 6, "_input_count": 6, "_output_count": 1, "dim": [28, 28, 128], "data_type": "float32", "bias": [256], "weight": [128, 256, 3, 3], "kernel": null, "in_var_name_list": ["23", "", "", "", "", ""], "out_var_name_list": ["24"]}, "25": {"index": 25, "var_name": "25", "api": "convolutional", "attr_count": 6, "_input_count": 6, "_output_count": 1, "dim": [14, 14, 256], "data_type": "float32", "bias": [256], "weight": [256, 256, 3, 3], "kernel": null, "in_var_name_list": ["24", "", "", "", "", ""], "out_var_name_list": ["25"]}, "26": {"index": 26, "var_name": "26", "api": "shortcut", "attr_count": 0, "_input_count": 1, "_output_count": 1, "dim": [14, 14, 256], "data_type": "float32", "bias": null, "weight": null, "kernel": null, "in_var_name_list": ["25"], "out_var_name_list": ["26"]}, "27": {"index": 27, "var_name": "27", "api": "convolutional", "attr_count": 6, "_input_count": 6, "_output_count": 1, "dim": [14, 14, 256], "data_type": "float32", "bias": [256], "weight": [256, 256, 3, 3], "kernel": null, "in_var_name_list": ["26", "", "", "", "", ""], "out_var_name_list": ["27"]}, "28": {"index": 28, "var_name": "28", "api": "convolutional", "attr_count": 6, "_input_count": 6, "_output_count": 1, "dim": [14, 14, 256], "data_type": "float32", "bias": [256], "weight": [256, 256, 3, 3], "kernel": null, "in_var_name_list": ["27", "", "", "", "", ""], "out_var_name_list": ["28"]}, "29": {"index": 29, "var_name": "29", "api": "shortcut", "attr_count": 0, "_input_count": 1, "_output_count": 1, "dim": [14, 14, 256], "data_type": "float32", "bias": null, "weight": null, "kernel": null, "in_var_name_list": ["28"], "out_var_name_list": ["29"]}, "30": {"index": 30, "var_name": "30", "api": "convolutional", "attr_count": 6, "_input_count": 6, "_output_count": 1, "dim": [14, 14, 256], "data_type": "float32", "bias": [256], "weight": [256, 256, 3, 3], "kernel": null, "in_var_name_list": ["29", "", "", "", "", ""], "out_var_name_list": ["30"]}, "31": {"index": 31, "var_name": "31", "api": "convolutional", "attr_count": 6, "_input_count": 6, "_output_count": 1, "dim": [14, 14, 256], "data_type": "float32", "bias": [256], "weight": [256, 256, 3, 3], "kernel": null, "in_var_name_list": ["30", "", "", "", "", ""], "out_var_name_list": ["31"]}, "32": {"index": 32, "var_name": "32", "api": "shortcut", "attr_count": 0, "_input_count": 1, "_output_count": 1, "dim": [14, 14, 256], "data_type": "float32", "bias": null, "weight": null, "kernel": null, "in_var_name_list": ["31"], "out_var_name_list": ["32"]}, "33": {"index": 33, "var_name": "33", "api": "convolutional", "attr_count": 6, "_input_count": 6, "_output_count": 1, "dim": [14, 14, 256], "data_type": "float32", "bias": [256], "weight": [256, 256, 3, 3], "kernel": null, "in_var_name_list": ["32", "", "", "", "", ""], "out_var_name_list": ["33"]}, "34": {"index": 34, "var_name": "34", "api": "convolutional", "attr_count": 6, "_input_count": 6, "_output_count": 1, "dim": [14, 14, 256], "data_type": "float32", "bias": [256], "weight": [256, 256, 3, 3], "kernel": null, "in_var_name_list": ["33", "", "", "", "", ""], "out_var_name_list": ["34"]}, "35": {"index": 35, "var_name": "35", "api": "shortcut", "attr_count": 0, "_input_count": 1, "_output_count": 1, "dim": [14, 14, 256], "data_type": "float32", "bias": null, "weight": null, "kernel": null, "in_var_name_list": ["34"], "out_var_name_list": ["35"]}, "36": {"index": 36, "var_name": "36", "api": "convolutional", "attr_count": 6, "_input_count": 6, "_output_count": 1, "dim": [14, 14, 256], "data_type": "float32", "bias": [256], "weight": [256, 256, 3, 3], "kernel": null, "in_var_name_list": ["35", "", "", "", "", ""], "out_var_name_list": ["36"]}, "37": {"index": 37, "var_name": "37", "api": "convolutional", "attr_count": 6, "_input_count": 6, "_output_count": 1, "dim": [14, 14, 256], "data_type": "float32", "bias": [256], "weight": [256, 256, 3, 3], "kernel": null, "in_var_name_list": ["36", "", "", "", "", ""], "out_var_name_list": ["37"]}, "38": {"index": 38, "var_name": "38", "api": "shortcut", "attr_count": 0, "_input_count": 1, "_output_count": 1, "dim": [14, 14, 256], "data_type": "float32", "bias": null, "weight": null, "kernel": null, "in_var_name_list": ["37"], "out_var_name_list": ["38"]}, "39": {"index": 39, "var_name": "39", "api": "convolutional", "attr_count": 6, "_input_count": 6, "_output_count": 1, "dim": [14, 14, 256], "data_type": "float32", "bias": [256], "weight": [256, 256, 3, 3], "kernel": null, "in_var_name_list": ["38", "", "", "", "", ""], "out_var_name_list": ["39"]}, "40": {"index": 40, "var_name": "40", "api": "convolutional", "attr_count": 6, "_input_count": 6, "_output_count": 1, "dim": [14, 14, 256], "data_type": "float32", "bias": [256], "weight": [256, 256, 3, 3], "kernel": null, "in_var_name_list": ["39", "", "", "", "", ""], "out_var_name_list": ["40"]}, "41": {"index": 41, "var_name": "41", "api": "shortcut", "attr_count": 0, "_input_count": 1, "_output_count": 1, "dim": [14, 14, 256], "data_type": "float32", "bias": null, "weight": null, "kernel": null, "in_var_name_list": ["40"], "out_var_name_list": ["41"]}, "42": {"index": 42, "var_name": "42", "api": "convolutional", "attr_count": 6, "_input_count": 6, "_output_count": 1, "dim": [14, 14, 256], "data_type": "float32", "bias": [512], "weight": [256, 512, 3, 3], "kernel": null, "in_var_name_list": ["41", "", "", "", "", ""], "out_var_name_list": ["42"]}, "43": {"index": 43, "var_name": "43", "api": "convolutional", "attr_count": 6, "_input_count": 6, "_output_count": 1, "dim": [7, 7, 512], "data_type": "float32", "bias": [512], "weight": [512, 512, 3, 3], "kernel": null, "in_var_name_list": ["42", "", "", "", "", ""], "out_var_name_list": ["43"]}, "44": {"index": 44, "var_name": "44", "api": "shortcut", "attr_count": 0, "_input_count": 1, "_output_count": 1, "dim": [7, 7, 512], "data_type": "float32", "bias": null, "weight": null, "kernel": null, "in_var_name_list": ["43"], "out_var_name_list": ["44"]}, "45": {"index": 45, "var_name": "45", "api": "convolutional", "attr_count": 6, "_input_count": 6, "_output_count": 1, "dim": [7, 7, 512], "data_type": "float32", "bias": [512], "weight": [512, 512, 3, 3], "kernel": null, "in_var_name_list": ["44", "", "", "", "", ""], "out_var_name_list": ["45"]}, "46": {"index": 46, "var_name": "46", "api": "convolutional", "attr_count": 6, "_input_count": 6, "_output_count": 1, "dim": [7, 7, 512], "data_type": "float32", "bias": [512], "weight": [512, 512, 3, 3], "kernel": null, "in_var_name_list": ["45", "", "", "", "", ""], "out_var_name_list": ["46"]}, "47": {"index": 47, "var_name": "47", "api": "shortcut", "attr_count": 0, "_input_count": 1, "_output_count": 1, "dim": [7, 7, 512], "data_type": "float32", "bias": null, "weight": null, "kernel": null, "in_var_name_list": ["46"], "out_var_name_list": ["47"]}, "48": {"index": 48, "var_name": "48", "api": "convolutional", "attr_count": 6, "_input_count": 6, "_output_count": 1, "dim": [7, 7, 512], "data_type": "float32", "bias": [512], "weight": [512, 512, 3, 3], "kernel": null, "in_var_name_list": ["47", "", "", "", "", ""], "out_var_name_list": ["48"]}, "49": {"index": 49, "var_name": "49", "api": "convolutional", "attr_count": 6, "_input_count": 6, "_output_count": 1, "dim": [7, 7, 512], "data_type": "float32", "bias": [512], "weight": [512, 512, 3, 3], "kernel": null, "in_var_name_list": ["48", "", "", "", "", ""], "out_var_name_list": ["49"]}, "50": {"index": 50, "var_name": "50", "api": "shortcut", "attr_count": 0, "_input_count": 1, "_output_count": 1, "dim": [7, 7, 512], "data_type": "float32", "bias": null, "weight": null, "kernel": null, "in_var_name_list": ["49"], "out_var_name_list": ["50"]}, "51": {"index": 51, "var_name": "51", "api": "avgpool", "attr_count": 0, "_input_count": 1, "_output_count": 1, "dim": [7, 7, 512], "data_type": "float32", "bias": null, "weight": null, "kernel": null, "in_var_name_list": ["50"], "out_var_name_list": ["51"]}, "52": {"index": 52, "var_name": "52", "api": "connected", "attr_count": 2, "_input_count": 3, "_output_count": 1, "dim": [1, 1, 512], "data_type": "float32", "bias": [1000], "weight": [512, 1000], "kernel": null, "in_var_name_list": ["51", "", ""], "out_var_name_list": ["52"]}, "53": {"index": 53, "var_name": "53", "api": "softmax", "attr_count": 1, "_input_count": 1, "_output_count": 1, "dim": [1000], "data_type": "float32", "bias": null, "weight": null, "kernel": null, "in_var_name_list": ["52"], "out_var_name_list": ["53"]}, "54": {"index": 54, "var_name": "54", "api": "cost", "attr_count": 1, "_input_count": 1, "_output_count": 1, "dim": [1000], "data_type": "float32", "bias": null, "weight": null, "kernel": null, "in_var_name_list": ["53"], "out_var_name_list": ["54"]}}, "node_count": 55, "edge_list": [{"from": ["13", "convolutional"], "to": ["14", "shortcut"]}, {"from": ["48", "convolutional"], "to": ["49", "convolutional"]}, {"from": ["7", "convolutional"], "to": ["8", "shortcut"]}, {"from": ["20", "shortcut"], "to": ["21", "convolutional"]}, {"from": ["46", "convolutional"], "to": ["47", "shortcut"]}, {"from": ["9", "convolutional"], "to": ["10", "convolutional"]}, {"from": ["3", "convolutional"], "to": ["4", "convolutional"]}, {"from": ["17", "shortcut"], "to": ["18", "convolutional"]}, {"from": ["22", "convolutional"], "to": ["23", "shortcut"]}, {"from": ["45", "convolutional"], "to": ["46", "convolutional"]}, {"from": ["21", "convolutional"], "to": ["22", "convolutional"]}, {"from": ["5", "shortcut"], "to": ["6", "convolutional"]}, {"from": ["28", "convolutional"], "to": ["29", "shortcut"]}, {"from": ["11", "shortcut"], "to": ["12", "convolutional"]}, {"from": ["25", "convolutional"], "to": ["26", "shortcut"]}, {"from": ["53", "softmax"], "to": ["54", "cost"]}, {"from": ["24", "convolutional"], "to": ["25", "convolutional"]}, {"from": ["6", "convolutional"], "to": ["7", "convolutional"]}, {"from": ["19", "convolutional"], "to": ["20", "shortcut"]}, {"from": ["42", "convolutional"], "to": ["43", "convolutional"]}, {"from": ["23", "shortcut"], "to": ["24", "convolutional"]}, {"from": ["12", "convolutional"], "to": ["13", "convolutional"]}, {"from": ["35", "shortcut"], "to": ["36", "convolutional"]}, {"from": ["1", "convolutional"], "to": ["2", "maxpool"]}, {"from": ["31", "convolutional"], "to": ["32", "shortcut"]}, {"from": ["32", "shortcut"], "to": ["33", "convolutional"]}, {"from": ["10", "convolutional"], "to": ["11", "shortcut"]}, {"from": ["27", "convolutional"], "to": ["28", "convolutional"]}, {"from": ["29", "shortcut"], "to": ["30", "convolutional"]}, {"from": ["33", "convolutional"], "to": ["34", "convolutional"]}, {"from": ["43", "convolutional"], "to": ["44", "shortcut"]}, {"from": ["36", "convolutional"], "to": ["37", "convolutional"]}, {"from": ["40", "convolutional"], "to": ["41", "shortcut"]}, {"from": ["0", "crop"], "to": ["1", "convolutional"]}, {"from": ["30", "convolutional"], "to": ["31", "convolutional"]}, {"from": ["15", "convolutional"], "to": ["16", "convolutional"]}, {"from": ["4", "convolutional"], "to": ["5", "shortcut"]}, {"from": ["50", "shortcut"], "to": ["51", "avgpool"]}, {"from": ["16", "convolutional"], "to": ["17", "shortcut"]}, {"from": ["38", "shortcut"], "to": ["39", "convolutional"]}, {"from": ["44", "shortcut"], "to": ["45", "convolutional"]}, {"from": ["49", "convolutional"], "to": ["50", "shortcut"]}, {"from": ["2", "maxpool"], "to": ["3", "convolutional"]}, {"from": ["37", "convolutional"], "to": ["38", "shortcut"]}, {"from": ["52", "connected"], "to": ["53", "softmax"]}, {"from": ["39", "convolutional"], "to": ["40", "convolutional"]}, {"from": ["47", "shortcut"], "to": ["48", "convolutional"]}, {"from": ["8", "shortcut"], "to": ["9", "convolutional"]}, {"from": ["18", "convolutional"], "to": ["19", "convolutional"]}, {"from": ["26", "shortcut"], "to": ["27", "convolutional"]}, {"from": ["14", "shortcut"], "to": ["15", "convolutional"]}, {"from": ["41", "shortcut"], "to": ["42", "convolutional"]}, {"from": ["51", "avgpool"], "to": ["52", "connected"]}, {"from": ["34", "convolutional"], "to": ["35", "shortcut"]}], "edge_count": 54}