{"filename": "qilei123__@@__pyfasterrcnn__@@__53__@@__stage1_rpn_train.pt", "original_file_size": 5326, "netron_file_size": 219614, "input_dict": {}, "output_dict": {}, "node_dict": {"input-data": {"index": 0, "var_name": "input-data", "api": "Python", "attr_count": 3, "_input_count": 0, "_output_count": 3, "dim": null, "data_type": null, "bias": null, "weight": null, "kernel": null, "in_var_name_list": [], "out_var_name_list": ["data", "im_info", "gt_boxes"]}, "conv1": {"index": 1, "var_name": "conv1", "api": "Convolution", "attr_count": 5, "_input_count": 3, "_output_count": 1, "dim": null, "data_type": null, "bias": null, "weight": null, "kernel": null, "in_var_name_list": ["data", "filter", "bias"], "out_var_name_list": ["conv1"]}, "norm1": {"index": 2, "var_name": "norm1", "api": "LRN", "attr_count": 4, "_input_count": 1, "_output_count": 1, "dim": null, "data_type": null, "bias": null, "weight": null, "kernel": null, "in_var_name_list": ["conv1"], "out_var_name_list": ["norm1"]}, "pool1": {"index": 3, "var_name": "pool1", "api": "Pooling", "attr_count": 3, "_input_count": 1, "_output_count": 1, "dim": null, "data_type": null, "bias": null, "weight": null, "kernel": null, "in_var_name_list": ["norm1"], "out_var_name_list": ["pool1"]}, "conv2": {"index": 4, "var_name": "conv2", "api": "Convolution", "attr_count": 5, "_input_count": 3, "_output_count": 1, "dim": null, "data_type": null, "bias": null, "weight": null, "kernel": null, "in_var_name_list": ["pool1", "filter", "bias"], "out_var_name_list": ["conv2"]}, "norm2": {"index": 5, "var_name": "norm2", "api": "LRN", "attr_count": 4, "_input_count": 1, "_output_count": 1, "dim": null, "data_type": null, "bias": null, "weight": null, "kernel": null, "in_var_name_list": ["conv2"], "out_var_name_list": ["norm2"]}, "pool2": {"index": 6, "var_name": "pool2", "api": "Pooling", "attr_count": 3, "_input_count": 1, "_output_count": 1, "dim": null, "data_type": null, "bias": null, "weight": null, "kernel": null, "in_var_name_list": ["norm2"], "out_var_name_list": ["pool2"]}, "conv3": {"index": 7, "var_name": "conv3", "api": "Convolution", "attr_count": 5, "_input_count": 3, "_output_count": 1, "dim": null, "data_type": null, "bias": null, "weight": null, "kernel": null, "in_var_name_list": ["pool2", "filter", "bias"], "out_var_name_list": ["conv3"]}, "conv4": {"index": 8, "var_name": "conv4", "api": "Convolution", "attr_count": 5, "_input_count": 3, "_output_count": 1, "dim": null, "data_type": null, "bias": null, "weight": null, "kernel": null, "in_var_name_list": ["conv3", "filter", "bias"], "out_var_name_list": ["conv4"]}, "conv5": {"index": 9, "var_name": "conv5", "api": "Convolution", "attr_count": 5, "_input_count": 3, "_output_count": 1, "dim": null, "data_type": null, "bias": null, "weight": null, "kernel": null, "in_var_name_list": ["conv4", "filter", "bias"], "out_var_name_list": ["conv5"]}, "rpn_conv1": {"index": 10, "var_name": "rpn_conv1", "api": "Convolution", "attr_count": 7, "_input_count": 3, "_output_count": 1, "dim": null, "data_type": null, "bias": null, "weight": null, "kernel": null, "in_var_name_list": ["conv5", "filter", "bias"], "out_var_name_list": ["rpn_conv1"]}, "rpn_cls_score": {"index": 11, "var_name": "rpn_cls_score", "api": "Convolution", "attr_count": 7, "_input_count": 3, "_output_count": 1, "dim": null, "data_type": null, "bias": null, "weight": null, "kernel": null, "in_var_name_list": ["rpn_conv1", "filter", "bias"], "out_var_name_list": ["rpn_cls_score"]}, "rpn_bbox_pred": {"index": 12, "var_name": "rpn_bbox_pred", "api": "Convolution", "attr_count": 7, "_input_count": 3, "_output_count": 1, "dim": null, "data_type": null, "bias": null, "weight": null, "kernel": null, "in_var_name_list": ["rpn_conv1", "filter", "bias"], "out_var_name_list": ["rpn_bbox_pred"]}, "rpn_cls_score_reshape": {"index": 13, "var_name": "rpn_cls_score_reshape", "api": "Reshape", "attr_count": 1, "_input_count": 1, "_output_count": 1, "dim": null, "data_type": null, "bias": null, "weight": null, "kernel": null, "in_var_name_list": ["rpn_cls_score"], "out_var_name_list": ["rpn_cls_score_reshape"]}, "rpn-data": {"index": 14, "var_name": "rpn-data", "api": "Python", "attr_count": 3, "_input_count": 4, "_output_count": 4, "dim": null, "data_type": null, "bias": null, "weight": null, "kernel": null, "in_var_name_list": ["rpn_cls_score", "gt_boxes", "im_info", "data"], "out_var_name_list": ["rpn_labels", "rpn_bbox_targets", "rpn_bbox_inside_weights", "rpn_bbox_outside_weights"]}, "rpn_loss_cls": {"index": 15, "var_name": "rpn_loss_cls", "api": "SoftmaxWithLoss", "attr_count": 2, "_input_count": 2, "_output_count": 1, "dim": null, "data_type": null, "bias": null, "weight": null, "kernel": null, "in_var_name_list": ["rpn_cls_score_reshape", "rpn_labels"], "out_var_name_list": ["rpn_cls_loss"]}, "rpn_loss_bbox": {"index": 16, "var_name": "rpn_loss_bbox", "api": "SmoothL1Loss", "attr_count": 1, "_input_count": 4, "_output_count": 1, "dim": null, "data_type": null, "bias": null, "weight": null, "kernel": null, "in_var_name_list": ["rpn_bbox_pred", "rpn_bbox_targets", "rpn_bbox_inside_weights", "rpn_bbox_outside_weights"], "out_var_name_list": ["rpn_loss_bbox"]}, "dummy_roi_pool_conv5": {"index": 17, "var_name": "dummy_roi_pool_conv5", "api": "DummyData", "attr_count": 6, "_input_count": 0, "_output_count": 1, "dim": null, "data_type": null, "bias": null, "weight": null, "kernel": null, "in_var_name_list": [], "out_var_name_list": ["dummy_roi_pool_conv5"]}, "fc6": {"index": 18, "var_name": "fc6", "api": "InnerProduct", "attr_count": 1, "_input_count": 3, "_output_count": 1, "dim": null, "data_type": null, "bias": null, "weight": null, "kernel": null, "in_var_name_list": ["dummy_roi_pool_conv5", "weights", "bias"], "out_var_name_list": ["fc6"]}, "fc7": {"index": 19, "var_name": "fc7", "api": "InnerProduct", "attr_count": 1, "_input_count": 3, "_output_count": 1, "dim": null, "data_type": null, "bias": null, "weight": null, "kernel": null, "in_var_name_list": ["fc6", "weights", "bias"], "out_var_name_list": ["fc7"]}, "silence_fc7": {"index": 20, "var_name": "silence_fc7", "api": "Silence", "attr_count": 0, "_input_count": 1, "_output_count": 0, "dim": null, "data_type": null, "bias": null, "weight": null, "kernel": null, "in_var_name_list": ["fc7"], "out_var_name_list": []}}, "node_count": 21, "edge_list": [{"from": ["dummy_roi_pool_conv5", "DummyData"], "to": ["fc6", "InnerProduct"]}, {"from": ["fc6", "InnerProduct"], "to": ["fc7", "InnerProduct"]}, {"from": ["rpn_cls_score", "Convolution"], "to": ["rpn_cls_score_reshape", "Reshape"]}, {"from": ["rpn_conv1", "Convolution"], "to": ["rpn_bbox_pred", "Convolution"]}, {"from": ["rpn_bbox_pred", "Convolution"], "to": ["rpn_loss_bbox", "SmoothL1Loss"]}, {"from": ["input-data", "Python"], "to": ["rpn-data", "Python"]}, {"from": ["rpn_cls_score", "Convolution"], "to": ["rpn-data", "Python"]}, {"from": ["fc7", "InnerProduct"], "to": ["silence_fc7", "Silence"]}, {"from": ["conv3", "Convolution"], "to": ["conv4", "Convolution"]}, {"from": ["conv5", "Convolution"], "to": ["rpn_conv1", "Convolution"]}, {"from": ["pool1", "Pooling"], "to": ["conv2", "Convolution"]}, {"from": ["norm2", "LRN"], "to": ["pool2", "Pooling"]}, {"from": ["rpn_cls_score_reshape", "Reshape"], "to": ["rpn_loss_cls", "SoftmaxWithLoss"]}, {"from": ["rpn_conv1", "Convolution"], "to": ["rpn_cls_score", "Convolution"]}, {"from": ["norm1", "LRN"], "to": ["pool1", "Pooling"]}, {"from": ["rpn-data", "Python"], "to": ["rpn_loss_bbox", "SmoothL1Loss"]}, {"from": ["conv2", "Convolution"], "to": ["norm2", "LRN"]}, {"from": ["rpn-data", "Python"], "to": ["rpn_loss_cls", "SoftmaxWithLoss"]}, {"from": ["conv1", "Convolution"], "to": ["norm1", "LRN"]}, {"from": ["input-data", "Python"], "to": ["conv1", "Convolution"]}, {"from": ["pool2", "Pooling"], "to": ["conv3", "Convolution"]}, {"from": ["conv4", "Convolution"], "to": ["conv5", "Convolution"]}], "edge_count": 22}