{"filename": "slme1109__@@__lyrics-generator__@@__6__@@__decoder.h5", "original_file_size": 5182604, "netron_file_size": 66824592, "input_dict": {"input_2": {"data_type": "float32", "dim": ["?", "?"]}, "input_3": {"data_type": "float32", "dim": ["?", 150]}, "input_4": {"data_type": "float32", "dim": ["?", 150]}}, "output_dict": {"dense_1": {"data_type": 0, "dim": 0}, "lstm_2:1": {"data_type": 0, "dim": 0}, "lstm_2:2": {"data_type": 0, "dim": 0}}, "node_dict": {"embedding_1": {"index": 0, "var_name": "embedding_1", "api": "Embedding", "attr_count": 7, "_input_count": 2, "_output_count": 1, "dim": null, "data_type": null, "bias": null, "weight": null, "kernel": null, "in_var_name_list": ["input_2", "embedding_1_3/embeddings:0"], "out_var_name_list": ["embedding_1"]}, "lstm_2": {"index": 1, "var_name": "lstm_2", "api": "LSTM", "attr_count": 17, "_input_count": 6, "_output_count": 3, "dim": null, "data_type": null, "bias": [600], "weight": null, "kernel": [150, 600], "in_var_name_list": ["embedding_1", "input_3", "input_4", "lstm_2_1/kernel:0", "lstm_2_1/recurrent_kernel:0", "lstm_2_1/bias:0"], "out_var_name_list": ["lstm_2", "lstm_2:1", "lstm_2:2"]}, "dense_1": {"index": 2, "var_name": "dense_1", "api": "Dense", "attr_count": 6, "_input_count": 3, "_output_count": 1, "dim": null, "data_type": null, "bias": [5823], "weight": null, "kernel": [150, 5823], "in_var_name_list": ["lstm_2", "dense_1_1/kernel:0", "dense_1_1/bias:0"], "out_var_name_list": ["dense_1"]}}, "node_count": 3, "edge_list": [{"from": ["embedding_1", "Embedding"], "to": ["lstm_2", "LSTM"]}, {"from": ["lstm_2", "LSTM"], "to": ["dense_1", "Dense"]}], "edge_count": 2}