{"filename": "solapark__@@__darknet_partdet__@@__70__@@__darknet19.cfg", "original_file_size": 1963, "netron_file_size": 34872, "input_dict": {"input": {"data_type": "float32", "dim": [224, 224, 3]}}, "output_dict": {}, "node_dict": {"0": {"index": 0, "var_name": "0", "api": "convolutional", "attr_count": 6, "_input_count": 6, "_output_count": 1, "dim": [224, 224, 3], "data_type": "float32", "bias": [32], "weight": [3, 32, 3, 3], "kernel": null, "in_var_name_list": ["input", "", "", "", "", ""], "out_var_name_list": ["0"]}, "1": {"index": 1, "var_name": "1", "api": "maxpool", "attr_count": 2, "_input_count": 1, "_output_count": 1, "dim": [224, 224, 32], "data_type": "float32", "bias": null, "weight": null, "kernel": null, "in_var_name_list": ["0"], "out_var_name_list": ["1"]}, "2": {"index": 2, "var_name": "2", "api": "convolutional", "attr_count": 6, "_input_count": 6, "_output_count": 1, "dim": [112, 112, 32], "data_type": "float32", "bias": [64], "weight": [32, 64, 3, 3], "kernel": null, "in_var_name_list": ["1", "", "", "", "", ""], "out_var_name_list": ["2"]}, "3": {"index": 3, "var_name": "3", "api": "maxpool", "attr_count": 2, "_input_count": 1, "_output_count": 1, "dim": [112, 112, 64], "data_type": "float32", "bias": null, "weight": null, "kernel": null, "in_var_name_list": ["2"], "out_var_name_list": ["3"]}, "4": {"index": 4, "var_name": "4", "api": "convolutional", "attr_count": 6, "_input_count": 6, "_output_count": 1, "dim": [56, 56, 64], "data_type": "float32", "bias": [128], "weight": [64, 128, 3, 3], "kernel": null, "in_var_name_list": ["3", "", "", "", "", ""], "out_var_name_list": ["4"]}, "5": {"index": 5, "var_name": "5", "api": "convolutional", "attr_count": 6, "_input_count": 6, "_output_count": 1, "dim": [56, 56, 128], "data_type": "float32", "bias": [64], "weight": [128, 64, 1, 1], "kernel": null, "in_var_name_list": ["4", "", "", "", "", ""], "out_var_name_list": ["5"]}, "6": {"index": 6, "var_name": "6", "api": "convolutional", "attr_count": 6, "_input_count": 6, "_output_count": 1, "dim": [56, 56, 64], "data_type": "float32", "bias": [128], "weight": [64, 128, 3, 3], "kernel": null, "in_var_name_list": ["5", "", "", "", "", ""], "out_var_name_list": ["6"]}, "7": {"index": 7, "var_name": "7", "api": "maxpool", "attr_count": 2, "_input_count": 1, "_output_count": 1, "dim": [56, 56, 128], "data_type": "float32", "bias": null, "weight": null, "kernel": null, "in_var_name_list": ["6"], "out_var_name_list": ["7"]}, "8": {"index": 8, "var_name": "8", "api": "convolutional", "attr_count": 6, "_input_count": 6, "_output_count": 1, "dim": [28, 28, 128], "data_type": "float32", "bias": [256], "weight": [128, 256, 3, 3], "kernel": null, "in_var_name_list": ["7", "", "", "", "", ""], "out_var_name_list": ["8"]}, "9": {"index": 9, "var_name": "9", "api": "convolutional", "attr_count": 6, "_input_count": 6, "_output_count": 1, "dim": [28, 28, 256], "data_type": "float32", "bias": [128], "weight": [256, 128, 1, 1], "kernel": null, "in_var_name_list": ["8", "", "", "", "", ""], "out_var_name_list": ["9"]}, "10": {"index": 10, "var_name": "10", "api": "convolutional", "attr_count": 6, "_input_count": 6, "_output_count": 1, "dim": [28, 28, 128], "data_type": "float32", "bias": [256], "weight": [128, 256, 3, 3], "kernel": null, "in_var_name_list": ["9", "", "", "", "", ""], "out_var_name_list": ["10"]}, "11": {"index": 11, "var_name": "11", "api": "maxpool", "attr_count": 2, "_input_count": 1, "_output_count": 1, "dim": [28, 28, 256], "data_type": "float32", "bias": null, "weight": null, "kernel": null, "in_var_name_list": ["10"], "out_var_name_list": ["11"]}, "12": {"index": 12, "var_name": "12", "api": "convolutional", "attr_count": 6, "_input_count": 6, "_output_count": 1, "dim": [14, 14, 256], "data_type": "float32", "bias": [512], "weight": [256, 512, 3, 3], "kernel": null, "in_var_name_list": ["11", "", "", "", "", ""], "out_var_name_list": ["12"]}, "13": {"index": 13, "var_name": "13", "api": "convolutional", "attr_count": 6, "_input_count": 6, "_output_count": 1, "dim": [14, 14, 512], "data_type": "float32", "bias": [256], "weight": [512, 256, 1, 1], "kernel": null, "in_var_name_list": ["12", "", "", "", "", ""], "out_var_name_list": ["13"]}, "14": {"index": 14, "var_name": "14", "api": "convolutional", "attr_count": 6, "_input_count": 6, "_output_count": 1, "dim": [14, 14, 256], "data_type": "float32", "bias": [512], "weight": [256, 512, 3, 3], "kernel": null, "in_var_name_list": ["13", "", "", "", "", ""], "out_var_name_list": ["14"]}, "15": {"index": 15, "var_name": "15", "api": "convolutional", "attr_count": 6, "_input_count": 6, "_output_count": 1, "dim": [14, 14, 512], "data_type": "float32", "bias": [256], "weight": [512, 256, 1, 1], "kernel": null, "in_var_name_list": ["14", "", "", "", "", ""], "out_var_name_list": ["15"]}, "16": {"index": 16, "var_name": "16", "api": "convolutional", "attr_count": 6, "_input_count": 6, "_output_count": 1, "dim": [14, 14, 256], "data_type": "float32", "bias": [512], "weight": [256, 512, 3, 3], "kernel": null, "in_var_name_list": ["15", "", "", "", "", ""], "out_var_name_list": ["16"]}, "17": {"index": 17, "var_name": "17", "api": "maxpool", "attr_count": 2, "_input_count": 1, "_output_count": 1, "dim": [14, 14, 512], "data_type": "float32", "bias": null, "weight": null, "kernel": null, "in_var_name_list": ["16"], "out_var_name_list": ["17"]}, "18": {"index": 18, "var_name": "18", "api": "convolutional", "attr_count": 6, "_input_count": 6, "_output_count": 1, "dim": [7, 7, 512], "data_type": "float32", "bias": [1024], "weight": [512, 1024, 3, 3], "kernel": null, "in_var_name_list": ["17", "", "", "", "", ""], "out_var_name_list": ["18"]}, "19": {"index": 19, "var_name": "19", "api": "convolutional", "attr_count": 6, "_input_count": 6, "_output_count": 1, "dim": [7, 7, 1024], "data_type": "float32", "bias": [512], "weight": [1024, 512, 1, 1], "kernel": null, "in_var_name_list": ["18", "", "", "", "", ""], "out_var_name_list": ["19"]}, "20": {"index": 20, "var_name": "20", "api": "convolutional", "attr_count": 6, "_input_count": 6, "_output_count": 1, "dim": [7, 7, 512], "data_type": "float32", "bias": [1024], "weight": [512, 1024, 3, 3], "kernel": null, "in_var_name_list": ["19", "", "", "", "", ""], "out_var_name_list": ["20"]}, "21": {"index": 21, "var_name": "21", "api": "convolutional", "attr_count": 6, "_input_count": 6, "_output_count": 1, "dim": [7, 7, 1024], "data_type": "float32", "bias": [512], "weight": [1024, 512, 1, 1], "kernel": null, "in_var_name_list": ["20", "", "", "", "", ""], "out_var_name_list": ["21"]}, "22": {"index": 22, "var_name": "22", "api": "convolutional", "attr_count": 6, "_input_count": 6, "_output_count": 1, "dim": [7, 7, 512], "data_type": "float32", "bias": [1024], "weight": [512, 1024, 3, 3], "kernel": null, "in_var_name_list": ["21", "", "", "", "", ""], "out_var_name_list": ["22"]}, "23": {"index": 23, "var_name": "23", "api": "convolutional", "attr_count": 5, "_input_count": 3, "_output_count": 1, "dim": [7, 7, 1024], "data_type": "float32", "bias": [1000], "weight": [1024, 1000, 1, 1], "kernel": null, "in_var_name_list": ["22", "", ""], "out_var_name_list": ["23"]}, "24": {"index": 24, "var_name": "24", "api": "avgpool", "attr_count": 0, "_input_count": 1, "_output_count": 1, "dim": [7, 7, 1000], "data_type": "float32", "bias": null, "weight": null, "kernel": null, "in_var_name_list": ["23"], "out_var_name_list": ["24"]}, "25": {"index": 25, "var_name": "25", "api": "softmax", "attr_count": 1, "_input_count": 1, "_output_count": 1, "dim": [1, 1, 1000], "data_type": "float32", "bias": null, "weight": null, "kernel": null, "in_var_name_list": ["24"], "out_var_name_list": ["25"]}, "26": {"index": 26, "var_name": "26", "api": "cost", "attr_count": 1, "_input_count": 1, "_output_count": 1, "dim": [1000], "data_type": "float32", "bias": null, "weight": null, "kernel": null, "in_var_name_list": ["25"], "out_var_name_list": ["26"]}}, "node_count": 27, "edge_list": [{"from": ["13", "convolutional"], "to": ["14", "convolutional"]}, {"from": ["7", "maxpool"], "to": ["8", "convolutional"]}, {"from": ["20", "convolutional"], "to": ["21", "convolutional"]}, {"from": ["9", "convolutional"], "to": ["10", "convolutional"]}, {"from": ["3", "maxpool"], "to": ["4", "convolutional"]}, {"from": ["17", "maxpool"], "to": ["18", "convolutional"]}, {"from": ["22", "convolutional"], "to": ["23", "convolutional"]}, {"from": ["21", "convolutional"], "to": ["22", "convolutional"]}, {"from": ["5", "convolutional"], "to": ["6", "convolutional"]}, {"from": ["11", "maxpool"], "to": ["12", "convolutional"]}, {"from": ["25", "softmax"], "to": ["26", "cost"]}, {"from": ["24", "avgpool"], "to": ["25", "softmax"]}, {"from": ["6", "convolutional"], "to": ["7", "maxpool"]}, {"from": ["19", "convolutional"], "to": ["20", "convolutional"]}, {"from": ["23", "convolutional"], "to": ["24", "avgpool"]}, {"from": ["12", "convolutional"], "to": ["13", "convolutional"]}, {"from": ["1", "maxpool"], "to": ["2", "convolutional"]}, {"from": ["10", "convolutional"], "to": ["11", "maxpool"]}, {"from": ["0", "convolutional"], "to": ["1", "maxpool"]}, {"from": ["15", "convolutional"], "to": ["16", "convolutional"]}, {"from": ["4", "convolutional"], "to": ["5", "convolutional"]}, {"from": ["16", "convolutional"], "to": ["17", "maxpool"]}, {"from": ["2", "convolutional"], "to": ["3", "maxpool"]}, {"from": ["8", "convolutional"], "to": ["9", "convolutional"]}, {"from": ["18", "convolutional"], "to": ["19", "convolutional"]}, {"from": ["14", "convolutional"], "to": ["15", "convolutional"]}], "edge_count": 26}