{"filename": "StanfordASL__@@__Trajectron__@@__97__@@__model_registrar-1199.pt", "original_file_size": 575433, "netron_file_size": 10019542, "input_dict": {"data": {"data_type": 0, "dim": 0}}, "output_dict": {"Pedestrian/decoder/proj_to_GMM_corrs": {"data_type": 0, "dim": 0}}, "node_dict": {"Pedestrian/node_history_encoder": {"index": 0, "var_name": "Pedestrian/node_history_encoder", "api": "torch.nn.modules.rnn.LSTM", "attr_count": 10, "_input_count": 5, "_output_count": 1, "dim": null, "data_type": null, "bias": [128], "weight": [128, 32], "kernel": null, "in_var_name_list": ["data", "", "", "", ""], "out_var_name_list": ["Pedestrian/node_history_encoder"]}, "Pedestrian/node_future_encoder": {"index": 1, "var_name": "Pedestrian/node_future_encoder", "api": "torch.nn.modules.rnn.LSTM", "attr_count": 10, "_input_count": 9, "_output_count": 1, "dim": null, "data_type": null, "bias": [128], "weight": [128, 32], "kernel": null, "in_var_name_list": ["Pedestrian/node_history_encoder", "", "", "", "", "", "", "", ""], "out_var_name_list": ["Pedestrian/node_future_encoder"]}, "Pedestrian/node_future_encoder/initial_h": {"index": 2, "var_name": "Pedestrian/node_future_encoder/initial_h", "api": "torch.nn.modules.linear.Linear", "attr_count": 3, "_input_count": 3, "_output_count": 1, "dim": null, "data_type": null, "bias": [32], "weight": [32, 6], "kernel": null, "in_var_name_list": ["Pedestrian/node_future_encoder", "", ""], "out_var_name_list": ["Pedestrian/node_future_encoder/initial_h"]}, "Pedestrian/node_future_encoder/initial_c": {"index": 3, "var_name": "Pedestrian/node_future_encoder/initial_c", "api": "torch.nn.modules.linear.Linear", "attr_count": 3, "_input_count": 3, "_output_count": 1, "dim": null, "data_type": null, "bias": [32], "weight": [32, 6], "kernel": null, "in_var_name_list": ["Pedestrian/node_future_encoder/initial_h", "", ""], "out_var_name_list": ["Pedestrian/node_future_encoder/initial_c"]}, "Pedestrian-Pedestrian/edge_encoder": {"index": 4, "var_name": "Pedestrian-Pedestrian/edge_encoder", "api": "torch.nn.modules.rnn.LSTM", "attr_count": 10, "_input_count": 5, "_output_count": 1, "dim": null, "data_type": null, "bias": [32], "weight": [32, 8], "kernel": null, "in_var_name_list": ["Pedestrian/node_future_encoder/initial_c", "", "", "", ""], "out_var_name_list": ["Pedestrian-Pedestrian/edge_encoder"]}, "Pedestrian/edge_influence_encoder": {"index": 5, "var_name": "Pedestrian/edge_influence_encoder", "api": "model.components.AdditiveAttention", "attr_count": 1, "_input_count": 1, "_output_count": 1, "dim": null, "data_type": null, "bias": null, "weight": null, "kernel": null, "in_var_name_list": ["Pedestrian-Pedestrian/edge_encoder"], "out_var_name_list": ["Pedestrian/edge_influence_encoder"]}, "Pedestrian/p_z_x": {"index": 6, "var_name": "Pedestrian/p_z_x", "api": "torch.nn.modules.linear.Linear", "attr_count": 3, "_input_count": 3, "_output_count": 1, "dim": null, "data_type": null, "bias": [16], "weight": [16, 40], "kernel": null, "in_var_name_list": ["Pedestrian/edge_influence_encoder", "", ""], "out_var_name_list": ["Pedestrian/p_z_x"]}, "Pedestrian/hx_to_z": {"index": 7, "var_name": "Pedestrian/hx_to_z", "api": "torch.nn.modules.linear.Linear", "attr_count": 3, "_input_count": 3, "_output_count": 1, "dim": null, "data_type": null, "bias": [10], "weight": [10, 16], "kernel": null, "in_var_name_list": ["Pedestrian/p_z_x", "", ""], "out_var_name_list": ["Pedestrian/hx_to_z"]}, "Pedestrian/hxy_to_z": {"index": 8, "var_name": "Pedestrian/hxy_to_z", "api": "torch.nn.modules.linear.Linear", "attr_count": 3, "_input_count": 3, "_output_count": 1, "dim": null, "data_type": null, "bias": [10], "weight": [10, 168], "kernel": null, "in_var_name_list": ["Pedestrian/hx_to_z", "", ""], "out_var_name_list": ["Pedestrian/hxy_to_z"]}, "Pedestrian/decoder/lstm_cell": {"index": 9, "var_name": "Pedestrian/decoder/lstm_cell", "api": "torch.nn.modules.rnn.LSTMCell", "attr_count": 4, "_input_count": 5, "_output_count": 1, "dim": null, "data_type": null, "bias": [512], "weight": [512, 128], "kernel": null, "in_var_name_list": ["Pedestrian/hxy_to_z", "", "", "", ""], "out_var_name_list": ["Pedestrian/decoder/lstm_cell"]}, "Pedestrian/decoder/initial_h": {"index": 10, "var_name": "Pedestrian/decoder/initial_h", "api": "torch.nn.modules.linear.Linear", "attr_count": 3, "_input_count": 3, "_output_count": 1, "dim": null, "data_type": null, "bias": [128], "weight": [128, 50], "kernel": null, "in_var_name_list": ["Pedestrian/decoder/lstm_cell", "", ""], "out_var_name_list": ["Pedestrian/decoder/initial_h"]}, "Pedestrian/decoder/initial_c": {"index": 11, "var_name": "Pedestrian/decoder/initial_c", "api": "torch.nn.modules.linear.Linear", "attr_count": 3, "_input_count": 3, "_output_count": 1, "dim": null, "data_type": null, "bias": [128], "weight": [128, 50], "kernel": null, "in_var_name_list": ["Pedestrian/decoder/initial_h", "", ""], "out_var_name_list": ["Pedestrian/decoder/initial_c"]}, "Pedestrian/decoder/proj_to_GMM_log_pis": {"index": 12, "var_name": "Pedestrian/decoder/proj_to_GMM_log_pis", "api": "torch.nn.modules.linear.Linear", "attr_count": 3, "_input_count": 3, "_output_count": 1, "dim": null, "data_type": null, "bias": [16], "weight": [16, 128], "kernel": null, "in_var_name_list": ["Pedestrian/decoder/initial_c", "", ""], "out_var_name_list": ["Pedestrian/decoder/proj_to_GMM_log_pis"]}, "Pedestrian/decoder/proj_to_GMM_mus": {"index": 13, "var_name": "Pedestrian/decoder/proj_to_GMM_mus", "api": "torch.nn.modules.linear.Linear", "attr_count": 3, "_input_count": 3, "_output_count": 1, "dim": null, "data_type": null, "bias": [32], "weight": [32, 128], "kernel": null, "in_var_name_list": ["Pedestrian/decoder/proj_to_GMM_log_pis", "", ""], "out_var_name_list": ["Pedestrian/decoder/proj_to_GMM_mus"]}, "Pedestrian/decoder/proj_to_GMM_log_sigmas": {"index": 14, "var_name": "Pedestrian/decoder/proj_to_GMM_log_sigmas", "api": "torch.nn.modules.linear.Linear", "attr_count": 3, "_input_count": 3, "_output_count": 1, "dim": null, "data_type": null, "bias": [32], "weight": [32, 128], "kernel": null, "in_var_name_list": ["Pedestrian/decoder/proj_to_GMM_mus", "", ""], "out_var_name_list": ["Pedestrian/decoder/proj_to_GMM_log_sigmas"]}, "Pedestrian/decoder/proj_to_GMM_corrs": {"index": 15, "var_name": "Pedestrian/decoder/proj_to_GMM_corrs", "api": "torch.nn.modules.linear.Linear", "attr_count": 3, "_input_count": 3, "_output_count": 1, "dim": null, "data_type": null, "bias": [16], "weight": [16, 128], "kernel": null, "in_var_name_list": ["Pedestrian/decoder/proj_to_GMM_log_sigmas", "", ""], "out_var_name_list": ["Pedestrian/decoder/proj_to_GMM_corrs"]}}, "node_count": 16, "edge_list": [{"from": ["Pedestrian/node_future_encoder/initial_c", "torch.nn.modules.linear.Linear"], "to": ["Pedestrian-Pedestrian/edge_encoder", "torch.nn.modules.rnn.LSTM"]}, {"from": ["Pedestrian/node_history_encoder", "torch.nn.modules.rnn.LSTM"], "to": ["Pedestrian/node_future_encoder", "torch.nn.modules.rnn.LSTM"]}, {"from": ["Pedestrian/hxy_to_z", "torch.nn.modules.linear.Linear"], "to": ["Pedestrian/decoder/lstm_cell", "torch.nn.modules.rnn.LSTMCell"]}, {"from": ["Pedestrian/edge_influence_encoder", "model.components.AdditiveAttention"], "to": ["Pedestrian/p_z_x", "torch.nn.modules.linear.Linear"]}, {"from": ["Pedestrian/decoder/proj_to_GMM_mus", "torch.nn.modules.linear.Linear"], "to": ["Pedestrian/decoder/proj_to_GMM_log_sigmas", "torch.nn.modules.linear.Linear"]}, {"from": ["Pedestrian/decoder/initial_c", "torch.nn.modules.linear.Linear"], "to": ["Pedestrian/decoder/proj_to_GMM_log_pis", "torch.nn.modules.linear.Linear"]}, {"from": ["Pedestrian/decoder/proj_to_GMM_log_sigmas", "torch.nn.modules.linear.Linear"], "to": ["Pedestrian/decoder/proj_to_GMM_corrs", "torch.nn.modules.linear.Linear"]}, {"from": ["Pedestrian-Pedestrian/edge_encoder", "torch.nn.modules.rnn.LSTM"], "to": ["Pedestrian/edge_influence_encoder", "model.components.AdditiveAttention"]}, {"from": ["Pedestrian/hx_to_z", "torch.nn.modules.linear.Linear"], "to": ["Pedestrian/hxy_to_z", "torch.nn.modules.linear.Linear"]}, {"from": ["Pedestrian/decoder/lstm_cell", "torch.nn.modules.rnn.LSTMCell"], "to": ["Pedestrian/decoder/initial_h", "torch.nn.modules.linear.Linear"]}, {"from": ["Pedestrian/decoder/proj_to_GMM_log_pis", "torch.nn.modules.linear.Linear"], "to": ["Pedestrian/decoder/proj_to_GMM_mus", "torch.nn.modules.linear.Linear"]}, {"from": ["Pedestrian/p_z_x", "torch.nn.modules.linear.Linear"], "to": ["Pedestrian/hx_to_z", "torch.nn.modules.linear.Linear"]}, {"from": ["Pedestrian/node_future_encoder", "torch.nn.modules.rnn.LSTM"], "to": ["Pedestrian/node_future_encoder/initial_h", "torch.nn.modules.linear.Linear"]}, {"from": ["Pedestrian/node_future_encoder/initial_h", "torch.nn.modules.linear.Linear"], "to": ["Pedestrian/node_future_encoder/initial_c", "torch.nn.modules.linear.Linear"]}, {"from": ["Pedestrian/decoder/initial_h", "torch.nn.modules.linear.Linear"], "to": ["Pedestrian/decoder/initial_c", "torch.nn.modules.linear.Linear"]}], "edge_count": 15}