{"filename": "TheoEst__@@__joint_registration_tumor_segmentation__@@__9__@@__reg_seg_onlyt1_ConcMerge_noLossTrick_8channels_1.0ratio_0.002lr_2seed_06.02-14h50.h5", "original_file_size": 40909136, "netron_file_size": 158688368, "input_dict": {"source_image": {"data_type": 0, "dim": 0}, "target_image": {"data_type": 0, "dim": 0}}, "output_dict": {"decoder_segmentation_1": {"data_type": 0, "dim": 0}, "registration_map_construction": {"data_type": 0, "dim": 0}, "registration_map_application": {"data_type": 0, "dim": 0}, "decoder_segmentation_2": {"data_type": 0, "dim": 0}}, "node_dict": {"lambda_1": {"index": 0, "var_name": "lambda_1", "api": "Lambda", "attr_count": 6, "_input_count": 1, "_output_count": 1, "dim": null, "data_type": null, "bias": null, "weight": null, "kernel": null, "in_var_name_list": ["source_image"], "out_var_name_list": ["lambda_1"]}, "lambda_2": {"index": 1, "var_name": "lambda_2", "api": "Lambda", "attr_count": 6, "_input_count": 1, "_output_count": 1, "dim": null, "data_type": null, "bias": null, "weight": null, "kernel": null, "in_var_name_list": ["target_image"], "out_var_name_list": ["lambda_2"]}, "lambda_3": {"index": 2, "var_name": "lambda_3", "api": "Lambda", "attr_count": 6, "_input_count": 1, "_output_count": 1, "dim": null, "data_type": null, "bias": null, "weight": null, "kernel": null, "in_var_name_list": ["source_image"], "out_var_name_list": ["lambda_3"]}, "lambda_4": {"index": 3, "var_name": "lambda_4", "api": "Lambda", "attr_count": 6, "_input_count": 1, "_output_count": 1, "dim": null, "data_type": null, "bias": null, "weight": null, "kernel": null, "in_var_name_list": ["target_image"], "out_var_name_list": ["lambda_4"]}, "multitask_model/vnet_encoder/reformatted_inputs": {"index": 4, "var_name": "multitask_model/vnet_encoder/reformatted_inputs", "api": "Conv3D", "attr_count": 11, "_input_count": 3, "_output_count": 1, "dim": null, "data_type": null, "bias": [8], "weight": null, "kernel": [1, 1, 1, 1, 8], "in_var_name_list": ["lambda_1", "reformatted_inputs/kernel:0", "reformatted_inputs/bias:0"], "out_var_name_list": ["reformatted_inputs"]}, "multitask_model/vnet_encoder/encoder_block1_conv1": {"index": 5, "var_name": "multitask_model/vnet_encoder/encoder_block1_conv1", "api": "Conv3D", "attr_count": 11, "_input_count": 3, "_output_count": 1, "dim": null, "data_type": null, "bias": [8], "weight": null, "kernel": [3, 3, 3, 8, 8], "in_var_name_list": ["reformatted_inputs", "encoder_block1_conv1/kernel:0", "encoder_block1_conv1/bias:0"], "out_var_name_list": ["encoder_block1_conv1"]}, "multitask_model/vnet_encoder/encoder_block1_add": {"index": 6, "var_name": "multitask_model/vnet_encoder/encoder_block1_add", "api": "Add", "attr_count": 1, "_input_count": 1, "_output_count": 1, "dim": null, "data_type": null, "bias": null, "weight": null, "kernel": null, "in_var_name_list": ["encoder_block1_conv1"], "out_var_name_list": ["vnet_encoder"]}, "multitask_model/vnet_encoder/encoder_block1_downconv": {"index": 7, "var_name": "multitask_model/vnet_encoder/encoder_block1_downconv", "api": "Conv3D", "attr_count": 11, "_input_count": 3, "_output_count": 1, "dim": null, "data_type": null, "bias": [16], "weight": null, "kernel": [2, 2, 2, 8, 16], "in_var_name_list": ["vnet_encoder", "encoder_block1_downconv/kernel:0", "encoder_block1_downconv/bias:0"], "out_var_name_list": ["encoder_block1_downconv"]}, "multitask_model/vnet_encoder/encoder_block2_conv1": {"index": 8, "var_name": "multitask_model/vnet_encoder/encoder_block2_conv1", "api": "Conv3D", "attr_count": 11, "_input_count": 3, "_output_count": 1, "dim": null, "data_type": null, "bias": [16], "weight": null, "kernel": [3, 3, 3, 16, 16], "in_var_name_list": ["encoder_block1_downconv", "encoder_block2_conv1/kernel:0", "encoder_block2_conv1/bias:0"], "out_var_name_list": ["encoder_block2_conv1"]}, "multitask_model/vnet_encoder/encoder_block2_conv2": {"index": 9, "var_name": "multitask_model/vnet_encoder/encoder_block2_conv2", "api": "Conv3D", "attr_count": 11, "_input_count": 3, "_output_count": 1, "dim": null, "data_type": null, "bias": [16], "weight": null, "kernel": [3, 3, 3, 16, 16], "in_var_name_list": ["encoder_block2_conv1", "encoder_block2_conv2/kernel:0", "encoder_block2_conv2/bias:0"], "out_var_name_list": ["encoder_block2_conv2"]}, "multitask_model/vnet_encoder/encoder_block2_add": {"index": 10, "var_name": "multitask_model/vnet_encoder/encoder_block2_add", "api": "Add", "attr_count": 1, "_input_count": 1, "_output_count": 1, "dim": null, "data_type": null, "bias": null, "weight": null, "kernel": null, "in_var_name_list": ["encoder_block1_downconv"], "out_var_name_list": ["vnet_encoder:1"]}, "multitask_model/vnet_encoder/encoder_block2_downconv": {"index": 11, "var_name": "multitask_model/vnet_encoder/encoder_block2_downconv", "api": "Conv3D", "attr_count": 11, "_input_count": 3, "_output_count": 1, "dim": null, "data_type": null, "bias": [32], "weight": null, "kernel": [2, 2, 2, 16, 32], "in_var_name_list": ["vnet_encoder:1", "encoder_block2_downconv/kernel:0", "encoder_block2_downconv/bias:0"], "out_var_name_list": ["encoder_block2_downconv"]}, "multitask_model/vnet_encoder/encoder_block3_conv1": {"index": 12, "var_name": "multitask_model/vnet_encoder/encoder_block3_conv1", "api": "Conv3D", "attr_count": 11, "_input_count": 3, "_output_count": 1, "dim": null, "data_type": null, "bias": [32], "weight": null, "kernel": [3, 3, 3, 32, 32], "in_var_name_list": ["encoder_block2_downconv", "encoder_block3_conv1/kernel:0", "encoder_block3_conv1/bias:0"], "out_var_name_list": ["encoder_block3_conv1"]}, "multitask_model/vnet_encoder/encoder_block3_conv2": {"index": 13, "var_name": "multitask_model/vnet_encoder/encoder_block3_conv2", "api": "Conv3D", "attr_count": 11, "_input_count": 3, "_output_count": 1, "dim": null, "data_type": null, "bias": [32], "weight": null, "kernel": [3, 3, 3, 32, 32], "in_var_name_list": ["encoder_block3_conv1", "encoder_block3_conv2/kernel:0", "encoder_block3_conv2/bias:0"], "out_var_name_list": ["encoder_block3_conv2"]}, "multitask_model/vnet_encoder/encoder_block3_conv3": {"index": 14, "var_name": "multitask_model/vnet_encoder/encoder_block3_conv3", "api": "Conv3D", "attr_count": 11, "_input_count": 3, "_output_count": 1, "dim": null, "data_type": null, "bias": [32], "weight": null, "kernel": [3, 3, 3, 32, 32], "in_var_name_list": ["encoder_block3_conv2", "encoder_block3_conv3/kernel:0", "encoder_block3_conv3/bias:0"], "out_var_name_list": ["encoder_block3_conv3"]}, "multitask_model/vnet_encoder/encoder_block3_add": {"index": 15, "var_name": "multitask_model/vnet_encoder/encoder_block3_add", "api": "Add", "attr_count": 1, "_input_count": 1, "_output_count": 1, "dim": null, "data_type": null, "bias": null, "weight": null, "kernel": null, "in_var_name_list": ["encoder_block2_downconv"], "out_var_name_list": ["vnet_encoder:2"]}, "multitask_model/vnet_encoder/encoder_block3_downconv": {"index": 16, "var_name": "multitask_model/vnet_encoder/encoder_block3_downconv", "api": "Conv3D", "attr_count": 11, "_input_count": 3, "_output_count": 1, "dim": null, "data_type": null, "bias": [64], "weight": null, "kernel": [2, 2, 2, 32, 64], "in_var_name_list": ["vnet_encoder:2", "encoder_block3_downconv/kernel:0", "encoder_block3_downconv/bias:0"], "out_var_name_list": ["encoder_block3_downconv"]}, "multitask_model/vnet_encoder/encoder_block4_conv1": {"index": 17, "var_name": "multitask_model/vnet_encoder/encoder_block4_conv1", "api": "Conv3D", "attr_count": 11, "_input_count": 3, "_output_count": 1, "dim": null, "data_type": null, "bias": [64], "weight": null, "kernel": [3, 3, 3, 64, 64], "in_var_name_list": ["encoder_block3_downconv", "encoder_block4_conv1/kernel:0", "encoder_block4_conv1/bias:0"], "out_var_name_list": ["encoder_block4_conv1"]}, "multitask_model/vnet_encoder/encoder_block4_conv2": {"index": 18, "var_name": "multitask_model/vnet_encoder/encoder_block4_conv2", "api": "Conv3D", "attr_count": 11, "_input_count": 3, "_output_count": 1, "dim": null, "data_type": null, "bias": [64], "weight": null, "kernel": [3, 3, 3, 64, 64], "in_var_name_list": ["encoder_block4_conv1", "encoder_block4_conv2/kernel:0", "encoder_block4_conv2/bias:0"], "out_var_name_list": ["encoder_block4_conv2"]}, "multitask_model/vnet_encoder/encoder_block4_conv3": {"index": 19, "var_name": "multitask_model/vnet_encoder/encoder_block4_conv3", "api": "Conv3D", "attr_count": 11, "_input_count": 3, "_output_count": 1, "dim": null, "data_type": null, "bias": [64], "weight": null, "kernel": [3, 3, 3, 64, 64], "in_var_name_list": ["encoder_block4_conv2", "encoder_block4_conv3/kernel:0", "encoder_block4_conv3/bias:0"], "out_var_name_list": ["encoder_block4_conv3"]}, "multitask_model/vnet_encoder/encoder_block4_add": {"index": 20, "var_name": "multitask_model/vnet_encoder/encoder_block4_add", "api": "Add", "attr_count": 1, "_input_count": 1, "_output_count": 1, "dim": null, "data_type": null, "bias": null, "weight": null, "kernel": null, "in_var_name_list": ["encoder_block3_downconv"], "out_var_name_list": ["vnet_encoder:3"]}, "multitask_model/vnet_encoder/encoder_block4_downconv": {"index": 21, "var_name": "multitask_model/vnet_encoder/encoder_block4_downconv", "api": "Conv3D", "attr_count": 11, "_input_count": 3, "_output_count": 1, "dim": null, "data_type": null, "bias": [128], "weight": null, "kernel": [2, 2, 2, 64, 128], "in_var_name_list": ["vnet_encoder:3", "encoder_block4_downconv/kernel:0", "encoder_block4_downconv/bias:0"], "out_var_name_list": ["encoder_block4_downconv"]}, "multitask_model/vnet_encoder/encoder_block5_conv1": {"index": 22, "var_name": "multitask_model/vnet_encoder/encoder_block5_conv1", "api": "Conv3D", "attr_count": 11, "_input_count": 3, "_output_count": 1, "dim": null, "data_type": null, "bias": [128], "weight": null, "kernel": [3, 3, 3, 128, 128], "in_var_name_list": ["encoder_block4_downconv", "encoder_block5_conv1/kernel:0", "encoder_block5_conv1/bias:0"], "out_var_name_list": ["encoder_block5_conv1"]}, "multitask_model/vnet_encoder/encoder_block5_conv2": {"index": 23, "var_name": "multitask_model/vnet_encoder/encoder_block5_conv2", "api": "Conv3D", "attr_count": 11, "_input_count": 3, "_output_count": 1, "dim": null, "data_type": null, "bias": [128], "weight": null, "kernel": [3, 3, 3, 128, 128], "in_var_name_list": ["encoder_block5_conv1", "encoder_block5_conv2/kernel:0", "encoder_block5_conv2/bias:0"], "out_var_name_list": ["encoder_block5_conv2"]}, "multitask_model/vnet_encoder/encoder_block5_conv3": {"index": 24, "var_name": "multitask_model/vnet_encoder/encoder_block5_conv3", "api": "Conv3D", "attr_count": 11, "_input_count": 3, "_output_count": 1, "dim": null, "data_type": null, "bias": [128], "weight": null, "kernel": [3, 3, 3, 128, 128], "in_var_name_list": ["encoder_block5_conv2", "encoder_block5_conv3/kernel:0", "encoder_block5_conv3/bias:0"], "out_var_name_list": ["encoder_block5_conv3"]}, "multitask_model/vnet_encoder/encoder_block5_add": {"index": 25, "var_name": "multitask_model/vnet_encoder/encoder_block5_add", "api": "Add", "attr_count": 1, "_input_count": 1, "_output_count": 1, "dim": null, "data_type": null, "bias": null, "weight": null, "kernel": null, "in_var_name_list": ["encoder_block4_downconv"], "out_var_name_list": ["vnet_encoder:4"]}, "multitask_model/encoded_source_minus_encoded_target_concatenation_block1": {"index": 26, "var_name": "multitask_model/encoded_source_minus_encoded_target_concatenation_block1", "api": "Concatenate", "attr_count": 2, "_input_count": 1, "_output_count": 1, "dim": null, "data_type": null, "bias": null, "weight": null, "kernel": null, "in_var_name_list": ["vnet_encoder"], "out_var_name_list": ["encoded_source_minus_encoded_target_concatenation_block1"]}, "multitask_model/encoded_source_minus_encoded_target_concatenation_block2": {"index": 27, "var_name": "multitask_model/encoded_source_minus_encoded_target_concatenation_block2", "api": "Concatenate", "attr_count": 2, "_input_count": 1, "_output_count": 1, "dim": null, "data_type": null, "bias": null, "weight": null, "kernel": null, "in_var_name_list": ["vnet_encoder:1"], "out_var_name_list": ["encoded_source_minus_encoded_target_concatenation_block2"]}, "multitask_model/encoded_source_minus_encoded_target_concatenation_block3": {"index": 28, "var_name": "multitask_model/encoded_source_minus_encoded_target_concatenation_block3", "api": "Concatenate", "attr_count": 2, "_input_count": 1, "_output_count": 1, "dim": null, "data_type": null, "bias": null, "weight": null, "kernel": null, "in_var_name_list": ["vnet_encoder:2"], "out_var_name_list": ["encoded_source_minus_encoded_target_concatenation_block3"]}, "multitask_model/encoded_source_minus_encoded_target_concatenation_block4": {"index": 29, "var_name": "multitask_model/encoded_source_minus_encoded_target_concatenation_block4", "api": "Concatenate", "attr_count": 2, "_input_count": 1, "_output_count": 1, "dim": null, "data_type": null, "bias": null, "weight": null, "kernel": null, "in_var_name_list": ["vnet_encoder:3"], "out_var_name_list": ["encoded_source_minus_encoded_target_concatenation_block4"]}, "multitask_model/encoded_source_minus_encoded_target_concatenation_block5": {"index": 30, "var_name": "multitask_model/encoded_source_minus_encoded_target_concatenation_block5", "api": "Concatenate", "attr_count": 2, "_input_count": 1, "_output_count": 1, "dim": null, "data_type": null, "bias": null, "weight": null, "kernel": null, "in_var_name_list": ["vnet_encoder:4"], "out_var_name_list": ["encoded_source_minus_encoded_target_concatenation_block5"]}, "multitask_model/vnet_decoder_registration/decoder_block0_upconv": {"index": 31, "var_name": "multitask_model/vnet_decoder_registration/decoder_block0_upconv", "api": "Conv3DTranspose", "attr_count": 10, "_input_count": 3, "_output_count": 1, "dim": null, "data_type": null, "bias": [64], "weight": null, "kernel": [2, 2, 2, 64, 128], "in_var_name_list": ["encoded_source_minus_encoded_target_concatenation_block5", "decoder_block0_upconv/kernel:0", "decoder_block0_upconv/bias:0"], "out_var_name_list": ["decoder_block0_upconv"]}, "multitask_model/vnet_decoder_registration/concatenate_5": {"index": 32, "var_name": "multitask_model/vnet_decoder_registration/concatenate_5", "api": "Concatenate", "attr_count": 2, "_input_count": 1, "_output_count": 1, "dim": null, "data_type": null, "bias": null, "weight": null, "kernel": null, "in_var_name_list": ["encoded_source_minus_encoded_target_concatenation_block4"], "out_var_name_list": ["concatenate_5"]}, "multitask_model/vnet_decoder_registration/decoder_block1_conv1": {"index": 33, "var_name": "multitask_model/vnet_decoder_registration/decoder_block1_conv1", "api": "Conv3D", "attr_count": 11, "_input_count": 3, "_output_count": 1, "dim": null, "data_type": null, "bias": [64], "weight": null, "kernel": [3, 3, 3, 128, 64], "in_var_name_list": ["concatenate_5", "decoder_block1_conv1/kernel:0", "decoder_block1_conv1/bias:0"], "out_var_name_list": ["decoder_block1_conv1"]}, "multitask_model/vnet_decoder_registration/decoder_block1_conv2": {"index": 34, "var_name": "multitask_model/vnet_decoder_registration/decoder_block1_conv2", "api": "Conv3D", "attr_count": 11, "_input_count": 3, "_output_count": 1, "dim": null, "data_type": null, "bias": [64], "weight": null, "kernel": [3, 3, 3, 64, 64], "in_var_name_list": ["decoder_block1_conv1", "decoder_block1_conv2/kernel:0", "decoder_block1_conv2/bias:0"], "out_var_name_list": ["decoder_block1_conv2"]}, "multitask_model/vnet_decoder_registration/decoder_block1_conv3": {"index": 35, "var_name": "multitask_model/vnet_decoder_registration/decoder_block1_conv3", "api": "Conv3D", "attr_count": 11, "_input_count": 3, "_output_count": 1, "dim": null, "data_type": null, "bias": [64], "weight": null, "kernel": [3, 3, 3, 64, 64], "in_var_name_list": ["decoder_block1_conv2", "decoder_block1_conv3/kernel:0", "decoder_block1_conv3/bias:0"], "out_var_name_list": ["decoder_block1_conv3"]}, "multitask_model/vnet_decoder_registration/decoder_block1_add": {"index": 36, "var_name": "multitask_model/vnet_decoder_registration/decoder_block1_add", "api": "Add", "attr_count": 1, "_input_count": 1, "_output_count": 1, "dim": null, "data_type": null, "bias": null, "weight": null, "kernel": null, "in_var_name_list": ["decoder_block0_upconv"], "out_var_name_list": ["decoder_block1_add"]}, "multitask_model/vnet_decoder_registration/decoder_block1_upconv": {"index": 37, "var_name": "multitask_model/vnet_decoder_registration/decoder_block1_upconv", "api": "Conv3DTranspose", "attr_count": 10, "_input_count": 3, "_output_count": 1, "dim": null, "data_type": null, "bias": [32], "weight": null, "kernel": [2, 2, 2, 32, 64], "in_var_name_list": ["decoder_block1_add", "decoder_block1_upconv/kernel:0", "decoder_block1_upconv/bias:0"], "out_var_name_list": ["decoder_block1_upconv"]}, "multitask_model/vnet_decoder_registration/concatenate_6": {"index": 38, "var_name": "multitask_model/vnet_decoder_registration/concatenate_6", "api": "Concatenate", "attr_count": 2, "_input_count": 1, "_output_count": 1, "dim": null, "data_type": null, "bias": null, "weight": null, "kernel": null, "in_var_name_list": ["encoded_source_minus_encoded_target_concatenation_block3"], "out_var_name_list": ["concatenate_6"]}, "multitask_model/vnet_decoder_registration/decoder_block2_conv1": {"index": 39, "var_name": "multitask_model/vnet_decoder_registration/decoder_block2_conv1", "api": "Conv3D", "attr_count": 11, "_input_count": 3, "_output_count": 1, "dim": null, "data_type": null, "bias": [32], "weight": null, "kernel": [3, 3, 3, 64, 32], "in_var_name_list": ["concatenate_6", "decoder_block2_conv1/kernel:0", "decoder_block2_conv1/bias:0"], "out_var_name_list": ["decoder_block2_conv1"]}, "multitask_model/vnet_decoder_registration/decoder_block2_conv2": {"index": 40, "var_name": "multitask_model/vnet_decoder_registration/decoder_block2_conv2", "api": "Conv3D", "attr_count": 11, "_input_count": 3, "_output_count": 1, "dim": null, "data_type": null, "bias": [32], "weight": null, "kernel": [3, 3, 3, 32, 32], "in_var_name_list": ["decoder_block2_conv1", "decoder_block2_conv2/kernel:0", "decoder_block2_conv2/bias:0"], "out_var_name_list": ["decoder_block2_conv2"]}, "multitask_model/vnet_decoder_registration/decoder_block2_conv3": {"index": 41, "var_name": "multitask_model/vnet_decoder_registration/decoder_block2_conv3", "api": "Conv3D", "attr_count": 11, "_input_count": 3, "_output_count": 1, "dim": null, "data_type": null, "bias": [32], "weight": null, "kernel": [3, 3, 3, 32, 32], "in_var_name_list": ["decoder_block2_conv2", "decoder_block2_conv3/kernel:0", "decoder_block2_conv3/bias:0"], "out_var_name_list": ["decoder_block2_conv3"]}, "multitask_model/vnet_decoder_registration/decoder_block2_add": {"index": 42, "var_name": "multitask_model/vnet_decoder_registration/decoder_block2_add", "api": "Add", "attr_count": 1, "_input_count": 1, "_output_count": 1, "dim": null, "data_type": null, "bias": null, "weight": null, "kernel": null, "in_var_name_list": ["decoder_block1_upconv"], "out_var_name_list": ["decoder_block2_add"]}, "multitask_model/vnet_decoder_registration/decoder_block2_upconv": {"index": 43, "var_name": "multitask_model/vnet_decoder_registration/decoder_block2_upconv", "api": "Conv3DTranspose", "attr_count": 10, "_input_count": 3, "_output_count": 1, "dim": null, "data_type": null, "bias": [16], "weight": null, "kernel": [2, 2, 2, 16, 32], "in_var_name_list": ["decoder_block2_add", "decoder_block2_upconv/kernel:0", "decoder_block2_upconv/bias:0"], "out_var_name_list": ["decoder_block2_upconv"]}, "multitask_model/vnet_decoder_registration/concatenate_7": {"index": 44, "var_name": "multitask_model/vnet_decoder_registration/concatenate_7", "api": "Concatenate", "attr_count": 2, "_input_count": 1, "_output_count": 1, "dim": null, "data_type": null, "bias": null, "weight": null, "kernel": null, "in_var_name_list": ["encoded_source_minus_encoded_target_concatenation_block2"], "out_var_name_list": ["concatenate_7"]}, "multitask_model/vnet_decoder_registration/decoder_block3_conv1": {"index": 45, "var_name": "multitask_model/vnet_decoder_registration/decoder_block3_conv1", "api": "Conv3D", "attr_count": 11, "_input_count": 3, "_output_count": 1, "dim": null, "data_type": null, "bias": [16], "weight": null, "kernel": [3, 3, 3, 32, 16], "in_var_name_list": ["concatenate_7", "decoder_block3_conv1/kernel:0", "decoder_block3_conv1/bias:0"], "out_var_name_list": ["decoder_block3_conv1"]}, "multitask_model/vnet_decoder_registration/decoder_block3_conv2": {"index": 46, "var_name": "multitask_model/vnet_decoder_registration/decoder_block3_conv2", "api": "Conv3D", "attr_count": 11, "_input_count": 3, "_output_count": 1, "dim": null, "data_type": null, "bias": [16], "weight": null, "kernel": [3, 3, 3, 16, 16], "in_var_name_list": ["decoder_block3_conv1", "decoder_block3_conv2/kernel:0", "decoder_block3_conv2/bias:0"], "out_var_name_list": ["decoder_block3_conv2"]}, "multitask_model/vnet_decoder_registration/decoder_block3_add": {"index": 47, "var_name": "multitask_model/vnet_decoder_registration/decoder_block3_add", "api": "Add", "attr_count": 1, "_input_count": 1, "_output_count": 1, "dim": null, "data_type": null, "bias": null, "weight": null, "kernel": null, "in_var_name_list": ["decoder_block2_upconv"], "out_var_name_list": ["decoder_block3_add"]}, "multitask_model/vnet_decoder_registration/decoder_block3_upconv": {"index": 48, "var_name": "multitask_model/vnet_decoder_registration/decoder_block3_upconv", "api": "Conv3DTranspose", "attr_count": 10, "_input_count": 3, "_output_count": 1, "dim": null, "data_type": null, "bias": [8], "weight": null, "kernel": [2, 2, 2, 8, 16], "in_var_name_list": ["decoder_block3_add", "decoder_block3_upconv/kernel:0", "decoder_block3_upconv/bias:0"], "out_var_name_list": ["decoder_block3_upconv"]}, "multitask_model/vnet_decoder_registration/concatenate_8": {"index": 49, "var_name": "multitask_model/vnet_decoder_registration/concatenate_8", "api": "Concatenate", "attr_count": 2, "_input_count": 1, "_output_count": 1, "dim": null, "data_type": null, "bias": null, "weight": null, "kernel": null, "in_var_name_list": ["encoded_source_minus_encoded_target_concatenation_block1"], "out_var_name_list": ["concatenate_8"]}, "multitask_model/vnet_decoder_registration/decoder_block4_conv1": {"index": 50, "var_name": "multitask_model/vnet_decoder_registration/decoder_block4_conv1", "api": "Conv3D", "attr_count": 11, "_input_count": 3, "_output_count": 1, "dim": null, "data_type": null, "bias": [8], "weight": null, "kernel": [3, 3, 3, 16, 8], "in_var_name_list": ["concatenate_8", "decoder_block4_conv1/kernel:0", "decoder_block4_conv1/bias:0"], "out_var_name_list": ["decoder_block4_conv1"]}, "multitask_model/vnet_decoder_registration/decoder_block4_add": {"index": 51, "var_name": "multitask_model/vnet_decoder_registration/decoder_block4_add", "api": "Add", "attr_count": 1, "_input_count": 1, "_output_count": 1, "dim": null, "data_type": null, "bias": null, "weight": null, "kernel": null, "in_var_name_list": ["decoder_block3_upconv"], "out_var_name_list": ["decoder_block4_add"]}, "multitask_model/vnet_decoder_registration/decoder_block4_elementwise_filter": {"index": 52, "var_name": "multitask_model/vnet_decoder_registration/decoder_block4_elementwise_filter", "api": "Conv3D", "attr_count": 12, "_input_count": 3, "_output_count": 1, "dim": null, "data_type": null, "bias": [4], "weight": null, "kernel": [1, 1, 1, 8, 4], "in_var_name_list": ["decoder_block4_add", "decoder_block4_elementwise_filter/kernel:0", "decoder_block4_elementwise_filter/bias:0"], "out_var_name_list": ["vnet_decoder_registration"]}, "multitask_model/decoder_segmentation/decoder_block0_upconv": {"index": 53, "var_name": "multitask_model/decoder_segmentation/decoder_block0_upconv", "api": "Conv3DTranspose", "attr_count": 10, "_input_count": 3, "_output_count": 1, "dim": null, "data_type": null, "bias": [64], "weight": null, "kernel": [2, 2, 2, 64, 128], "in_var_name_list": ["vnet_encoder:4", "decoder_block0_upconv/kernel:0", "decoder_block0_upconv/bias:0"], "out_var_name_list": ["decoder_block0_upconv"]}, "multitask_model/decoder_segmentation/concatenate_1": {"index": 54, "var_name": "multitask_model/decoder_segmentation/concatenate_1", "api": "Concatenate", "attr_count": 2, "_input_count": 1, "_output_count": 1, "dim": null, "data_type": null, "bias": null, "weight": null, "kernel": null, "in_var_name_list": ["vnet_encoder:3"], "out_var_name_list": ["concatenate_1"]}, "multitask_model/decoder_segmentation/decoder_block1_conv1": {"index": 55, "var_name": "multitask_model/decoder_segmentation/decoder_block1_conv1", "api": "Conv3D", "attr_count": 11, "_input_count": 3, "_output_count": 1, "dim": null, "data_type": null, "bias": [64], "weight": null, "kernel": [3, 3, 3, 128, 64], "in_var_name_list": ["concatenate_1", "decoder_block1_conv1/kernel:0", "decoder_block1_conv1/bias:0"], "out_var_name_list": ["decoder_block1_conv1"]}, "multitask_model/decoder_segmentation/decoder_block1_conv2": {"index": 56, "var_name": "multitask_model/decoder_segmentation/decoder_block1_conv2", "api": "Conv3D", "attr_count": 11, "_input_count": 3, "_output_count": 1, "dim": null, "data_type": null, "bias": [64], "weight": null, "kernel": [3, 3, 3, 64, 64], "in_var_name_list": ["decoder_block1_conv1", "decoder_block1_conv2/kernel:0", "decoder_block1_conv2/bias:0"], "out_var_name_list": ["decoder_block1_conv2"]}, "multitask_model/decoder_segmentation/decoder_block1_conv3": {"index": 57, "var_name": "multitask_model/decoder_segmentation/decoder_block1_conv3", "api": "Conv3D", "attr_count": 11, "_input_count": 3, "_output_count": 1, "dim": null, "data_type": null, "bias": [64], "weight": null, "kernel": [3, 3, 3, 64, 64], "in_var_name_list": ["decoder_block1_conv2", "decoder_block1_conv3/kernel:0", "decoder_block1_conv3/bias:0"], "out_var_name_list": ["decoder_block1_conv3"]}, "multitask_model/decoder_segmentation/decoder_block1_add": {"index": 58, "var_name": "multitask_model/decoder_segmentation/decoder_block1_add", "api": "Add", "attr_count": 1, "_input_count": 1, "_output_count": 1, "dim": null, "data_type": null, "bias": null, "weight": null, "kernel": null, "in_var_name_list": ["decoder_block0_upconv"], "out_var_name_list": ["decoder_block1_add"]}, "multitask_model/decoder_segmentation/decoder_block1_upconv": {"index": 59, "var_name": "multitask_model/decoder_segmentation/decoder_block1_upconv", "api": "Conv3DTranspose", "attr_count": 10, "_input_count": 3, "_output_count": 1, "dim": null, "data_type": null, "bias": [32], "weight": null, "kernel": [2, 2, 2, 32, 64], "in_var_name_list": ["decoder_block1_add", "decoder_block1_upconv/kernel:0", "decoder_block1_upconv/bias:0"], "out_var_name_list": ["decoder_block1_upconv"]}, "multitask_model/decoder_segmentation/concatenate_2": {"index": 60, "var_name": "multitask_model/decoder_segmentation/concatenate_2", "api": "Concatenate", "attr_count": 2, "_input_count": 1, "_output_count": 1, "dim": null, "data_type": null, "bias": null, "weight": null, "kernel": null, "in_var_name_list": ["vnet_encoder:2"], "out_var_name_list": ["concatenate_2"]}, "multitask_model/decoder_segmentation/decoder_block2_conv1": {"index": 61, "var_name": "multitask_model/decoder_segmentation/decoder_block2_conv1", "api": "Conv3D", "attr_count": 11, "_input_count": 3, "_output_count": 1, "dim": null, "data_type": null, "bias": [32], "weight": null, "kernel": [3, 3, 3, 64, 32], "in_var_name_list": ["concatenate_2", "decoder_block2_conv1/kernel:0", "decoder_block2_conv1/bias:0"], "out_var_name_list": ["decoder_block2_conv1"]}, "multitask_model/decoder_segmentation/decoder_block2_conv2": {"index": 62, "var_name": "multitask_model/decoder_segmentation/decoder_block2_conv2", "api": "Conv3D", "attr_count": 11, "_input_count": 3, "_output_count": 1, "dim": null, "data_type": null, "bias": [32], "weight": null, "kernel": [3, 3, 3, 32, 32], "in_var_name_list": ["decoder_block2_conv1", "decoder_block2_conv2/kernel:0", "decoder_block2_conv2/bias:0"], "out_var_name_list": ["decoder_block2_conv2"]}, "multitask_model/decoder_segmentation/decoder_block2_conv3": {"index": 63, "var_name": "multitask_model/decoder_segmentation/decoder_block2_conv3", "api": "Conv3D", "attr_count": 11, "_input_count": 3, "_output_count": 1, "dim": null, "data_type": null, "bias": [32], "weight": null, "kernel": [3, 3, 3, 32, 32], "in_var_name_list": ["decoder_block2_conv2", "decoder_block2_conv3/kernel:0", "decoder_block2_conv3/bias:0"], "out_var_name_list": ["decoder_block2_conv3"]}, "multitask_model/decoder_segmentation/decoder_block2_add": {"index": 64, "var_name": "multitask_model/decoder_segmentation/decoder_block2_add", "api": "Add", "attr_count": 1, "_input_count": 1, "_output_count": 1, "dim": null, "data_type": null, "bias": null, "weight": null, "kernel": null, "in_var_name_list": ["decoder_block1_upconv"], "out_var_name_list": ["decoder_block2_add"]}, "multitask_model/decoder_segmentation/decoder_block2_upconv": {"index": 65, "var_name": "multitask_model/decoder_segmentation/decoder_block2_upconv", "api": "Conv3DTranspose", "attr_count": 10, "_input_count": 3, "_output_count": 1, "dim": null, "data_type": null, "bias": [16], "weight": null, "kernel": [2, 2, 2, 16, 32], "in_var_name_list": ["decoder_block2_add", "decoder_block2_upconv/kernel:0", "decoder_block2_upconv/bias:0"], "out_var_name_list": ["decoder_block2_upconv"]}, "multitask_model/decoder_segmentation/concatenate_3": {"index": 66, "var_name": "multitask_model/decoder_segmentation/concatenate_3", "api": "Concatenate", "attr_count": 2, "_input_count": 1, "_output_count": 1, "dim": null, "data_type": null, "bias": null, "weight": null, "kernel": null, "in_var_name_list": ["vnet_encoder:1"], "out_var_name_list": ["concatenate_3"]}, "multitask_model/decoder_segmentation/decoder_block3_conv1": {"index": 67, "var_name": "multitask_model/decoder_segmentation/decoder_block3_conv1", "api": "Conv3D", "attr_count": 11, "_input_count": 3, "_output_count": 1, "dim": null, "data_type": null, "bias": [16], "weight": null, "kernel": [3, 3, 3, 32, 16], "in_var_name_list": ["concatenate_3", "decoder_block3_conv1/kernel:0", "decoder_block3_conv1/bias:0"], "out_var_name_list": ["decoder_block3_conv1"]}, "multitask_model/decoder_segmentation/decoder_block3_conv2": {"index": 68, "var_name": "multitask_model/decoder_segmentation/decoder_block3_conv2", "api": "Conv3D", "attr_count": 11, "_input_count": 3, "_output_count": 1, "dim": null, "data_type": null, "bias": [16], "weight": null, "kernel": [3, 3, 3, 16, 16], "in_var_name_list": ["decoder_block3_conv1", "decoder_block3_conv2/kernel:0", "decoder_block3_conv2/bias:0"], "out_var_name_list": ["decoder_block3_conv2"]}, "multitask_model/decoder_segmentation/decoder_block3_add": {"index": 69, "var_name": "multitask_model/decoder_segmentation/decoder_block3_add", "api": "Add", "attr_count": 1, "_input_count": 1, "_output_count": 1, "dim": null, "data_type": null, "bias": null, "weight": null, "kernel": null, "in_var_name_list": ["decoder_block2_upconv"], "out_var_name_list": ["decoder_block3_add"]}, "multitask_model/decoder_segmentation/decoder_block3_upconv": {"index": 70, "var_name": "multitask_model/decoder_segmentation/decoder_block3_upconv", "api": "Conv3DTranspose", "attr_count": 10, "_input_count": 3, "_output_count": 1, "dim": null, "data_type": null, "bias": [8], "weight": null, "kernel": [2, 2, 2, 8, 16], "in_var_name_list": ["decoder_block3_add", "decoder_block3_upconv/kernel:0", "decoder_block3_upconv/bias:0"], "out_var_name_list": ["decoder_block3_upconv"]}, "multitask_model/decoder_segmentation/concatenate_4": {"index": 71, "var_name": "multitask_model/decoder_segmentation/concatenate_4", "api": "Concatenate", "attr_count": 2, "_input_count": 1, "_output_count": 1, "dim": null, "data_type": null, "bias": null, "weight": null, "kernel": null, "in_var_name_list": ["vnet_encoder"], "out_var_name_list": ["concatenate_4"]}, "multitask_model/decoder_segmentation/decoder_block4_conv1": {"index": 72, "var_name": "multitask_model/decoder_segmentation/decoder_block4_conv1", "api": "Conv3D", "attr_count": 11, "_input_count": 3, "_output_count": 1, "dim": null, "data_type": null, "bias": [8], "weight": null, "kernel": [3, 3, 3, 16, 8], "in_var_name_list": ["concatenate_4", "decoder_block4_conv1/kernel:0", "decoder_block4_conv1/bias:0"], "out_var_name_list": ["decoder_block4_conv1"]}, "multitask_model/decoder_segmentation/decoder_block4_add": {"index": 73, "var_name": "multitask_model/decoder_segmentation/decoder_block4_add", "api": "Add", "attr_count": 1, "_input_count": 1, "_output_count": 1, "dim": null, "data_type": null, "bias": null, "weight": null, "kernel": null, "in_var_name_list": ["decoder_block3_upconv"], "out_var_name_list": ["decoder_block4_add"]}, "multitask_model/decoder_segmentation/decoder_block4_elementwise_filter": {"index": 74, "var_name": "multitask_model/decoder_segmentation/decoder_block4_elementwise_filter", "api": "Conv3D", "attr_count": 11, "_input_count": 3, "_output_count": 1, "dim": null, "data_type": null, "bias": [4], "weight": null, "kernel": [1, 1, 1, 8, 4], "in_var_name_list": ["decoder_block4_add", "decoder_block4_elementwise_filter/kernel:0", "decoder_block4_elementwise_filter/bias:0"], "out_var_name_list": ["decoder_segmentation"]}, "multitask_model/registration_map_construction": {"index": 75, "var_name": "multitask_model/registration_map_construction", "api": "BuildRegistrationMap", "attr_count": 1, "_input_count": 1, "_output_count": 1, "dim": null, "data_type": null, "bias": null, "weight": null, "kernel": null, "in_var_name_list": ["vnet_decoder_registration"], "out_var_name_list": ["multitask_model:1"]}, "multitask_model/decoder_segmentation_1": {"index": 76, "var_name": "multitask_model/decoder_segmentation_1", "api": "Lambda", "attr_count": 5, "_input_count": 1, "_output_count": 1, "dim": null, "data_type": null, "bias": null, "weight": null, "kernel": null, "in_var_name_list": ["decoder_segmentation"], "out_var_name_list": ["multitask_model"]}, "multitask_model/registration_map_application": {"index": 77, "var_name": "multitask_model/registration_map_application", "api": "diffeomorphicTransformer3D", "attr_count": 1, "_input_count": 2, "_output_count": 1, "dim": null, "data_type": null, "bias": null, "weight": null, "kernel": null, "in_var_name_list": ["lambda_1", "multitask_model:1"], "out_var_name_list": ["multitask_model:2"]}, "multitask_model/decoder_segmentation_2": {"index": 78, "var_name": "multitask_model/decoder_segmentation_2", "api": "Lambda", "attr_count": 5, "_input_count": 1, "_output_count": 1, "dim": null, "data_type": null, "bias": null, "weight": null, "kernel": null, "in_var_name_list": ["decoder_segmentation"], "out_var_name_list": ["multitask_model:3"]}, "decoder_segmentation_1": {"index": 79, "var_name": "decoder_segmentation_1", "api": "Concatenate", "attr_count": 2, "_input_count": 1, "_output_count": 1, "dim": null, "data_type": null, "bias": null, "weight": null, "kernel": null, "in_var_name_list": ["multitask_model"], "out_var_name_list": ["decoder_segmentation_1"]}, "registration_map_construction": {"index": 80, "var_name": "registration_map_construction", "api": "Concatenate", "attr_count": 2, "_input_count": 1, "_output_count": 1, "dim": null, "data_type": null, "bias": null, "weight": null, "kernel": null, "in_var_name_list": ["multitask_model:1"], "out_var_name_list": ["registration_map_construction"]}, "registration_map_application": {"index": 81, "var_name": "registration_map_application", "api": "Concatenate", "attr_count": 2, "_input_count": 1, "_output_count": 1, "dim": null, "data_type": null, "bias": null, "weight": null, "kernel": null, "in_var_name_list": ["multitask_model:2"], "out_var_name_list": ["registration_map_application"]}, "decoder_segmentation_2": {"index": 82, "var_name": "decoder_segmentation_2", "api": "Concatenate", "attr_count": 2, "_input_count": 1, "_output_count": 1, "dim": null, "data_type": null, "bias": null, "weight": null, "kernel": null, "in_var_name_list": ["multitask_model:3"], "out_var_name_list": ["decoder_segmentation_2"]}}, "node_count": 83, "edge_list": [{"from": ["multitask_model/vnet_decoder_registration/decoder_block2_conv1", "Conv3D"], "to": ["multitask_model/vnet_decoder_registration/decoder_block2_conv2", "Conv3D"]}, {"from": ["multitask_model/vnet_decoder_registration/concatenate_7", "Concatenate"], "to": ["multitask_model/vnet_decoder_registration/decoder_block3_conv1", "Conv3D"]}, {"from": ["multitask_model/decoder_segmentation/decoder_block1_upconv", "Conv3DTranspose"], "to": ["multitask_model/vnet_decoder_registration/decoder_block2_add", "Add"]}, {"from": ["multitask_model/vnet_decoder_registration/concatenate_6", "Concatenate"], "to": ["multitask_model/vnet_decoder_registration/decoder_block2_conv1", "Conv3D"]}, {"from": ["multitask_model/vnet_encoder/encoder_block2_add", "Add"], "to": ["multitask_model/encoded_source_minus_encoded_target_concatenation_block2", "Concatenate"]}, {"from": ["multitask_model/registration_map_construction", "BuildRegistrationMap"], "to": ["multitask_model/registration_map_application", "diffeomorphicTransformer3D"]}, {"from": ["multitask_model/vnet_encoder/encoder_block5_add", "Add"], "to": ["multitask_model/decoder_segmentation/decoder_block0_upconv", "Conv3DTranspose"]}, {"from": ["multitask_model/vnet_encoder/encoder_block4_add", "Add"], "to": ["multitask_model/vnet_encoder/encoder_block4_downconv", "Conv3D"]}, {"from": ["multitask_model/vnet_encoder/encoder_block2_downconv", "Conv3D"], "to": ["multitask_model/vnet_encoder/encoder_block3_add", "Add"]}, {"from": ["multitask_model/vnet_encoder/encoder_block4_downconv", "Conv3D"], "to": ["multitask_model/vnet_encoder/encoder_block5_add", "Add"]}, {"from": ["multitask_model/vnet_encoder/encoder_block5_conv1", "Conv3D"], "to": ["multitask_model/vnet_encoder/encoder_block5_conv2", "Conv3D"]}, {"from": ["multitask_model/decoder_segmentation/decoder_block1_conv2", "Conv3D"], "to": ["multitask_model/vnet_decoder_registration/decoder_block1_conv3", "Conv3D"]}, {"from": ["multitask_model/vnet_encoder/encoder_block4_conv1", "Conv3D"], "to": ["multitask_model/vnet_encoder/encoder_block4_conv2", "Conv3D"]}, {"from": ["multitask_model/vnet_encoder/encoder_block3_downconv", "Conv3D"], "to": ["multitask_model/vnet_encoder/encoder_block4_conv1", "Conv3D"]}, {"from": ["multitask_model/vnet_decoder_registration/decoder_block1_conv2", "Conv3D"], "to": ["multitask_model/decoder_segmentation/decoder_block1_conv3", "Conv3D"]}, {"from": ["multitask_model/vnet_decoder_registration/decoder_block1_add", "Add"], "to": ["multitask_model/vnet_decoder_registration/decoder_block1_upconv", "Conv3DTranspose"]}, {"from": ["multitask_model/decoder_segmentation/decoder_block0_upconv", "Conv3DTranspose"], "to": ["multitask_model/decoder_segmentation/decoder_block1_add", "Add"]}, {"from": ["multitask_model/vnet_encoder/encoder_block1_add", "Add"], "to": ["multitask_model/vnet_encoder/encoder_block1_downconv", "Conv3D"]}, {"from": ["multitask_model/vnet_decoder_registration/concatenate_8", "Concatenate"], "to": ["multitask_model/vnet_decoder_registration/decoder_block4_conv1", "Conv3D"]}, {"from": ["multitask_model/decoder_segmentation/decoder_block3_add", "Add"], "to": ["multitask_model/decoder_segmentation/decoder_block3_upconv", "Conv3DTranspose"]}, {"from": ["multitask_model/vnet_encoder/encoder_block3_add", "Add"], "to": ["multitask_model/vnet_encoder/encoder_block3_downconv", "Conv3D"]}, {"from": ["multitask_model/vnet_encoder/encoder_block2_downconv", "Conv3D"], "to": ["multitask_model/vnet_encoder/encoder_block3_conv1", "Conv3D"]}, {"from": ["multitask_model/decoder_segmentation/concatenate_3", "Concatenate"], "to": ["multitask_model/decoder_segmentation/decoder_block3_conv1", "Conv3D"]}, {"from": ["multitask_model/decoder_segmentation/decoder_block1_conv2", "Conv3D"], "to": ["multitask_model/decoder_segmentation/decoder_block1_conv3", "Conv3D"]}, {"from": ["multitask_model/vnet_decoder_registration/decoder_block2_conv1", "Conv3D"], "to": ["multitask_model/decoder_segmentation/decoder_block2_conv2", "Conv3D"]}, {"from": ["multitask_model/decoder_segmentation/decoder_block4_elementwise_filter", "Conv3D"], "to": ["multitask_model/decoder_segmentation_2", "Lambda"]}, {"from": ["multitask_model/decoder_segmentation/decoder_block3_add", "Add"], "to": ["multitask_model/vnet_decoder_registration/decoder_block3_upconv", "Conv3DTranspose"]}, {"from": ["multitask_model/vnet_encoder/reformatted_inputs", "Conv3D"], "to": ["multitask_model/vnet_encoder/encoder_block1_conv1", "Conv3D"]}, {"from": ["multitask_model/vnet_decoder_registration/decoder_block2_upconv", "Conv3DTranspose"], "to": ["multitask_model/vnet_decoder_registration/decoder_block3_add", "Add"]}, {"from": ["multitask_model/decoder_segmentation/decoder_block1_add", "Add"], "to": ["multitask_model/decoder_segmentation/decoder_block1_upconv", "Conv3DTranspose"]}, {"from": ["multitask_model/vnet_decoder_registration/decoder_block3_upconv", "Conv3DTranspose"], "to": ["multitask_model/vnet_decoder_registration/decoder_block4_add", "Add"]}, {"from": ["multitask_model/vnet_encoder/encoder_block5_add", "Add"], "to": ["multitask_model/encoded_source_minus_encoded_target_concatenation_block5", "Concatenate"]}, {"from": ["multitask_model/vnet_decoder_registration/decoder_block2_conv2", "Conv3D"], "to": ["multitask_model/decoder_segmentation/decoder_block2_conv3", "Conv3D"]}, {"from": ["multitask_model/vnet_decoder_registration/decoder_block4_add", "Add"], "to": ["multitask_model/decoder_segmentation/decoder_block4_elementwise_filter", "Conv3D"]}, {"from": ["multitask_model/vnet_decoder_registration/decoder_block1_conv2", "Conv3D"], "to": ["multitask_model/vnet_decoder_registration/decoder_block1_conv3", "Conv3D"]}, {"from": ["multitask_model/vnet_decoder_registration/concatenate_5", "Concatenate"], "to": ["multitask_model/vnet_decoder_registration/decoder_block1_conv1", "Conv3D"]}, {"from": ["multitask_model/decoder_segmentation/decoder_block2_upconv", "Conv3DTranspose"], "to": ["multitask_model/decoder_segmentation/decoder_block3_add", "Add"]}, {"from": ["multitask_model/decoder_segmentation/decoder_block4_add", "Add"], "to": ["multitask_model/vnet_decoder_registration/decoder_block4_elementwise_filter", "Conv3D"]}, {"from": ["multitask_model/vnet_encoder/encoder_block2_add", "Add"], "to": ["multitask_model/decoder_segmentation/concatenate_3", "Concatenate"]}, {"from": ["multitask_model/vnet_encoder/encoder_block2_add", "Add"], "to": ["multitask_model/vnet_encoder/encoder_block2_downconv", "Conv3D"]}, {"from": ["multitask_model/vnet_decoder_registration/decoder_block4_elementwise_filter", "Conv3D"], "to": ["multitask_model/registration_map_construction", "BuildRegistrationMap"]}, {"from": ["multitask_model/encoded_source_minus_encoded_target_concatenation_block1", "Concatenate"], "to": ["multitask_model/vnet_decoder_registration/concatenate_8", "Concatenate"]}, {"from": ["multitask_model/decoder_segmentation/decoder_block2_upconv", "Conv3DTranspose"], "to": ["multitask_model/vnet_decoder_registration/decoder_block3_add", "Add"]}, {"from": ["multitask_model/encoded_source_minus_encoded_target_concatenation_block5", "Concatenate"], "to": ["multitask_model/vnet_decoder_registration/decoder_block0_upconv", "Conv3DTranspose"]}, {"from": ["multitask_model/vnet_decoder_registration/decoder_block2_upconv", "Conv3DTranspose"], "to": ["multitask_model/decoder_segmentation/decoder_block3_add", "Add"]}, {"from": ["multitask_model/decoder_segmentation_1", "Lambda"], "to": ["decoder_segmentation_1", "Concatenate"]}, {"from": ["multitask_model/vnet_decoder_registration/decoder_block1_add", "Add"], "to": ["multitask_model/decoder_segmentation/decoder_block1_upconv", "Conv3DTranspose"]}, {"from": ["multitask_model/decoder_segmentation/decoder_block4_elementwise_filter", "Conv3D"], "to": ["multitask_model/decoder_segmentation_1", "Lambda"]}, {"from": ["multitask_model/vnet_encoder/encoder_block1_add", "Add"], "to": ["multitask_model/encoded_source_minus_encoded_target_concatenation_block1", "Concatenate"]}, {"from": ["multitask_model/decoder_segmentation/decoder_block1_add", "Add"], "to": ["multitask_model/vnet_decoder_registration/decoder_block1_upconv", "Conv3DTranspose"]}, {"from": ["multitask_model/vnet_encoder/encoder_block4_conv2", "Conv3D"], "to": ["multitask_model/vnet_encoder/encoder_block4_conv3", "Conv3D"]}, {"from": ["multitask_model/vnet_encoder/encoder_block3_conv2", "Conv3D"], "to": ["multitask_model/vnet_encoder/encoder_block3_conv3", "Conv3D"]}, {"from": ["multitask_model/registration_map_construction", "BuildRegistrationMap"], "to": ["registration_map_construction", "Concatenate"]}, {"from": ["multitask_model/decoder_segmentation_2", "Lambda"], "to": ["decoder_segmentation_2", "Concatenate"]}, {"from": ["multitask_model/encoded_source_minus_encoded_target_concatenation_block4", "Concatenate"], "to": ["multitask_model/vnet_decoder_registration/concatenate_5", "Concatenate"]}, {"from": ["lambda_1", "Lambda"], "to": ["multitask_model/registration_map_application", "diffeomorphicTransformer3D"]}, {"from": ["lambda_1", "Lambda"], "to": ["multitask_model/vnet_encoder/reformatted_inputs", "Conv3D"]}, {"from": ["multitask_model/vnet_encoder/encoder_block3_conv1", "Conv3D"], "to": ["multitask_model/vnet_encoder/encoder_block3_conv2", "Conv3D"]}, {"from": ["multitask_model/vnet_decoder_registration/decoder_block0_upconv", "Conv3DTranspose"], "to": ["multitask_model/decoder_segmentation/decoder_block1_add", "Add"]}, {"from": ["multitask_model/vnet_encoder/encoder_block3_downconv", "Conv3D"], "to": ["multitask_model/vnet_encoder/encoder_block4_add", "Add"]}, {"from": ["multitask_model/vnet_encoder/encoder_block4_downconv", "Conv3D"], "to": ["multitask_model/vnet_encoder/encoder_block5_conv1", "Conv3D"]}, {"from": ["multitask_model/decoder_segmentation/decoder_block3_upconv", "Conv3DTranspose"], "to": ["multitask_model/decoder_segmentation/decoder_block4_add", "Add"]}, {"from": ["multitask_model/decoder_segmentation/decoder_block1_conv1", "Conv3D"], "to": ["multitask_model/vnet_decoder_registration/decoder_block1_conv2", "Conv3D"]}, {"from": ["multitask_model/vnet_encoder/encoder_block1_downconv", "Conv3D"], "to": ["multitask_model/vnet_encoder/encoder_block2_add", "Add"]}, {"from": ["multitask_model/vnet_encoder/encoder_block3_add", "Add"], "to": ["multitask_model/decoder_segmentation/concatenate_2", "Concatenate"]}, {"from": ["multitask_model/decoder_segmentation/decoder_block2_conv2", "Conv3D"], "to": ["multitask_model/vnet_decoder_registration/decoder_block2_conv3", "Conv3D"]}, {"from": ["multitask_model/vnet_decoder_registration/decoder_block3_add", "Add"], "to": ["multitask_model/decoder_segmentation/decoder_block3_upconv", "Conv3DTranspose"]}, {"from": ["multitask_model/decoder_segmentation/concatenate_2", "Concatenate"], "to": ["multitask_model/decoder_segmentation/decoder_block2_conv1", "Conv3D"]}, {"from": ["multitask_model/vnet_encoder/encoder_block4_add", "Add"], "to": ["multitask_model/encoded_source_minus_encoded_target_concatenation_block4", "Concatenate"]}, {"from": ["multitask_model/vnet_decoder_registration/decoder_block1_upconv", "Conv3DTranspose"], "to": ["multitask_model/decoder_segmentation/decoder_block2_add", "Add"]}, {"from": ["multitask_model/vnet_decoder_registration/decoder_block4_add", "Add"], "to": ["multitask_model/vnet_decoder_registration/decoder_block4_elementwise_filter", "Conv3D"]}, {"from": ["multitask_model/vnet_decoder_registration/decoder_block3_upconv", "Conv3DTranspose"], "to": ["multitask_model/decoder_segmentation/decoder_block4_add", "Add"]}, {"from": ["multitask_model/decoder_segmentation/decoder_block3_conv1", "Conv3D"], "to": ["multitask_model/vnet_decoder_registration/decoder_block3_conv2", "Conv3D"]}, {"from": ["multitask_model/vnet_encoder/encoder_block1_downconv", "Conv3D"], "to": ["multitask_model/vnet_encoder/encoder_block2_conv1", "Conv3D"]}, {"from": ["multitask_model/decoder_segmentation/decoder_block1_upconv", "Conv3DTranspose"], "to": ["multitask_model/decoder_segmentation/decoder_block2_add", "Add"]}, {"from": ["multitask_model/decoder_segmentation/decoder_block1_conv1", "Conv3D"], "to": ["multitask_model/decoder_segmentation/decoder_block1_conv2", "Conv3D"]}, {"from": ["multitask_model/vnet_encoder/encoder_block1_add", "Add"], "to": ["multitask_model/decoder_segmentation/concatenate_4", "Concatenate"]}, {"from": ["multitask_model/decoder_segmentation/decoder_block4_add", "Add"], "to": ["multitask_model/decoder_segmentation/decoder_block4_elementwise_filter", "Conv3D"]}, {"from": ["multitask_model/vnet_decoder_registration/decoder_block1_upconv", "Conv3DTranspose"], "to": ["multitask_model/vnet_decoder_registration/decoder_block2_add", "Add"]}, {"from": ["multitask_model/vnet_decoder_registration/decoder_block3_conv1", "Conv3D"], "to": ["multitask_model/decoder_segmentation/decoder_block3_conv2", "Conv3D"]}, {"from": ["multitask_model/vnet_encoder/encoder_block1_conv1", "Conv3D"], "to": ["multitask_model/vnet_encoder/encoder_block1_add", "Add"]}, {"from": ["multitask_model/vnet_encoder/encoder_block4_add", "Add"], "to": ["multitask_model/decoder_segmentation/concatenate_1", "Concatenate"]}, {"from": ["multitask_model/vnet_decoder_registration/decoder_block2_add", "Add"], "to": ["multitask_model/vnet_decoder_registration/decoder_block2_upconv", "Conv3DTranspose"]}, {"from": ["multitask_model/encoded_source_minus_encoded_target_concatenation_block3", "Concatenate"], "to": ["multitask_model/vnet_decoder_registration/concatenate_6", "Concatenate"]}, {"from": ["multitask_model/decoder_segmentation/decoder_block2_conv1", "Conv3D"], "to": ["multitask_model/vnet_decoder_registration/decoder_block2_conv2", "Conv3D"]}, {"from": ["multitask_model/vnet_encoder/encoder_block2_conv1", "Conv3D"], "to": ["multitask_model/vnet_encoder/encoder_block2_conv2", "Conv3D"]}, {"from": ["multitask_model/decoder_segmentation/decoder_block0_upconv", "Conv3DTranspose"], "to": ["multitask_model/vnet_decoder_registration/decoder_block1_add", "Add"]}, {"from": ["multitask_model/vnet_decoder_registration/decoder_block2_conv2", "Conv3D"], "to": ["multitask_model/vnet_decoder_registration/decoder_block2_conv3", "Conv3D"]}, {"from": ["multitask_model/decoder_segmentation/concatenate_1", "Concatenate"], "to": ["multitask_model/decoder_segmentation/decoder_block1_conv1", "Conv3D"]}, {"from": ["multitask_model/decoder_segmentation/decoder_block2_add", "Add"], "to": ["multitask_model/vnet_decoder_registration/decoder_block2_upconv", "Conv3DTranspose"]}, {"from": ["multitask_model/vnet_decoder_registration/decoder_block3_add", "Add"], "to": ["multitask_model/vnet_decoder_registration/decoder_block3_upconv", "Conv3DTranspose"]}, {"from": ["multitask_model/vnet_decoder_registration/decoder_block1_conv1", "Conv3D"], "to": ["multitask_model/decoder_segmentation/decoder_block1_conv2", "Conv3D"]}, {"from": ["multitask_model/vnet_decoder_registration/decoder_block3_conv1", "Conv3D"], "to": ["multitask_model/vnet_decoder_registration/decoder_block3_conv2", "Conv3D"]}, {"from": ["multitask_model/vnet_decoder_registration/decoder_block0_upconv", "Conv3DTranspose"], "to": ["multitask_model/vnet_decoder_registration/decoder_block1_add", "Add"]}, {"from": ["multitask_model/decoder_segmentation/decoder_block2_add", "Add"], "to": ["multitask_model/decoder_segmentation/decoder_block2_upconv", "Conv3DTranspose"]}, {"from": ["multitask_model/decoder_segmentation/concatenate_4", "Concatenate"], "to": ["multitask_model/decoder_segmentation/decoder_block4_conv1", "Conv3D"]}, {"from": ["multitask_model/decoder_segmentation/decoder_block2_conv2", "Conv3D"], "to": ["multitask_model/decoder_segmentation/decoder_block2_conv3", "Conv3D"]}, {"from": ["multitask_model/decoder_segmentation/decoder_block3_conv1", "Conv3D"], "to": ["multitask_model/decoder_segmentation/decoder_block3_conv2", "Conv3D"]}, {"from": ["multitask_model/decoder_segmentation/decoder_block3_upconv", "Conv3DTranspose"], "to": ["multitask_model/vnet_decoder_registration/decoder_block4_add", "Add"]}, {"from": ["multitask_model/vnet_decoder_registration/decoder_block2_add", "Add"], "to": ["multitask_model/decoder_segmentation/decoder_block2_upconv", "Conv3DTranspose"]}, {"from": ["multitask_model/encoded_source_minus_encoded_target_concatenation_block2", "Concatenate"], "to": ["multitask_model/vnet_decoder_registration/concatenate_7", "Concatenate"]}, {"from": ["multitask_model/vnet_encoder/encoder_block3_add", "Add"], "to": ["multitask_model/encoded_source_minus_encoded_target_concatenation_block3", "Concatenate"]}, {"from": ["multitask_model/registration_map_application", "diffeomorphicTransformer3D"], "to": ["registration_map_application", "Concatenate"]}, {"from": ["multitask_model/vnet_encoder/encoder_block5_conv2", "Conv3D"], "to": ["multitask_model/vnet_encoder/encoder_block5_conv3", "Conv3D"]}, {"from": ["multitask_model/decoder_segmentation/decoder_block2_conv1", "Conv3D"], "to": ["multitask_model/decoder_segmentation/decoder_block2_conv2", "Conv3D"]}, {"from": ["multitask_model/vnet_decoder_registration/decoder_block1_conv1", "Conv3D"], "to": ["multitask_model/vnet_decoder_registration/decoder_block1_conv2", "Conv3D"]}], "edge_count": 106}