{"filename": "WongKinYiu__@@__CrossStagePartialNetworks__@@__23__@@__res2netlite72.cfg", "original_file_size": 11417, "netron_file_size": 187933, "input_dict": {"input": {"data_type": "float32", "dim": [224, 224, 3]}}, "output_dict": {}, "node_dict": {"0": {"index": 0, "var_name": "0", "api": "convolutional", "attr_count": 6, "_input_count": 6, "_output_count": 1, "dim": [224, 224, 3], "data_type": "float32", "bias": [32], "weight": [3, 32, 3, 3], "kernel": null, "in_var_name_list": ["input", "", "", "", "", ""], "out_var_name_list": ["0"]}, "1": {"index": 1, "var_name": "1", "api": "maxpool", "attr_count": 2, "_input_count": 1, "_output_count": 1, "dim": [112, 112, 32], "data_type": "float32", "bias": null, "weight": null, "kernel": null, "in_var_name_list": ["0"], "out_var_name_list": ["1"]}, "2": {"index": 2, "var_name": "2", "api": "convolutional", "attr_count": 6, "_input_count": 6, "_output_count": 1, "dim": [56, 56, 32], "data_type": "float32", "bias": [72], "weight": [32, 72, 1, 1], "kernel": null, "in_var_name_list": ["1", "", "", "", "", ""], "out_var_name_list": ["2"]}, "3": {"index": 3, "var_name": "3", "api": "convolutional", "attr_count": 7, "_input_count": 6, "_output_count": 1, "dim": [56, 56, 72], "data_type": "float32", "bias": [72], "weight": [36, 72, 3, 3], "kernel": null, "in_var_name_list": ["2", "", "", "", "", ""], "out_var_name_list": ["3"]}, "4": {"index": 4, "var_name": "4", "api": "convolutional", "attr_count": 6, "_input_count": 6, "_output_count": 1, "dim": [28, 28, 72], "data_type": "float32", "bias": [288], "weight": [72, 288, 1, 1], "kernel": null, "in_var_name_list": ["3", "", "", "", "", ""], "out_var_name_list": ["4"]}, "5": {"index": 5, "var_name": "5", "api": "convolutional", "attr_count": 6, "_input_count": 6, "_output_count": 1, "dim": [28, 28, 288], "data_type": "float32", "bias": [288], "weight": [288, 288, 1, 1], "kernel": null, "in_var_name_list": ["4", "", "", "", "", ""], "out_var_name_list": ["5"]}, "6": {"index": 6, "var_name": "6", "api": "route", "attr_count": 2, "_input_count": 1, "_output_count": 1, "dim": [28, 28, 288], "data_type": "float32", "bias": null, "weight": null, "kernel": null, "in_var_name_list": ["5"], "out_var_name_list": ["6"]}, "7": {"index": 7, "var_name": "7", "api": "route", "attr_count": 2, "_input_count": 1, "_output_count": 1, "dim": [28, 28, 288], "data_type": "float32", "bias": null, "weight": null, "kernel": null, "in_var_name_list": ["5"], "out_var_name_list": ["7"]}, "8": {"index": 8, "var_name": "8", "api": "convolutional", "attr_count": 7, "_input_count": 6, "_output_count": 1, "dim": [28, 28, 72], "data_type": "float32", "bias": [72], "weight": [36, 72, 3, 3], "kernel": null, "in_var_name_list": ["7", "", "", "", "", ""], "out_var_name_list": ["8"]}, "9": {"index": 9, "var_name": "9", "api": "route", "attr_count": 2, "_input_count": 1, "_output_count": 1, "dim": [28, 28, 288], "data_type": "float32", "bias": null, "weight": null, "kernel": null, "in_var_name_list": ["5"], "out_var_name_list": ["9"]}, "10": {"index": 10, "var_name": "10", "api": "shortcut", "attr_count": 1, "_input_count": 1, "_output_count": 1, "dim": [28, 28, 72], "data_type": "float32", "bias": null, "weight": null, "kernel": null, "in_var_name_list": ["9"], "out_var_name_list": ["10"]}, "11": {"index": 11, "var_name": "11", "api": "convolutional", "attr_count": 7, "_input_count": 6, "_output_count": 1, "dim": [28, 28, 72], "data_type": "float32", "bias": [72], "weight": [36, 72, 3, 3], "kernel": null, "in_var_name_list": ["10", "", "", "", "", ""], "out_var_name_list": ["11"]}, "12": {"index": 12, "var_name": "12", "api": "route", "attr_count": 2, "_input_count": 1, "_output_count": 1, "dim": [28, 28, 288], "data_type": "float32", "bias": null, "weight": null, "kernel": null, "in_var_name_list": ["5"], "out_var_name_list": ["12"]}, "13": {"index": 13, "var_name": "13", "api": "shortcut", "attr_count": 1, "_input_count": 1, "_output_count": 1, "dim": [28, 28, 72], "data_type": "float32", "bias": null, "weight": null, "kernel": null, "in_var_name_list": ["12"], "out_var_name_list": ["13"]}, "14": {"index": 14, "var_name": "14", "api": "convolutional", "attr_count": 7, "_input_count": 6, "_output_count": 1, "dim": [28, 28, 72], "data_type": "float32", "bias": [72], "weight": [36, 72, 3, 3], "kernel": null, "in_var_name_list": ["13", "", "", "", "", ""], "out_var_name_list": ["14"]}, "15": {"index": 15, "var_name": "15", "api": "route", "attr_count": 0, "_input_count": 1, "_output_count": 1, "dim": [28, 28, 72], "data_type": "float32", "bias": null, "weight": null, "kernel": null, "in_var_name_list": ["6"], "out_var_name_list": ["15"]}, "16": {"index": 16, "var_name": "16", "api": "convolutional", "attr_count": 6, "_input_count": 6, "_output_count": 1, "dim": [28, 28, 288], "data_type": "float32", "bias": [288], "weight": [288, 288, 1, 1], "kernel": null, "in_var_name_list": ["15", "", "", "", "", ""], "out_var_name_list": ["16"]}, "17": {"index": 17, "var_name": "17", "api": "shortcut", "attr_count": 1, "_input_count": 1, "_output_count": 1, "dim": [28, 28, 288], "data_type": "float32", "bias": null, "weight": null, "kernel": null, "in_var_name_list": ["16"], "out_var_name_list": ["17"]}, "18": {"index": 18, "var_name": "18", "api": "convolutional", "attr_count": 6, "_input_count": 6, "_output_count": 1, "dim": [28, 28, 288], "data_type": "float32", "bias": [288], "weight": [288, 288, 1, 1], "kernel": null, "in_var_name_list": ["17", "", "", "", "", ""], "out_var_name_list": ["18"]}, "19": {"index": 19, "var_name": "19", "api": "route", "attr_count": 2, "_input_count": 1, "_output_count": 1, "dim": [28, 28, 288], "data_type": "float32", "bias": null, "weight": null, "kernel": null, "in_var_name_list": ["18"], "out_var_name_list": ["19"]}, "20": {"index": 20, "var_name": "20", "api": "route", "attr_count": 2, "_input_count": 1, "_output_count": 1, "dim": [28, 28, 288], "data_type": "float32", "bias": null, "weight": null, "kernel": null, "in_var_name_list": ["18"], "out_var_name_list": ["20"]}, "21": {"index": 21, "var_name": "21", "api": "convolutional", "attr_count": 7, "_input_count": 6, "_output_count": 1, "dim": [28, 28, 72], "data_type": "float32", "bias": [72], "weight": [36, 72, 3, 3], "kernel": null, "in_var_name_list": ["20", "", "", "", "", ""], "out_var_name_list": ["21"]}, "22": {"index": 22, "var_name": "22", "api": "route", "attr_count": 2, "_input_count": 1, "_output_count": 1, "dim": [28, 28, 288], "data_type": "float32", "bias": null, "weight": null, "kernel": null, "in_var_name_list": ["18"], "out_var_name_list": ["22"]}, "23": {"index": 23, "var_name": "23", "api": "shortcut", "attr_count": 1, "_input_count": 1, "_output_count": 1, "dim": [28, 28, 72], "data_type": "float32", "bias": null, "weight": null, "kernel": null, "in_var_name_list": ["22"], "out_var_name_list": ["23"]}, "24": {"index": 24, "var_name": "24", "api": "convolutional", "attr_count": 7, "_input_count": 6, "_output_count": 1, "dim": [28, 28, 72], "data_type": "float32", "bias": [72], "weight": [36, 72, 3, 3], "kernel": null, "in_var_name_list": ["23", "", "", "", "", ""], "out_var_name_list": ["24"]}, "25": {"index": 25, "var_name": "25", "api": "route", "attr_count": 2, "_input_count": 1, "_output_count": 1, "dim": [28, 28, 288], "data_type": "float32", "bias": null, "weight": null, "kernel": null, "in_var_name_list": ["18"], "out_var_name_list": ["25"]}, "26": {"index": 26, "var_name": "26", "api": "shortcut", "attr_count": 1, "_input_count": 1, "_output_count": 1, "dim": [28, 28, 72], "data_type": "float32", "bias": null, "weight": null, "kernel": null, "in_var_name_list": ["25"], "out_var_name_list": ["26"]}, "27": {"index": 27, "var_name": "27", "api": "convolutional", "attr_count": 7, "_input_count": 6, "_output_count": 1, "dim": [28, 28, 72], "data_type": "float32", "bias": [72], "weight": [36, 72, 3, 3], "kernel": null, "in_var_name_list": ["26", "", "", "", "", ""], "out_var_name_list": ["27"]}, "28": {"index": 28, "var_name": "28", "api": "route", "attr_count": 0, "_input_count": 1, "_output_count": 1, "dim": [28, 28, 72], "data_type": "float32", "bias": null, "weight": null, "kernel": null, "in_var_name_list": ["19"], "out_var_name_list": ["28"]}, "29": {"index": 29, "var_name": "29", "api": "convolutional", "attr_count": 6, "_input_count": 6, "_output_count": 1, "dim": [28, 28, 288], "data_type": "float32", "bias": [288], "weight": [288, 288, 1, 1], "kernel": null, "in_var_name_list": ["28", "", "", "", "", ""], "out_var_name_list": ["29"]}, "30": {"index": 30, "var_name": "30", "api": "shortcut", "attr_count": 1, "_input_count": 1, "_output_count": 1, "dim": [28, 28, 288], "data_type": "float32", "bias": null, "weight": null, "kernel": null, "in_var_name_list": ["29"], "out_var_name_list": ["30"]}, "31": {"index": 31, "var_name": "31", "api": "convolutional", "attr_count": 6, "_input_count": 6, "_output_count": 1, "dim": [28, 28, 288], "data_type": "float32", "bias": [288], "weight": [288, 288, 1, 1], "kernel": null, "in_var_name_list": ["30", "", "", "", "", ""], "out_var_name_list": ["31"]}, "32": {"index": 32, "var_name": "32", "api": "route", "attr_count": 2, "_input_count": 1, "_output_count": 1, "dim": [28, 28, 288], "data_type": "float32", "bias": null, "weight": null, "kernel": null, "in_var_name_list": ["31"], "out_var_name_list": ["32"]}, "33": {"index": 33, "var_name": "33", "api": "route", "attr_count": 2, "_input_count": 1, "_output_count": 1, "dim": [28, 28, 288], "data_type": "float32", "bias": null, "weight": null, "kernel": null, "in_var_name_list": ["31"], "out_var_name_list": ["33"]}, "34": {"index": 34, "var_name": "34", "api": "convolutional", "attr_count": 7, "_input_count": 6, "_output_count": 1, "dim": [28, 28, 72], "data_type": "float32", "bias": [72], "weight": [36, 72, 3, 3], "kernel": null, "in_var_name_list": ["33", "", "", "", "", ""], "out_var_name_list": ["34"]}, "35": {"index": 35, "var_name": "35", "api": "route", "attr_count": 2, "_input_count": 1, "_output_count": 1, "dim": [28, 28, 288], "data_type": "float32", "bias": null, "weight": null, "kernel": null, "in_var_name_list": ["31"], "out_var_name_list": ["35"]}, "36": {"index": 36, "var_name": "36", "api": "shortcut", "attr_count": 1, "_input_count": 1, "_output_count": 1, "dim": [28, 28, 72], "data_type": "float32", "bias": null, "weight": null, "kernel": null, "in_var_name_list": ["35"], "out_var_name_list": ["36"]}, "37": {"index": 37, "var_name": "37", "api": "convolutional", "attr_count": 7, "_input_count": 6, "_output_count": 1, "dim": [28, 28, 72], "data_type": "float32", "bias": [72], "weight": [36, 72, 3, 3], "kernel": null, "in_var_name_list": ["36", "", "", "", "", ""], "out_var_name_list": ["37"]}, "38": {"index": 38, "var_name": "38", "api": "route", "attr_count": 2, "_input_count": 1, "_output_count": 1, "dim": [28, 28, 288], "data_type": "float32", "bias": null, "weight": null, "kernel": null, "in_var_name_list": ["31"], "out_var_name_list": ["38"]}, "39": {"index": 39, "var_name": "39", "api": "shortcut", "attr_count": 1, "_input_count": 1, "_output_count": 1, "dim": [28, 28, 72], "data_type": "float32", "bias": null, "weight": null, "kernel": null, "in_var_name_list": ["38"], "out_var_name_list": ["39"]}, "40": {"index": 40, "var_name": "40", "api": "convolutional", "attr_count": 7, "_input_count": 6, "_output_count": 1, "dim": [28, 28, 72], "data_type": "float32", "bias": [72], "weight": [36, 72, 3, 3], "kernel": null, "in_var_name_list": ["39", "", "", "", "", ""], "out_var_name_list": ["40"]}, "41": {"index": 41, "var_name": "41", "api": "route", "attr_count": 0, "_input_count": 1, "_output_count": 1, "dim": [28, 28, 72], "data_type": "float32", "bias": null, "weight": null, "kernel": null, "in_var_name_list": ["32"], "out_var_name_list": ["41"]}, "42": {"index": 42, "var_name": "42", "api": "convolutional", "attr_count": 6, "_input_count": 6, "_output_count": 1, "dim": [28, 28, 288], "data_type": "float32", "bias": [288], "weight": [288, 288, 1, 1], "kernel": null, "in_var_name_list": ["41", "", "", "", "", ""], "out_var_name_list": ["42"]}, "43": {"index": 43, "var_name": "43", "api": "shortcut", "attr_count": 1, "_input_count": 1, "_output_count": 1, "dim": [28, 28, 288], "data_type": "float32", "bias": null, "weight": null, "kernel": null, "in_var_name_list": ["42"], "out_var_name_list": ["43"]}, "44": {"index": 44, "var_name": "44", "api": "convolutional", "attr_count": 6, "_input_count": 6, "_output_count": 1, "dim": [28, 28, 288], "data_type": "float32", "bias": [144], "weight": [288, 144, 1, 1], "kernel": null, "in_var_name_list": ["43", "", "", "", "", ""], "out_var_name_list": ["44"]}, "45": {"index": 45, "var_name": "45", "api": "convolutional", "attr_count": 7, "_input_count": 6, "_output_count": 1, "dim": [28, 28, 144], "data_type": "float32", "bias": [144], "weight": [72, 144, 3, 3], "kernel": null, "in_var_name_list": ["44", "", "", "", "", ""], "out_var_name_list": ["45"]}, "46": {"index": 46, "var_name": "46", "api": "convolutional", "attr_count": 6, "_input_count": 6, "_output_count": 1, "dim": [14, 14, 144], "data_type": "float32", "bias": [576], "weight": [144, 576, 1, 1], "kernel": null, "in_var_name_list": ["45", "", "", "", "", ""], "out_var_name_list": ["46"]}, "47": {"index": 47, "var_name": "47", "api": "convolutional", "attr_count": 6, "_input_count": 6, "_output_count": 1, "dim": [14, 14, 576], "data_type": "float32", "bias": [576], "weight": [576, 576, 1, 1], "kernel": null, "in_var_name_list": ["46", "", "", "", "", ""], "out_var_name_list": ["47"]}, "48": {"index": 48, "var_name": "48", "api": "route", "attr_count": 2, "_input_count": 1, "_output_count": 1, "dim": [14, 14, 576], "data_type": "float32", "bias": null, "weight": null, "kernel": null, "in_var_name_list": ["47"], "out_var_name_list": ["48"]}, "49": {"index": 49, "var_name": "49", "api": "route", "attr_count": 2, "_input_count": 1, "_output_count": 1, "dim": [14, 14, 576], "data_type": "float32", "bias": null, "weight": null, "kernel": null, "in_var_name_list": ["47"], "out_var_name_list": ["49"]}, "50": {"index": 50, "var_name": "50", "api": "convolutional", "attr_count": 7, "_input_count": 6, "_output_count": 1, "dim": [14, 14, 144], "data_type": "float32", "bias": [144], "weight": [72, 144, 3, 3], "kernel": null, "in_var_name_list": ["49", "", "", "", "", ""], "out_var_name_list": ["50"]}, "51": {"index": 51, "var_name": "51", "api": "route", "attr_count": 2, "_input_count": 1, "_output_count": 1, "dim": [14, 14, 576], "data_type": "float32", "bias": null, "weight": null, "kernel": null, "in_var_name_list": ["47"], "out_var_name_list": ["51"]}, "52": {"index": 52, "var_name": "52", "api": "shortcut", "attr_count": 1, "_input_count": 1, "_output_count": 1, "dim": [14, 14, 144], "data_type": "float32", "bias": null, "weight": null, "kernel": null, "in_var_name_list": ["51"], "out_var_name_list": ["52"]}, "53": {"index": 53, "var_name": "53", "api": "convolutional", "attr_count": 7, "_input_count": 6, "_output_count": 1, "dim": [14, 14, 144], "data_type": "float32", "bias": [144], "weight": [72, 144, 3, 3], "kernel": null, "in_var_name_list": ["52", "", "", "", "", ""], "out_var_name_list": ["53"]}, "54": {"index": 54, "var_name": "54", "api": "route", "attr_count": 2, "_input_count": 1, "_output_count": 1, "dim": [14, 14, 576], "data_type": "float32", "bias": null, "weight": null, "kernel": null, "in_var_name_list": ["47"], "out_var_name_list": ["54"]}, "55": {"index": 55, "var_name": "55", "api": "shortcut", "attr_count": 1, "_input_count": 1, "_output_count": 1, "dim": [14, 14, 144], "data_type": "float32", "bias": null, "weight": null, "kernel": null, "in_var_name_list": ["54"], "out_var_name_list": ["55"]}, "56": {"index": 56, "var_name": "56", "api": "convolutional", "attr_count": 7, "_input_count": 6, "_output_count": 1, "dim": [14, 14, 144], "data_type": "float32", "bias": [144], "weight": [72, 144, 3, 3], "kernel": null, "in_var_name_list": ["55", "", "", "", "", ""], "out_var_name_list": ["56"]}, "57": {"index": 57, "var_name": "57", "api": "route", "attr_count": 0, "_input_count": 1, "_output_count": 1, "dim": [14, 14, 144], "data_type": "float32", "bias": null, "weight": null, "kernel": null, "in_var_name_list": ["48"], "out_var_name_list": ["57"]}, "58": {"index": 58, "var_name": "58", "api": "convolutional", "attr_count": 6, "_input_count": 6, "_output_count": 1, "dim": [14, 14, 576], "data_type": "float32", "bias": [576], "weight": [576, 576, 1, 1], "kernel": null, "in_var_name_list": ["57", "", "", "", "", ""], "out_var_name_list": ["58"]}, "59": {"index": 59, "var_name": "59", "api": "shortcut", "attr_count": 1, "_input_count": 1, "_output_count": 1, "dim": [14, 14, 576], "data_type": "float32", "bias": null, "weight": null, "kernel": null, "in_var_name_list": ["58"], "out_var_name_list": ["59"]}, "60": {"index": 60, "var_name": "60", "api": "convolutional", "attr_count": 6, "_input_count": 6, "_output_count": 1, "dim": [14, 14, 576], "data_type": "float32", "bias": [576], "weight": [576, 576, 1, 1], "kernel": null, "in_var_name_list": ["59", "", "", "", "", ""], "out_var_name_list": ["60"]}, "61": {"index": 61, "var_name": "61", "api": "route", "attr_count": 2, "_input_count": 1, "_output_count": 1, "dim": [14, 14, 576], "data_type": "float32", "bias": null, "weight": null, "kernel": null, "in_var_name_list": ["60"], "out_var_name_list": ["61"]}, "62": {"index": 62, "var_name": "62", "api": "route", "attr_count": 2, "_input_count": 1, "_output_count": 1, "dim": [14, 14, 576], "data_type": "float32", "bias": null, "weight": null, "kernel": null, "in_var_name_list": ["60"], "out_var_name_list": ["62"]}, "63": {"index": 63, "var_name": "63", "api": "convolutional", "attr_count": 7, "_input_count": 6, "_output_count": 1, "dim": [14, 14, 144], "data_type": "float32", "bias": [144], "weight": [72, 144, 3, 3], "kernel": null, "in_var_name_list": ["62", "", "", "", "", ""], "out_var_name_list": ["63"]}, "64": {"index": 64, "var_name": "64", "api": "route", "attr_count": 2, "_input_count": 1, "_output_count": 1, "dim": [14, 14, 576], "data_type": "float32", "bias": null, "weight": null, "kernel": null, "in_var_name_list": ["60"], "out_var_name_list": ["64"]}, "65": {"index": 65, "var_name": "65", "api": "shortcut", "attr_count": 1, "_input_count": 1, "_output_count": 1, "dim": [14, 14, 144], "data_type": "float32", "bias": null, "weight": null, "kernel": null, "in_var_name_list": ["64"], "out_var_name_list": ["65"]}, "66": {"index": 66, "var_name": "66", "api": "convolutional", "attr_count": 7, "_input_count": 6, "_output_count": 1, "dim": [14, 14, 144], "data_type": "float32", "bias": [144], "weight": [72, 144, 3, 3], "kernel": null, "in_var_name_list": ["65", "", "", "", "", ""], "out_var_name_list": ["66"]}, "67": {"index": 67, "var_name": "67", "api": "route", "attr_count": 2, "_input_count": 1, "_output_count": 1, "dim": [14, 14, 576], "data_type": "float32", "bias": null, "weight": null, "kernel": null, "in_var_name_list": ["60"], "out_var_name_list": ["67"]}, "68": {"index": 68, "var_name": "68", "api": "shortcut", "attr_count": 1, "_input_count": 1, "_output_count": 1, "dim": [14, 14, 144], "data_type": "float32", "bias": null, "weight": null, "kernel": null, "in_var_name_list": ["67"], "out_var_name_list": ["68"]}, "69": {"index": 69, "var_name": "69", "api": "convolutional", "attr_count": 7, "_input_count": 6, "_output_count": 1, "dim": [14, 14, 144], "data_type": "float32", "bias": [144], "weight": [72, 144, 3, 3], "kernel": null, "in_var_name_list": ["68", "", "", "", "", ""], "out_var_name_list": ["69"]}, "70": {"index": 70, "var_name": "70", "api": "route", "attr_count": 0, "_input_count": 1, "_output_count": 1, "dim": [14, 14, 144], "data_type": "float32", "bias": null, "weight": null, "kernel": null, "in_var_name_list": ["61"], "out_var_name_list": ["70"]}, "71": {"index": 71, "var_name": "71", "api": "convolutional", "attr_count": 6, "_input_count": 6, "_output_count": 1, "dim": [14, 14, 576], "data_type": "float32", "bias": [576], "weight": [576, 576, 1, 1], "kernel": null, "in_var_name_list": ["70", "", "", "", "", ""], "out_var_name_list": ["71"]}, "72": {"index": 72, "var_name": "72", "api": "shortcut", "attr_count": 1, "_input_count": 1, "_output_count": 1, "dim": [14, 14, 576], "data_type": "float32", "bias": null, "weight": null, "kernel": null, "in_var_name_list": ["71"], "out_var_name_list": ["72"]}, "73": {"index": 73, "var_name": "73", "api": "convolutional", "attr_count": 6, "_input_count": 6, "_output_count": 1, "dim": [14, 14, 576], "data_type": "float32", "bias": [576], "weight": [576, 576, 1, 1], "kernel": null, "in_var_name_list": ["72", "", "", "", "", ""], "out_var_name_list": ["73"]}, "74": {"index": 74, "var_name": "74", "api": "route", "attr_count": 2, "_input_count": 1, "_output_count": 1, "dim": [14, 14, 576], "data_type": "float32", "bias": null, "weight": null, "kernel": null, "in_var_name_list": ["73"], "out_var_name_list": ["74"]}, "75": {"index": 75, "var_name": "75", "api": "route", "attr_count": 2, "_input_count": 1, "_output_count": 1, "dim": [14, 14, 576], "data_type": "float32", "bias": null, "weight": null, "kernel": null, "in_var_name_list": ["73"], "out_var_name_list": ["75"]}, "76": {"index": 76, "var_name": "76", "api": "convolutional", "attr_count": 7, "_input_count": 6, "_output_count": 1, "dim": [14, 14, 144], "data_type": "float32", "bias": [144], "weight": [72, 144, 3, 3], "kernel": null, "in_var_name_list": ["75", "", "", "", "", ""], "out_var_name_list": ["76"]}, "77": {"index": 77, "var_name": "77", "api": "route", "attr_count": 2, "_input_count": 1, "_output_count": 1, "dim": [14, 14, 576], "data_type": "float32", "bias": null, "weight": null, "kernel": null, "in_var_name_list": ["73"], "out_var_name_list": ["77"]}, "78": {"index": 78, "var_name": "78", "api": "shortcut", "attr_count": 1, "_input_count": 1, "_output_count": 1, "dim": [14, 14, 144], "data_type": "float32", "bias": null, "weight": null, "kernel": null, "in_var_name_list": ["77"], "out_var_name_list": ["78"]}, "79": {"index": 79, "var_name": "79", "api": "convolutional", "attr_count": 7, "_input_count": 6, "_output_count": 1, "dim": [14, 14, 144], "data_type": "float32", "bias": [144], "weight": [72, 144, 3, 3], "kernel": null, "in_var_name_list": ["78", "", "", "", "", ""], "out_var_name_list": ["79"]}, "80": {"index": 80, "var_name": "80", "api": "route", "attr_count": 2, "_input_count": 1, "_output_count": 1, "dim": [14, 14, 576], "data_type": "float32", "bias": null, "weight": null, "kernel": null, "in_var_name_list": ["73"], "out_var_name_list": ["80"]}, "81": {"index": 81, "var_name": "81", "api": "shortcut", "attr_count": 1, "_input_count": 1, "_output_count": 1, "dim": [14, 14, 144], "data_type": "float32", "bias": null, "weight": null, "kernel": null, "in_var_name_list": ["80"], "out_var_name_list": ["81"]}, "82": {"index": 82, "var_name": "82", "api": "convolutional", "attr_count": 7, "_input_count": 6, "_output_count": 1, "dim": [14, 14, 144], "data_type": "float32", "bias": [144], "weight": [72, 144, 3, 3], "kernel": null, "in_var_name_list": ["81", "", "", "", "", ""], "out_var_name_list": ["82"]}, "83": {"index": 83, "var_name": "83", "api": "route", "attr_count": 0, "_input_count": 1, "_output_count": 1, "dim": [14, 14, 144], "data_type": "float32", "bias": null, "weight": null, "kernel": null, "in_var_name_list": ["74"], "out_var_name_list": ["83"]}, "84": {"index": 84, "var_name": "84", "api": "convolutional", "attr_count": 6, "_input_count": 6, "_output_count": 1, "dim": [14, 14, 576], "data_type": "float32", "bias": [576], "weight": [576, 576, 1, 1], "kernel": null, "in_var_name_list": ["83", "", "", "", "", ""], "out_var_name_list": ["84"]}, "85": {"index": 85, "var_name": "85", "api": "shortcut", "attr_count": 1, "_input_count": 1, "_output_count": 1, "dim": [14, 14, 576], "data_type": "float32", "bias": null, "weight": null, "kernel": null, "in_var_name_list": ["84"], "out_var_name_list": ["85"]}, "86": {"index": 86, "var_name": "86", "api": "convolutional", "attr_count": 6, "_input_count": 6, "_output_count": 1, "dim": [14, 14, 576], "data_type": "float32", "bias": [576], "weight": [576, 576, 1, 1], "kernel": null, "in_var_name_list": ["85", "", "", "", "", ""], "out_var_name_list": ["86"]}, "87": {"index": 87, "var_name": "87", "api": "route", "attr_count": 2, "_input_count": 1, "_output_count": 1, "dim": [14, 14, 576], "data_type": "float32", "bias": null, "weight": null, "kernel": null, "in_var_name_list": ["86"], "out_var_name_list": ["87"]}, "88": {"index": 88, "var_name": "88", "api": "route", "attr_count": 2, "_input_count": 1, "_output_count": 1, "dim": [14, 14, 576], "data_type": "float32", "bias": null, "weight": null, "kernel": null, "in_var_name_list": ["86"], "out_var_name_list": ["88"]}, "89": {"index": 89, "var_name": "89", "api": "convolutional", "attr_count": 7, "_input_count": 6, "_output_count": 1, "dim": [14, 14, 144], "data_type": "float32", "bias": [144], "weight": [72, 144, 3, 3], "kernel": null, "in_var_name_list": ["88", "", "", "", "", ""], "out_var_name_list": ["89"]}, "90": {"index": 90, "var_name": "90", "api": "route", "attr_count": 2, "_input_count": 1, "_output_count": 1, "dim": [14, 14, 576], "data_type": "float32", "bias": null, "weight": null, "kernel": null, "in_var_name_list": ["86"], "out_var_name_list": ["90"]}, "91": {"index": 91, "var_name": "91", "api": "shortcut", "attr_count": 1, "_input_count": 1, "_output_count": 1, "dim": [14, 14, 144], "data_type": "float32", "bias": null, "weight": null, "kernel": null, "in_var_name_list": ["90"], "out_var_name_list": ["91"]}, "92": {"index": 92, "var_name": "92", "api": "convolutional", "attr_count": 7, "_input_count": 6, "_output_count": 1, "dim": [14, 14, 144], "data_type": "float32", "bias": [144], "weight": [72, 144, 3, 3], "kernel": null, "in_var_name_list": ["91", "", "", "", "", ""], "out_var_name_list": ["92"]}, "93": {"index": 93, "var_name": "93", "api": "route", "attr_count": 2, "_input_count": 1, "_output_count": 1, "dim": [14, 14, 576], "data_type": "float32", "bias": null, "weight": null, "kernel": null, "in_var_name_list": ["86"], "out_var_name_list": ["93"]}, "94": {"index": 94, "var_name": "94", "api": "shortcut", "attr_count": 1, "_input_count": 1, "_output_count": 1, "dim": [14, 14, 144], "data_type": "float32", "bias": null, "weight": null, "kernel": null, "in_var_name_list": ["93"], "out_var_name_list": ["94"]}, "95": {"index": 95, "var_name": "95", "api": "convolutional", "attr_count": 7, "_input_count": 6, "_output_count": 1, "dim": [14, 14, 144], "data_type": "float32", "bias": [144], "weight": [72, 144, 3, 3], "kernel": null, "in_var_name_list": ["94", "", "", "", "", ""], "out_var_name_list": ["95"]}, "96": {"index": 96, "var_name": "96", "api": "route", "attr_count": 0, "_input_count": 1, "_output_count": 1, "dim": [14, 14, 144], "data_type": "float32", "bias": null, "weight": null, "kernel": null, "in_var_name_list": ["87"], "out_var_name_list": ["96"]}, "97": {"index": 97, "var_name": "97", "api": "convolutional", "attr_count": 6, "_input_count": 6, "_output_count": 1, "dim": [14, 14, 576], "data_type": "float32", "bias": [576], "weight": [576, 576, 1, 1], "kernel": null, "in_var_name_list": ["96", "", "", "", "", ""], "out_var_name_list": ["97"]}, "98": {"index": 98, "var_name": "98", "api": "shortcut", "attr_count": 1, "_input_count": 1, "_output_count": 1, "dim": [14, 14, 576], "data_type": "float32", "bias": null, "weight": null, "kernel": null, "in_var_name_list": ["97"], "out_var_name_list": ["98"]}, "99": {"index": 99, "var_name": "99", "api": "convolutional", "attr_count": 6, "_input_count": 6, "_output_count": 1, "dim": [14, 14, 576], "data_type": "float32", "bias": [576], "weight": [576, 576, 1, 1], "kernel": null, "in_var_name_list": ["98", "", "", "", "", ""], "out_var_name_list": ["99"]}, "100": {"index": 100, "var_name": "100", "api": "route", "attr_count": 2, "_input_count": 1, "_output_count": 1, "dim": [14, 14, 576], "data_type": "float32", "bias": null, "weight": null, "kernel": null, "in_var_name_list": ["99"], "out_var_name_list": ["100"]}, "101": {"index": 101, "var_name": "101", "api": "route", "attr_count": 2, "_input_count": 1, "_output_count": 1, "dim": [14, 14, 576], "data_type": "float32", "bias": null, "weight": null, "kernel": null, "in_var_name_list": ["99"], "out_var_name_list": ["101"]}, "102": {"index": 102, "var_name": "102", "api": "convolutional", "attr_count": 7, "_input_count": 6, "_output_count": 1, "dim": [14, 14, 144], "data_type": "float32", "bias": [144], "weight": [72, 144, 3, 3], "kernel": null, "in_var_name_list": ["101", "", "", "", "", ""], "out_var_name_list": ["102"]}, "103": {"index": 103, "var_name": "103", "api": "route", "attr_count": 2, "_input_count": 1, "_output_count": 1, "dim": [14, 14, 576], "data_type": "float32", "bias": null, "weight": null, "kernel": null, "in_var_name_list": ["99"], "out_var_name_list": ["103"]}, "104": {"index": 104, "var_name": "104", "api": "shortcut", "attr_count": 1, "_input_count": 1, "_output_count": 1, "dim": [14, 14, 144], "data_type": "float32", "bias": null, "weight": null, "kernel": null, "in_var_name_list": ["103"], "out_var_name_list": ["104"]}, "105": {"index": 105, "var_name": "105", "api": "convolutional", "attr_count": 7, "_input_count": 6, "_output_count": 1, "dim": [14, 14, 144], "data_type": "float32", "bias": [144], "weight": [72, 144, 3, 3], "kernel": null, "in_var_name_list": ["104", "", "", "", "", ""], "out_var_name_list": ["105"]}, "106": {"index": 106, "var_name": "106", "api": "route", "attr_count": 2, "_input_count": 1, "_output_count": 1, "dim": [14, 14, 576], "data_type": "float32", "bias": null, "weight": null, "kernel": null, "in_var_name_list": ["99"], "out_var_name_list": ["106"]}, "107": {"index": 107, "var_name": "107", "api": "shortcut", "attr_count": 1, "_input_count": 1, "_output_count": 1, "dim": [14, 14, 144], "data_type": "float32", "bias": null, "weight": null, "kernel": null, "in_var_name_list": ["106"], "out_var_name_list": ["107"]}, "108": {"index": 108, "var_name": "108", "api": "convolutional", "attr_count": 7, "_input_count": 6, "_output_count": 1, "dim": [14, 14, 144], "data_type": "float32", "bias": [144], "weight": [72, 144, 3, 3], "kernel": null, "in_var_name_list": ["107", "", "", "", "", ""], "out_var_name_list": ["108"]}, "109": {"index": 109, "var_name": "109", "api": "route", "attr_count": 0, "_input_count": 1, "_output_count": 1, "dim": [14, 14, 144], "data_type": "float32", "bias": null, "weight": null, "kernel": null, "in_var_name_list": ["100"], "out_var_name_list": ["109"]}, "110": {"index": 110, "var_name": "110", "api": "convolutional", "attr_count": 6, "_input_count": 6, "_output_count": 1, "dim": [14, 14, 576], "data_type": "float32", "bias": [576], "weight": [576, 576, 1, 1], "kernel": null, "in_var_name_list": ["109", "", "", "", "", ""], "out_var_name_list": ["110"]}, "111": {"index": 111, "var_name": "111", "api": "shortcut", "attr_count": 1, "_input_count": 1, "_output_count": 1, "dim": [14, 14, 576], "data_type": "float32", "bias": null, "weight": null, "kernel": null, "in_var_name_list": ["110"], "out_var_name_list": ["111"]}, "112": {"index": 112, "var_name": "112", "api": "convolutional", "attr_count": 6, "_input_count": 6, "_output_count": 1, "dim": [14, 14, 576], "data_type": "float32", "bias": [576], "weight": [576, 576, 1, 1], "kernel": null, "in_var_name_list": ["111", "", "", "", "", ""], "out_var_name_list": ["112"]}, "113": {"index": 113, "var_name": "113", "api": "route", "attr_count": 2, "_input_count": 1, "_output_count": 1, "dim": [14, 14, 576], "data_type": "float32", "bias": null, "weight": null, "kernel": null, "in_var_name_list": ["112"], "out_var_name_list": ["113"]}, "114": {"index": 114, "var_name": "114", "api": "route", "attr_count": 2, "_input_count": 1, "_output_count": 1, "dim": [14, 14, 576], "data_type": "float32", "bias": null, "weight": null, "kernel": null, "in_var_name_list": ["112"], "out_var_name_list": ["114"]}, "115": {"index": 115, "var_name": "115", "api": "convolutional", "attr_count": 7, "_input_count": 6, "_output_count": 1, "dim": [14, 14, 144], "data_type": "float32", "bias": [144], "weight": [72, 144, 3, 3], "kernel": null, "in_var_name_list": ["114", "", "", "", "", ""], "out_var_name_list": ["115"]}, "116": {"index": 116, "var_name": "116", "api": "route", "attr_count": 2, "_input_count": 1, "_output_count": 1, "dim": [14, 14, 576], "data_type": "float32", "bias": null, "weight": null, "kernel": null, "in_var_name_list": ["112"], "out_var_name_list": ["116"]}, "117": {"index": 117, "var_name": "117", "api": "shortcut", "attr_count": 1, "_input_count": 1, "_output_count": 1, "dim": [14, 14, 144], "data_type": "float32", "bias": null, "weight": null, "kernel": null, "in_var_name_list": ["116"], "out_var_name_list": ["117"]}, "118": {"index": 118, "var_name": "118", "api": "convolutional", "attr_count": 7, "_input_count": 6, "_output_count": 1, "dim": [14, 14, 144], "data_type": "float32", "bias": [144], "weight": [72, 144, 3, 3], "kernel": null, "in_var_name_list": ["117", "", "", "", "", ""], "out_var_name_list": ["118"]}, "119": {"index": 119, "var_name": "119", "api": "route", "attr_count": 2, "_input_count": 1, "_output_count": 1, "dim": [14, 14, 576], "data_type": "float32", "bias": null, "weight": null, "kernel": null, "in_var_name_list": ["112"], "out_var_name_list": ["119"]}, "120": {"index": 120, "var_name": "120", "api": "shortcut", "attr_count": 1, "_input_count": 1, "_output_count": 1, "dim": [14, 14, 144], "data_type": "float32", "bias": null, "weight": null, "kernel": null, "in_var_name_list": ["119"], "out_var_name_list": ["120"]}, "121": {"index": 121, "var_name": "121", "api": "convolutional", "attr_count": 7, "_input_count": 6, "_output_count": 1, "dim": [14, 14, 144], "data_type": "float32", "bias": [144], "weight": [72, 144, 3, 3], "kernel": null, "in_var_name_list": ["120", "", "", "", "", ""], "out_var_name_list": ["121"]}, "122": {"index": 122, "var_name": "122", "api": "route", "attr_count": 0, "_input_count": 1, "_output_count": 1, "dim": [14, 14, 144], "data_type": "float32", "bias": null, "weight": null, "kernel": null, "in_var_name_list": ["113"], "out_var_name_list": ["122"]}, "123": {"index": 123, "var_name": "123", "api": "convolutional", "attr_count": 6, "_input_count": 6, "_output_count": 1, "dim": [14, 14, 576], "data_type": "float32", "bias": [576], "weight": [576, 576, 1, 1], "kernel": null, "in_var_name_list": ["122", "", "", "", "", ""], "out_var_name_list": ["123"]}, "124": {"index": 124, "var_name": "124", "api": "shortcut", "attr_count": 1, "_input_count": 1, "_output_count": 1, "dim": [14, 14, 576], "data_type": "float32", "bias": null, "weight": null, "kernel": null, "in_var_name_list": ["123"], "out_var_name_list": ["124"]}, "125": {"index": 125, "var_name": "125", "api": "convolutional", "attr_count": 6, "_input_count": 6, "_output_count": 1, "dim": [14, 14, 576], "data_type": "float32", "bias": [576], "weight": [576, 576, 1, 1], "kernel": null, "in_var_name_list": ["124", "", "", "", "", ""], "out_var_name_list": ["125"]}, "126": {"index": 126, "var_name": "126", "api": "route", "attr_count": 2, "_input_count": 1, "_output_count": 1, "dim": [14, 14, 576], "data_type": "float32", "bias": null, "weight": null, "kernel": null, "in_var_name_list": ["125"], "out_var_name_list": ["126"]}, "127": {"index": 127, "var_name": "127", "api": "route", "attr_count": 2, "_input_count": 1, "_output_count": 1, "dim": [14, 14, 576], "data_type": "float32", "bias": null, "weight": null, "kernel": null, "in_var_name_list": ["125"], "out_var_name_list": ["127"]}, "128": {"index": 128, "var_name": "128", "api": "convolutional", "attr_count": 7, "_input_count": 6, "_output_count": 1, "dim": [14, 14, 144], "data_type": "float32", "bias": [144], "weight": [72, 144, 3, 3], "kernel": null, "in_var_name_list": ["127", "", "", "", "", ""], "out_var_name_list": ["128"]}, "129": {"index": 129, "var_name": "129", "api": "route", "attr_count": 2, "_input_count": 1, "_output_count": 1, "dim": [14, 14, 576], "data_type": "float32", "bias": null, "weight": null, "kernel": null, "in_var_name_list": ["125"], "out_var_name_list": ["129"]}, "130": {"index": 130, "var_name": "130", "api": "shortcut", "attr_count": 1, "_input_count": 1, "_output_count": 1, "dim": [14, 14, 144], "data_type": "float32", "bias": null, "weight": null, "kernel": null, "in_var_name_list": ["129"], "out_var_name_list": ["130"]}, "131": {"index": 131, "var_name": "131", "api": "convolutional", "attr_count": 7, "_input_count": 6, "_output_count": 1, "dim": [14, 14, 144], "data_type": "float32", "bias": [144], "weight": [72, 144, 3, 3], "kernel": null, "in_var_name_list": ["130", "", "", "", "", ""], "out_var_name_list": ["131"]}, "132": {"index": 132, "var_name": "132", "api": "route", "attr_count": 2, "_input_count": 1, "_output_count": 1, "dim": [14, 14, 576], "data_type": "float32", "bias": null, "weight": null, "kernel": null, "in_var_name_list": ["125"], "out_var_name_list": ["132"]}, "133": {"index": 133, "var_name": "133", "api": "shortcut", "attr_count": 1, "_input_count": 1, "_output_count": 1, "dim": [14, 14, 144], "data_type": "float32", "bias": null, "weight": null, "kernel": null, "in_var_name_list": ["132"], "out_var_name_list": ["133"]}, "134": {"index": 134, "var_name": "134", "api": "convolutional", "attr_count": 7, "_input_count": 6, "_output_count": 1, "dim": [14, 14, 144], "data_type": "float32", "bias": [144], "weight": [72, 144, 3, 3], "kernel": null, "in_var_name_list": ["133", "", "", "", "", ""], "out_var_name_list": ["134"]}, "135": {"index": 135, "var_name": "135", "api": "route", "attr_count": 0, "_input_count": 1, "_output_count": 1, "dim": [14, 14, 144], "data_type": "float32", "bias": null, "weight": null, "kernel": null, "in_var_name_list": ["126"], "out_var_name_list": ["135"]}, "136": {"index": 136, "var_name": "136", "api": "convolutional", "attr_count": 6, "_input_count": 6, "_output_count": 1, "dim": [14, 14, 576], "data_type": "float32", "bias": [576], "weight": [576, 576, 1, 1], "kernel": null, "in_var_name_list": ["135", "", "", "", "", ""], "out_var_name_list": ["136"]}, "137": {"index": 137, "var_name": "137", "api": "shortcut", "attr_count": 1, "_input_count": 1, "_output_count": 1, "dim": [14, 14, 576], "data_type": "float32", "bias": null, "weight": null, "kernel": null, "in_var_name_list": ["136"], "out_var_name_list": ["137"]}, "138": {"index": 138, "var_name": "138", "api": "convolutional", "attr_count": 6, "_input_count": 6, "_output_count": 1, "dim": [14, 14, 576], "data_type": "float32", "bias": [288], "weight": [576, 288, 1, 1], "kernel": null, "in_var_name_list": ["137", "", "", "", "", ""], "out_var_name_list": ["138"]}, "139": {"index": 139, "var_name": "139", "api": "convolutional", "attr_count": 7, "_input_count": 6, "_output_count": 1, "dim": [14, 14, 288], "data_type": "float32", "bias": [288], "weight": [144, 288, 3, 3], "kernel": null, "in_var_name_list": ["138", "", "", "", "", ""], "out_var_name_list": ["139"]}, "140": {"index": 140, "var_name": "140", "api": "convolutional", "attr_count": 6, "_input_count": 6, "_output_count": 1, "dim": [7, 7, 288], "data_type": "float32", "bias": [1152], "weight": [288, 1152, 1, 1], "kernel": null, "in_var_name_list": ["139", "", "", "", "", ""], "out_var_name_list": ["140"]}, "141": {"index": 141, "var_name": "141", "api": "convolutional", "attr_count": 6, "_input_count": 6, "_output_count": 1, "dim": [7, 7, 1152], "data_type": "float32", "bias": [1152], "weight": [1152, 1152, 1, 1], "kernel": null, "in_var_name_list": ["140", "", "", "", "", ""], "out_var_name_list": ["141"]}, "142": {"index": 142, "var_name": "142", "api": "route", "attr_count": 2, "_input_count": 1, "_output_count": 1, "dim": [7, 7, 1152], "data_type": "float32", "bias": null, "weight": null, "kernel": null, "in_var_name_list": ["141"], "out_var_name_list": ["142"]}, "143": {"index": 143, "var_name": "143", "api": "route", "attr_count": 2, "_input_count": 1, "_output_count": 1, "dim": [7, 7, 1152], "data_type": "float32", "bias": null, "weight": null, "kernel": null, "in_var_name_list": ["141"], "out_var_name_list": ["143"]}, "144": {"index": 144, "var_name": "144", "api": "convolutional", "attr_count": 7, "_input_count": 6, "_output_count": 1, "dim": [7, 7, 288], "data_type": "float32", "bias": [288], "weight": [144, 288, 3, 3], "kernel": null, "in_var_name_list": ["143", "", "", "", "", ""], "out_var_name_list": ["144"]}, "145": {"index": 145, "var_name": "145", "api": "route", "attr_count": 2, "_input_count": 1, "_output_count": 1, "dim": [7, 7, 1152], "data_type": "float32", "bias": null, "weight": null, "kernel": null, "in_var_name_list": ["141"], "out_var_name_list": ["145"]}, "146": {"index": 146, "var_name": "146", "api": "shortcut", "attr_count": 1, "_input_count": 1, "_output_count": 1, "dim": [7, 7, 288], "data_type": "float32", "bias": null, "weight": null, "kernel": null, "in_var_name_list": ["145"], "out_var_name_list": ["146"]}, "147": {"index": 147, "var_name": "147", "api": "convolutional", "attr_count": 7, "_input_count": 6, "_output_count": 1, "dim": [7, 7, 288], "data_type": "float32", "bias": [288], "weight": [144, 288, 3, 3], "kernel": null, "in_var_name_list": ["146", "", "", "", "", ""], "out_var_name_list": ["147"]}, "148": {"index": 148, "var_name": "148", "api": "route", "attr_count": 2, "_input_count": 1, "_output_count": 1, "dim": [7, 7, 1152], "data_type": "float32", "bias": null, "weight": null, "kernel": null, "in_var_name_list": ["141"], "out_var_name_list": ["148"]}, "149": {"index": 149, "var_name": "149", "api": "shortcut", "attr_count": 1, "_input_count": 1, "_output_count": 1, "dim": [7, 7, 288], "data_type": "float32", "bias": null, "weight": null, "kernel": null, "in_var_name_list": ["148"], "out_var_name_list": ["149"]}, "150": {"index": 150, "var_name": "150", "api": "convolutional", "attr_count": 7, "_input_count": 6, "_output_count": 1, "dim": [7, 7, 288], "data_type": "float32", "bias": [288], "weight": [144, 288, 3, 3], "kernel": null, "in_var_name_list": ["149", "", "", "", "", ""], "out_var_name_list": ["150"]}, "151": {"index": 151, "var_name": "151", "api": "route", "attr_count": 0, "_input_count": 1, "_output_count": 1, "dim": [7, 7, 288], "data_type": "float32", "bias": null, "weight": null, "kernel": null, "in_var_name_list": ["142"], "out_var_name_list": ["151"]}, "152": {"index": 152, "var_name": "152", "api": "convolutional", "attr_count": 6, "_input_count": 6, "_output_count": 1, "dim": [7, 7, 1152], "data_type": "float32", "bias": [1152], "weight": [1152, 1152, 1, 1], "kernel": null, "in_var_name_list": ["151", "", "", "", "", ""], "out_var_name_list": ["152"]}, "153": {"index": 153, "var_name": "153", "api": "shortcut", "attr_count": 1, "_input_count": 1, "_output_count": 1, "dim": [7, 7, 1152], "data_type": "float32", "bias": null, "weight": null, "kernel": null, "in_var_name_list": ["152"], "out_var_name_list": ["153"]}, "154": {"index": 154, "var_name": "154", "api": "convolutional", "attr_count": 6, "_input_count": 6, "_output_count": 1, "dim": [7, 7, 1152], "data_type": "float32", "bias": [1152], "weight": [1152, 1152, 1, 1], "kernel": null, "in_var_name_list": ["153", "", "", "", "", ""], "out_var_name_list": ["154"]}, "155": {"index": 155, "var_name": "155", "api": "route", "attr_count": 2, "_input_count": 1, "_output_count": 1, "dim": [7, 7, 1152], "data_type": "float32", "bias": null, "weight": null, "kernel": null, "in_var_name_list": ["154"], "out_var_name_list": ["155"]}, "156": {"index": 156, "var_name": "156", "api": "route", "attr_count": 2, "_input_count": 1, "_output_count": 1, "dim": [7, 7, 1152], "data_type": "float32", "bias": null, "weight": null, "kernel": null, "in_var_name_list": ["154"], "out_var_name_list": ["156"]}, "157": {"index": 157, "var_name": "157", "api": "convolutional", "attr_count": 7, "_input_count": 6, "_output_count": 1, "dim": [7, 7, 288], "data_type": "float32", "bias": [288], "weight": [144, 288, 3, 3], "kernel": null, "in_var_name_list": ["156", "", "", "", "", ""], "out_var_name_list": ["157"]}, "158": {"index": 158, "var_name": "158", "api": "route", "attr_count": 2, "_input_count": 1, "_output_count": 1, "dim": [7, 7, 1152], "data_type": "float32", "bias": null, "weight": null, "kernel": null, "in_var_name_list": ["154"], "out_var_name_list": ["158"]}, "159": {"index": 159, "var_name": "159", "api": "shortcut", "attr_count": 1, "_input_count": 1, "_output_count": 1, "dim": [7, 7, 288], "data_type": "float32", "bias": null, "weight": null, "kernel": null, "in_var_name_list": ["158"], "out_var_name_list": ["159"]}, "160": {"index": 160, "var_name": "160", "api": "convolutional", "attr_count": 7, "_input_count": 6, "_output_count": 1, "dim": [7, 7, 288], "data_type": "float32", "bias": [288], "weight": [144, 288, 3, 3], "kernel": null, "in_var_name_list": ["159", "", "", "", "", ""], "out_var_name_list": ["160"]}, "161": {"index": 161, "var_name": "161", "api": "route", "attr_count": 2, "_input_count": 1, "_output_count": 1, "dim": [7, 7, 1152], "data_type": "float32", "bias": null, "weight": null, "kernel": null, "in_var_name_list": ["154"], "out_var_name_list": ["161"]}, "162": {"index": 162, "var_name": "162", "api": "shortcut", "attr_count": 1, "_input_count": 1, "_output_count": 1, "dim": [7, 7, 288], "data_type": "float32", "bias": null, "weight": null, "kernel": null, "in_var_name_list": ["161"], "out_var_name_list": ["162"]}, "163": {"index": 163, "var_name": "163", "api": "convolutional", "attr_count": 7, "_input_count": 6, "_output_count": 1, "dim": [7, 7, 288], "data_type": "float32", "bias": [288], "weight": [144, 288, 3, 3], "kernel": null, "in_var_name_list": ["162", "", "", "", "", ""], "out_var_name_list": ["163"]}, "164": {"index": 164, "var_name": "164", "api": "route", "attr_count": 0, "_input_count": 1, "_output_count": 1, "dim": [7, 7, 288], "data_type": "float32", "bias": null, "weight": null, "kernel": null, "in_var_name_list": ["155"], "out_var_name_list": ["164"]}, "165": {"index": 165, "var_name": "165", "api": "convolutional", "attr_count": 6, "_input_count": 6, "_output_count": 1, "dim": [7, 7, 1152], "data_type": "float32", "bias": [1152], "weight": [1152, 1152, 1, 1], "kernel": null, "in_var_name_list": ["164", "", "", "", "", ""], "out_var_name_list": ["165"]}, "166": {"index": 166, "var_name": "166", "api": "shortcut", "attr_count": 1, "_input_count": 1, "_output_count": 1, "dim": [7, 7, 1152], "data_type": "float32", "bias": null, "weight": null, "kernel": null, "in_var_name_list": ["165"], "out_var_name_list": ["166"]}, "167": {"index": 167, "var_name": "167", "api": "convolutional", "attr_count": 6, "_input_count": 6, "_output_count": 1, "dim": [7, 7, 1152], "data_type": "float32", "bias": [1152], "weight": [1152, 1152, 1, 1], "kernel": null, "in_var_name_list": ["166", "", "", "", "", ""], "out_var_name_list": ["167"]}, "168": {"index": 168, "var_name": "168", "api": "route", "attr_count": 2, "_input_count": 1, "_output_count": 1, "dim": [7, 7, 1152], "data_type": "float32", "bias": null, "weight": null, "kernel": null, "in_var_name_list": ["167"], "out_var_name_list": ["168"]}, "169": {"index": 169, "var_name": "169", "api": "route", "attr_count": 2, "_input_count": 1, "_output_count": 1, "dim": [7, 7, 1152], "data_type": "float32", "bias": null, "weight": null, "kernel": null, "in_var_name_list": ["167"], "out_var_name_list": ["169"]}, "170": {"index": 170, "var_name": "170", "api": "convolutional", "attr_count": 7, "_input_count": 6, "_output_count": 1, "dim": [7, 7, 288], "data_type": "float32", "bias": [288], "weight": [144, 288, 3, 3], "kernel": null, "in_var_name_list": ["169", "", "", "", "", ""], "out_var_name_list": ["170"]}, "171": {"index": 171, "var_name": "171", "api": "route", "attr_count": 2, "_input_count": 1, "_output_count": 1, "dim": [7, 7, 1152], "data_type": "float32", "bias": null, "weight": null, "kernel": null, "in_var_name_list": ["167"], "out_var_name_list": ["171"]}, "172": {"index": 172, "var_name": "172", "api": "shortcut", "attr_count": 1, "_input_count": 1, "_output_count": 1, "dim": [7, 7, 288], "data_type": "float32", "bias": null, "weight": null, "kernel": null, "in_var_name_list": ["171"], "out_var_name_list": ["172"]}, "173": {"index": 173, "var_name": "173", "api": "convolutional", "attr_count": 7, "_input_count": 6, "_output_count": 1, "dim": [7, 7, 288], "data_type": "float32", "bias": [288], "weight": [144, 288, 3, 3], "kernel": null, "in_var_name_list": ["172", "", "", "", "", ""], "out_var_name_list": ["173"]}, "174": {"index": 174, "var_name": "174", "api": "route", "attr_count": 2, "_input_count": 1, "_output_count": 1, "dim": [7, 7, 1152], "data_type": "float32", "bias": null, "weight": null, "kernel": null, "in_var_name_list": ["167"], "out_var_name_list": ["174"]}, "175": {"index": 175, "var_name": "175", "api": "shortcut", "attr_count": 1, "_input_count": 1, "_output_count": 1, "dim": [7, 7, 288], "data_type": "float32", "bias": null, "weight": null, "kernel": null, "in_var_name_list": ["174"], "out_var_name_list": ["175"]}, "176": {"index": 176, "var_name": "176", "api": "convolutional", "attr_count": 7, "_input_count": 6, "_output_count": 1, "dim": [7, 7, 288], "data_type": "float32", "bias": [288], "weight": [144, 288, 3, 3], "kernel": null, "in_var_name_list": ["175", "", "", "", "", ""], "out_var_name_list": ["176"]}, "177": {"index": 177, "var_name": "177", "api": "route", "attr_count": 0, "_input_count": 1, "_output_count": 1, "dim": [7, 7, 288], "data_type": "float32", "bias": null, "weight": null, "kernel": null, "in_var_name_list": ["168"], "out_var_name_list": ["177"]}, "178": {"index": 178, "var_name": "178", "api": "convolutional", "attr_count": 6, "_input_count": 6, "_output_count": 1, "dim": [7, 7, 1152], "data_type": "float32", "bias": [1152], "weight": [1152, 1152, 1, 1], "kernel": null, "in_var_name_list": ["177", "", "", "", "", ""], "out_var_name_list": ["178"]}, "179": {"index": 179, "var_name": "179", "api": "shortcut", "attr_count": 1, "_input_count": 1, "_output_count": 1, "dim": [7, 7, 1152], "data_type": "float32", "bias": null, "weight": null, "kernel": null, "in_var_name_list": ["178"], "out_var_name_list": ["179"]}, "180": {"index": 180, "var_name": "180", "api": "avgpool", "attr_count": 0, "_input_count": 1, "_output_count": 1, "dim": [7, 7, 1152], "data_type": "float32", "bias": null, "weight": null, "kernel": null, "in_var_name_list": ["179"], "out_var_name_list": ["180"]}, "181": {"index": 181, "var_name": "181", "api": "convolutional", "attr_count": 5, "_input_count": 3, "_output_count": 1, "dim": [1, 1, 1152], "data_type": "float32", "bias": [1000], "weight": [1152, 1000, 1, 1], "kernel": null, "in_var_name_list": ["180", "", ""], "out_var_name_list": ["181"]}, "182": {"index": 182, "var_name": "182", "api": "softmax", "attr_count": 1, "_input_count": 1, "_output_count": 1, "dim": [1, 1, 1000], "data_type": "float32", "bias": null, "weight": null, "kernel": null, "in_var_name_list": ["181"], "out_var_name_list": ["182"]}}, "node_count": 183, "edge_list": [{"from": ["73", "convolutional"], "to": ["74", "route"]}, {"from": ["20", "route"], "to": ["21", "convolutional"]}, {"from": ["143", "route"], "to": ["144", "convolutional"]}, {"from": ["45", "convolutional"], "to": ["46", "convolutional"]}, {"from": ["116", "route"], "to": ["117", "shortcut"]}, {"from": ["6", "route"], "to": ["15", "route"]}, {"from": ["18", "convolutional"], "to": ["20", "route"]}, {"from": ["111", "shortcut"], "to": ["112", "convolutional"]}, {"from": ["42", "convolutional"], "to": ["43", "shortcut"]}, {"from": ["167", "convolutional"], "to": ["168", "route"]}, {"from": ["99", "convolutional"], "to": ["103", "route"]}, {"from": ["146", "shortcut"], "to": ["147", "convolutional"]}, {"from": ["137", "shortcut"], "to": ["138", "convolutional"]}, {"from": ["99", "convolutional"], "to": ["106", "route"]}, {"from": ["12", "route"], "to": ["13", "shortcut"]}, {"from": ["99", "convolutional"], "to": ["100", "route"]}, {"from": ["112", "convolutional"], "to": ["113", "route"]}, {"from": ["31", "convolutional"], "to": ["32", "route"]}, {"from": ["139", "convolutional"], "to": ["140", "convolutional"]}, {"from": ["177", "route"], "to": ["178", "convolutional"]}, {"from": ["10", "shortcut"], "to": ["11", "convolutional"]}, {"from": ["132", "route"], "to": ["133", "shortcut"]}, {"from": ["19", "route"], "to": ["28", "route"]}, {"from": ["43", "shortcut"], "to": ["44", "convolutional"]}, {"from": ["74", "route"], "to": ["83", "route"]}, {"from": ["98", "shortcut"], "to": ["99", "convolutional"]}, {"from": ["161", "route"], "to": ["162", "shortcut"]}, {"from": ["32", "route"], "to": ["41", "route"]}, {"from": ["31", "convolutional"], "to": ["38", "route"]}, {"from": ["77", "route"], "to": ["78", "shortcut"]}, {"from": ["154", "convolutional"], "to": ["158", "route"]}, {"from": ["73", "convolutional"], "to": ["80", "route"]}, {"from": ["84", "convolutional"], "to": ["85", "shortcut"]}, {"from": ["5", "convolutional"], "to": ["7", "route"]}, {"from": ["0", "convolutional"], "to": ["1", "maxpool"]}, {"from": ["58", "convolutional"], "to": ["59", "shortcut"]}, {"from": ["88", "route"], "to": ["89", "convolutional"]}, {"from": ["101", "route"], "to": ["102", "convolutional"]}, {"from": ["4", "convolutional"], "to": ["5", "convolutional"]}, {"from": ["158", "route"], "to": ["159", "shortcut"]}, {"from": ["145", "route"], "to": ["146", "shortcut"]}, {"from": ["117", "shortcut"], "to": ["118", "convolutional"]}, {"from": ["54", "route"], "to": ["55", "shortcut"]}, {"from": ["141", "convolutional"], "to": ["143", "route"]}, {"from": ["129", "route"], "to": ["130", "shortcut"]}, {"from": ["100", "route"], "to": ["109", "route"]}, {"from": ["125", "convolutional"], "to": ["129", "route"]}, {"from": ["171", "route"], "to": ["172", "shortcut"]}, {"from": ["18", "convolutional"], "to": ["22", "route"]}, {"from": ["141", "convolutional"], "to": ["145", "route"]}, {"from": ["110", "convolutional"], "to": ["111", "shortcut"]}, {"from": ["41", "route"], "to": ["42", "convolutional"]}, {"from": ["155", "route"], "to": ["164", "route"]}, {"from": ["109", "route"], "to": ["110", "convolutional"]}, {"from": ["167", "convolutional"], "to": ["169", "route"]}, {"from": ["168", "route"], "to": ["177", "route"]}, {"from": ["178", "convolutional"], "to": ["179", "shortcut"]}, {"from": ["22", "route"], "to": ["23", "shortcut"]}, {"from": ["81", "shortcut"], "to": ["82", "convolutional"]}, {"from": ["90", "route"], "to": ["91", "shortcut"]}, {"from": ["28", "route"], "to": ["29", "convolutional"]}, {"from": ["55", "shortcut"], "to": ["56", "convolutional"]}, {"from": ["25", "route"], "to": ["26", "shortcut"]}, {"from": ["47", "convolutional"], "to": ["51", "route"]}, {"from": ["103", "route"], "to": ["104", "shortcut"]}, {"from": ["107", "shortcut"], "to": ["108", "convolutional"]}, {"from": ["112", "convolutional"], "to": ["116", "route"]}, {"from": ["141", "convolutional"], "to": ["148", "route"]}, {"from": ["142", "route"], "to": ["151", "route"]}, {"from": ["85", "shortcut"], "to": ["86", "convolutional"]}, {"from": ["35", "route"], "to": ["36", "shortcut"]}, {"from": ["60", "convolutional"], "to": ["61", "route"]}, {"from": ["125", "convolutional"], "to": ["132", "route"]}, {"from": ["136", "convolutional"], "to": ["137", "shortcut"]}, {"from": ["86", "convolutional"], "to": ["87", "route"]}, {"from": ["112", "convolutional"], "to": ["114", "route"]}, {"from": ["104", "shortcut"], "to": ["105", "convolutional"]}, {"from": ["122", "route"], "to": ["123", "convolutional"]}, {"from": ["164", "route"], "to": ["165", "convolutional"]}, {"from": ["87", "route"], "to": ["96", "route"]}, {"from": ["125", "convolutional"], "to": ["127", "route"]}, {"from": ["166", "shortcut"], "to": ["167", "convolutional"]}, {"from": ["47", "convolutional"], "to": ["49", "route"]}, {"from": ["83", "route"], "to": ["84", "convolutional"]}, {"from": ["119", "route"], "to": ["120", "shortcut"]}, {"from": ["30", "shortcut"], "to": ["31", "convolutional"]}, {"from": ["5", "convolutional"], "to": ["9", "route"]}, {"from": ["2", "convolutional"], "to": ["3", "convolutional"]}, {"from": ["175", "shortcut"], "to": ["176", "convolutional"]}, {"from": ["62", "route"], "to": ["63", "convolutional"]}, {"from": ["59", "shortcut"], "to": ["60", "convolutional"]}, {"from": ["39", "shortcut"], "to": ["40", "convolutional"]}, {"from": ["152", "convolutional"], "to": ["153", "shortcut"]}, {"from": ["47", "convolutional"], "to": ["48", "route"]}, {"from": ["133", "shortcut"], "to": ["134", "convolutional"]}, {"from": ["51", "route"], "to": ["52", "shortcut"]}, {"from": ["13", "shortcut"], "to": ["14", "convolutional"]}, {"from": ["67", "route"], "to": ["68", "shortcut"]}, {"from": ["7", "route"], "to": ["8", "convolutional"]}, {"from": ["61", "route"], "to": ["70", "route"]}, {"from": ["112", "convolutional"], "to": ["119", "route"]}, {"from": ["46", "convolutional"], "to": ["47", "convolutional"]}, {"from": ["167", "convolutional"], "to": ["174", "route"]}, {"from": ["9", "route"], "to": ["10", "shortcut"]}, {"from": ["3", "convolutional"], "to": ["4", "convolutional"]}, {"from": ["181", "convolutional"], "to": ["182", "softmax"]}, {"from": ["91", "shortcut"], "to": ["92", "convolutional"]}, {"from": ["138", "convolutional"], "to": ["139", "convolutional"]}, {"from": ["86", "convolutional"], "to": ["90", "route"]}, {"from": ["75", "route"], "to": ["76", "convolutional"]}, {"from": ["153", "shortcut"], "to": ["154", "convolutional"]}, {"from": ["23", "shortcut"], "to": ["24", "convolutional"]}, {"from": ["73", "convolutional"], "to": ["75", "route"]}, {"from": ["120", "shortcut"], "to": ["121", "convolutional"]}, {"from": ["1", "maxpool"], "to": ["2", "convolutional"]}, {"from": ["174", "route"], "to": ["175", "shortcut"]}, {"from": ["106", "route"], "to": ["107", "shortcut"]}, {"from": ["172", "shortcut"], "to": ["173", "convolutional"]}, {"from": ["33", "route"], "to": ["34", "convolutional"]}, {"from": ["29", "convolutional"], "to": ["30", "shortcut"]}, {"from": ["68", "shortcut"], "to": ["69", "convolutional"]}, {"from": ["60", "convolutional"], "to": ["67", "route"]}, {"from": ["86", "convolutional"], "to": ["93", "route"]}, {"from": ["167", "convolutional"], "to": ["171", "route"]}, {"from": ["141", "convolutional"], "to": ["142", "route"]}, {"from": ["123", "convolutional"], "to": ["124", "shortcut"]}, {"from": ["140", "convolutional"], "to": ["141", "convolutional"]}, {"from": ["36", "shortcut"], "to": ["37", "convolutional"]}, {"from": ["15", "route"], "to": ["16", "convolutional"]}, {"from": ["93", "route"], "to": ["94", "shortcut"]}, {"from": ["65", "shortcut"], "to": ["66", "convolutional"]}, {"from": ["16", "convolutional"], "to": ["17", "shortcut"]}, {"from": ["72", "shortcut"], "to": ["73", "convolutional"]}, {"from": ["113", "route"], "to": ["122", "route"]}, {"from": ["38", "route"], "to": ["39", "shortcut"]}, {"from": ["64", "route"], "to": ["65", "shortcut"]}, {"from": ["49", "route"], "to": ["50", "convolutional"]}, {"from": ["94", "shortcut"], "to": ["95", "convolutional"]}, {"from": ["47", "convolutional"], "to": ["54", "route"]}, {"from": ["135", "route"], "to": ["136", "convolutional"]}, {"from": ["180", "avgpool"], "to": ["181", "convolutional"]}, {"from": ["48", "route"], "to": ["57", "route"]}, {"from": ["73", "convolutional"], "to": ["77", "route"]}, {"from": ["26", "shortcut"], "to": ["27", "convolutional"]}, {"from": ["125", "convolutional"], "to": ["126", "route"]}, {"from": ["78", "shortcut"], "to": ["79", "convolutional"]}, {"from": ["57", "route"], "to": ["58", "convolutional"]}, {"from": ["70", "route"], "to": ["71", "convolutional"]}, {"from": ["17", "shortcut"], "to": ["18", "convolutional"]}, {"from": ["96", "route"], "to": ["97", "convolutional"]}, {"from": ["5", "convolutional"], "to": ["6", "route"]}, {"from": ["130", "shortcut"], "to": ["131", "convolutional"]}, {"from": ["126", "route"], "to": ["135", "route"]}, {"from": ["124", "shortcut"], "to": ["125", "convolutional"]}, {"from": ["148", "route"], "to": ["149", "shortcut"]}, {"from": ["97", "convolutional"], "to": ["98", "shortcut"]}, {"from": ["156", "route"], "to": ["157", "convolutional"]}, {"from": ["80", "route"], "to": ["81", "shortcut"]}, {"from": ["5", "convolutional"], "to": ["12", "route"]}, {"from": ["149", "shortcut"], "to": ["150", "convolutional"]}, {"from": ["18", "convolutional"], "to": ["25", "route"]}, {"from": ["165", "convolutional"], "to": ["166", "shortcut"]}, {"from": ["60", "convolutional"], "to": ["62", "route"]}, {"from": ["169", "route"], "to": ["170", "convolutional"]}, {"from": ["114", "route"], "to": ["115", "convolutional"]}, {"from": ["71", "convolutional"], "to": ["72", "shortcut"]}, {"from": ["154", "convolutional"], "to": ["161", "route"]}, {"from": ["159", "shortcut"], "to": ["160", "convolutional"]}, {"from": ["179", "shortcut"], "to": ["180", "avgpool"]}, {"from": ["154", "convolutional"], "to": ["156", "route"]}, {"from": ["31", "convolutional"], "to": ["33", "route"]}, {"from": ["44", "convolutional"], "to": ["45", "convolutional"]}, {"from": ["86", "convolutional"], "to": ["88", "route"]}, {"from": ["52", "shortcut"], "to": ["53", "convolutional"]}, {"from": ["31", "convolutional"], "to": ["35", "route"]}, {"from": ["151", "route"], "to": ["152", "convolutional"]}, {"from": ["127", "route"], "to": ["128", "convolutional"]}, {"from": ["18", "convolutional"], "to": ["19", "route"]}, {"from": ["162", "shortcut"], "to": ["163", "convolutional"]}, {"from": ["154", "convolutional"], "to": ["155", "route"]}, {"from": ["60", "convolutional"], "to": ["64", "route"]}, {"from": ["99", "convolutional"], "to": ["101", "route"]}], "edge_count": 182}