{"filename": "2020-sk49__@@__VFOST__@@__5__@@__tiny-yolo.cfg", "original_file_size": 1489, "netron_file_size": 19985, "input_dict": {"input": {"data_type": "float32", "dim": [416, 416, 3]}}, "output_dict": {}, "node_dict": {"0": {"index": 0, "var_name": "0", "api": "convolutional", "attr_count": 6, "_input_count": 6, "_output_count": 1, "dim": [416, 416, 3], "data_type": "float32", "bias": [16], "weight": [3, 16, 3, 3], "kernel": null, "in_var_name_list": ["input", "", "", "", "", ""], "out_var_name_list": ["0"]}, "1": {"index": 1, "var_name": "1", "api": "maxpool", "attr_count": 2, "_input_count": 1, "_output_count": 1, "dim": [416, 416, 16], "data_type": "float32", "bias": null, "weight": null, "kernel": null, "in_var_name_list": ["0"], "out_var_name_list": ["1"]}, "2": {"index": 2, "var_name": "2", "api": "convolutional", "attr_count": 6, "_input_count": 6, "_output_count": 1, "dim": [208, 208, 16], "data_type": "float32", "bias": [32], "weight": [16, 32, 3, 3], "kernel": null, "in_var_name_list": ["1", "", "", "", "", ""], "out_var_name_list": ["2"]}, "3": {"index": 3, "var_name": "3", "api": "maxpool", "attr_count": 2, "_input_count": 1, "_output_count": 1, "dim": [208, 208, 32], "data_type": "float32", "bias": null, "weight": null, "kernel": null, "in_var_name_list": ["2"], "out_var_name_list": ["3"]}, "4": {"index": 4, "var_name": "4", "api": "convolutional", "attr_count": 6, "_input_count": 6, "_output_count": 1, "dim": [104, 104, 32], "data_type": "float32", "bias": [64], "weight": [32, 64, 3, 3], "kernel": null, "in_var_name_list": ["3", "", "", "", "", ""], "out_var_name_list": ["4"]}, "5": {"index": 5, "var_name": "5", "api": "maxpool", "attr_count": 2, "_input_count": 1, "_output_count": 1, "dim": [104, 104, 64], "data_type": "float32", "bias": null, "weight": null, "kernel": null, "in_var_name_list": ["4"], "out_var_name_list": ["5"]}, "6": {"index": 6, "var_name": "6", "api": "convolutional", "attr_count": 6, "_input_count": 6, "_output_count": 1, "dim": [52, 52, 64], "data_type": "float32", "bias": [128], "weight": [64, 128, 3, 3], "kernel": null, "in_var_name_list": ["5", "", "", "", "", ""], "out_var_name_list": ["6"]}, "7": {"index": 7, "var_name": "7", "api": "maxpool", "attr_count": 2, "_input_count": 1, "_output_count": 1, "dim": [52, 52, 128], "data_type": "float32", "bias": null, "weight": null, "kernel": null, "in_var_name_list": ["6"], "out_var_name_list": ["7"]}, "8": {"index": 8, "var_name": "8", "api": "convolutional", "attr_count": 6, "_input_count": 6, "_output_count": 1, "dim": [26, 26, 128], "data_type": "float32", "bias": [256], "weight": [128, 256, 3, 3], "kernel": null, "in_var_name_list": ["7", "", "", "", "", ""], "out_var_name_list": ["8"]}, "9": {"index": 9, "var_name": "9", "api": "maxpool", "attr_count": 2, "_input_count": 1, "_output_count": 1, "dim": [26, 26, 256], "data_type": "float32", "bias": null, "weight": null, "kernel": null, "in_var_name_list": ["8"], "out_var_name_list": ["9"]}, "10": {"index": 10, "var_name": "10", "api": "convolutional", "attr_count": 6, "_input_count": 6, "_output_count": 1, "dim": [13, 13, 256], "data_type": "float32", "bias": [512], "weight": [256, 512, 3, 3], "kernel": null, "in_var_name_list": ["9", "", "", "", "", ""], "out_var_name_list": ["10"]}, "11": {"index": 11, "var_name": "11", "api": "maxpool", "attr_count": 2, "_input_count": 1, "_output_count": 1, "dim": [13, 13, 512], "data_type": "float32", "bias": null, "weight": null, "kernel": null, "in_var_name_list": ["10"], "out_var_name_list": ["11"]}, "12": {"index": 12, "var_name": "12", "api": "convolutional", "attr_count": 6, "_input_count": 6, "_output_count": 1, "dim": [13, 13, 512], "data_type": "float32", "bias": [1024], "weight": [512, 1024, 3, 3], "kernel": null, "in_var_name_list": ["11", "", "", "", "", ""], "out_var_name_list": ["12"]}, "13": {"index": 13, "var_name": "13", "api": "convolutional", "attr_count": 6, "_input_count": 6, "_output_count": 1, "dim": [13, 13, 1024], "data_type": "float32", "bias": [512], "weight": [1024, 512, 3, 3], "kernel": null, "in_var_name_list": ["12", "", "", "", "", ""], "out_var_name_list": ["13"]}, "14": {"index": 14, "var_name": "14", "api": "convolutional", "attr_count": 5, "_input_count": 3, "_output_count": 1, "dim": [13, 13, 512], "data_type": "float32", "bias": [425], "weight": [512, 425, 1, 1], "kernel": null, "in_var_name_list": ["13", "", ""], "out_var_name_list": ["14"]}, "15": {"index": 15, "var_name": "15", "api": "region", "attr_count": 15, "_input_count": 1, "_output_count": 1, "dim": [13, 13, 425], "data_type": "float32", "bias": null, "weight": null, "kernel": null, "in_var_name_list": ["14"], "out_var_name_list": ["15"]}}, "node_count": 16, "edge_list": [{"from": ["4", "convolutional"], "to": ["5", "maxpool"]}, {"from": ["6", "convolutional"], "to": ["7", "maxpool"]}, {"from": ["13", "convolutional"], "to": ["14", "convolutional"]}, {"from": ["10", "convolutional"], "to": ["11", "maxpool"]}, {"from": ["7", "maxpool"], "to": ["8", "convolutional"]}, {"from": ["2", "convolutional"], "to": ["3", "maxpool"]}, {"from": ["3", "maxpool"], "to": ["4", "convolutional"]}, {"from": ["9", "maxpool"], "to": ["10", "convolutional"]}, {"from": ["14", "convolutional"], "to": ["15", "region"]}, {"from": ["12", "convolutional"], "to": ["13", "convolutional"]}, {"from": ["5", "maxpool"], "to": ["6", "convolutional"]}, {"from": ["1", "maxpool"], "to": ["2", "convolutional"]}, {"from": ["8", "convolutional"], "to": ["9", "maxpool"]}, {"from": ["11", "maxpool"], "to": ["12", "convolutional"]}, {"from": ["0", "convolutional"], "to": ["1", "maxpool"]}], "edge_count": 15}