{"filename": "aakashjhawar__@@__traffic-sign-detection__@@__125__@@__yolov3-tiny_xnor.cfg", "original_file_size": 2042, "netron_file_size": 27038, "input_dict": {"input": {"data_type": "float32", "dim": [416, 416, 3]}}, "output_dict": {}, "node_dict": {"0": {"index": 0, "var_name": "0", "api": "convolutional", "attr_count": 6, "_input_count": 6, "_output_count": 1, "dim": [416, 416, 3], "data_type": "float32", "bias": [16], "weight": [3, 16, 3, 3], "kernel": null, "in_var_name_list": ["input", "", "", "", "", ""], "out_var_name_list": ["0"]}, "1": {"index": 1, "var_name": "1", "api": "maxpool", "attr_count": 2, "_input_count": 1, "_output_count": 1, "dim": [416, 416, 16], "data_type": "float32", "bias": null, "weight": null, "kernel": null, "in_var_name_list": ["0"], "out_var_name_list": ["1"]}, "2": {"index": 2, "var_name": "2", "api": "convolutional", "attr_count": 8, "_input_count": 6, "_output_count": 1, "dim": [208, 208, 16], "data_type": "float32", "bias": [32], "weight": [16, 32, 3, 3], "kernel": null, "in_var_name_list": ["1", "", "", "", "", ""], "out_var_name_list": ["2"]}, "3": {"index": 3, "var_name": "3", "api": "maxpool", "attr_count": 2, "_input_count": 1, "_output_count": 1, "dim": [208, 208, 32], "data_type": "float32", "bias": null, "weight": null, "kernel": null, "in_var_name_list": ["2"], "out_var_name_list": ["3"]}, "4": {"index": 4, "var_name": "4", "api": "convolutional", "attr_count": 8, "_input_count": 6, "_output_count": 1, "dim": [104, 104, 32], "data_type": "float32", "bias": [64], "weight": [32, 64, 3, 3], "kernel": null, "in_var_name_list": ["3", "", "", "", "", ""], "out_var_name_list": ["4"]}, "5": {"index": 5, "var_name": "5", "api": "maxpool", "attr_count": 2, "_input_count": 1, "_output_count": 1, "dim": [104, 104, 64], "data_type": "float32", "bias": null, "weight": null, "kernel": null, "in_var_name_list": ["4"], "out_var_name_list": ["5"]}, "6": {"index": 6, "var_name": "6", "api": "convolutional", "attr_count": 8, "_input_count": 6, "_output_count": 1, "dim": [52, 52, 64], "data_type": "float32", "bias": [128], "weight": [64, 128, 3, 3], "kernel": null, "in_var_name_list": ["5", "", "", "", "", ""], "out_var_name_list": ["6"]}, "7": {"index": 7, "var_name": "7", "api": "maxpool", "attr_count": 2, "_input_count": 1, "_output_count": 1, "dim": [52, 52, 128], "data_type": "float32", "bias": null, "weight": null, "kernel": null, "in_var_name_list": ["6"], "out_var_name_list": ["7"]}, "8": {"index": 8, "var_name": "8", "api": "convolutional", "attr_count": 7, "_input_count": 6, "_output_count": 1, "dim": [26, 26, 128], "data_type": "float32", "bias": [256], "weight": [128, 256, 3, 3], "kernel": null, "in_var_name_list": ["7", "", "", "", "", ""], "out_var_name_list": ["8"]}, "9": {"index": 9, "var_name": "9", "api": "maxpool", "attr_count": 2, "_input_count": 1, "_output_count": 1, "dim": [26, 26, 256], "data_type": "float32", "bias": null, "weight": null, "kernel": null, "in_var_name_list": ["8"], "out_var_name_list": ["9"]}, "10": {"index": 10, "var_name": "10", "api": "convolutional", "attr_count": 8, "_input_count": 6, "_output_count": 1, "dim": [13, 13, 256], "data_type": "float32", "bias": [512], "weight": [256, 512, 3, 3], "kernel": null, "in_var_name_list": ["9", "", "", "", "", ""], "out_var_name_list": ["10"]}, "11": {"index": 11, "var_name": "11", "api": "maxpool", "attr_count": 2, "_input_count": 1, "_output_count": 1, "dim": [13, 13, 512], "data_type": "float32", "bias": null, "weight": null, "kernel": null, "in_var_name_list": ["10"], "out_var_name_list": ["11"]}, "12": {"index": 12, "var_name": "12", "api": "convolutional", "attr_count": 8, "_input_count": 6, "_output_count": 1, "dim": [13, 13, 512], "data_type": "float32", "bias": [1024], "weight": [512, 1024, 3, 3], "kernel": null, "in_var_name_list": ["11", "", "", "", "", ""], "out_var_name_list": ["12"]}, "13": {"index": 13, "var_name": "13", "api": "convolutional", "attr_count": 7, "_input_count": 6, "_output_count": 1, "dim": [13, 13, 1024], "data_type": "float32", "bias": [256], "weight": [1024, 256, 1, 1], "kernel": null, "in_var_name_list": ["12", "", "", "", "", ""], "out_var_name_list": ["13"]}, "14": {"index": 14, "var_name": "14", "api": "convolutional", "attr_count": 6, "_input_count": 6, "_output_count": 1, "dim": [13, 13, 256], "data_type": "float32", "bias": [512], "weight": [256, 512, 3, 3], "kernel": null, "in_var_name_list": ["13", "", "", "", "", ""], "out_var_name_list": ["14"]}, "15": {"index": 15, "var_name": "15", "api": "convolutional", "attr_count": 5, "_input_count": 3, "_output_count": 1, "dim": [13, 13, 512], "data_type": "float32", "bias": [255], "weight": [512, 255, 1, 1], "kernel": null, "in_var_name_list": ["14", "", ""], "out_var_name_list": ["15"]}, "16": {"index": 16, "var_name": "16", "api": "yolo", "attr_count": 8, "_input_count": 1, "_output_count": 1, "dim": [13, 13, 255], "data_type": "float32", "bias": null, "weight": null, "kernel": null, "in_var_name_list": ["15"], "out_var_name_list": ["16"]}, "17": {"index": 17, "var_name": "17", "api": "route", "attr_count": 0, "_input_count": 1, "_output_count": 1, "dim": [13, 13, 256], "data_type": "float32", "bias": null, "weight": null, "kernel": null, "in_var_name_list": ["13"], "out_var_name_list": ["17"]}, "18": {"index": 18, "var_name": "18", "api": "convolutional", "attr_count": 7, "_input_count": 6, "_output_count": 1, "dim": [13, 13, 256], "data_type": "float32", "bias": [128], "weight": [256, 128, 1, 1], "kernel": null, "in_var_name_list": ["17", "", "", "", "", ""], "out_var_name_list": ["18"]}, "19": {"index": 19, "var_name": "19", "api": "upsample", "attr_count": 1, "_input_count": 1, "_output_count": 1, "dim": [13, 13, 128], "data_type": "float32", "bias": null, "weight": null, "kernel": null, "in_var_name_list": ["18"], "out_var_name_list": ["19"]}, "20": {"index": 20, "var_name": "20", "api": "route", "attr_count": 0, "_input_count": 1, "_output_count": 1, "dim": [26, 26, 128], "data_type": "float32", "bias": null, "weight": null, "kernel": null, "in_var_name_list": ["19"], "out_var_name_list": ["20"]}, "21": {"index": 21, "var_name": "21", "api": "convolutional", "attr_count": 7, "_input_count": 6, "_output_count": 1, "dim": [26, 26, 384], "data_type": "float32", "bias": [256], "weight": [384, 256, 3, 3], "kernel": null, "in_var_name_list": ["20", "", "", "", "", ""], "out_var_name_list": ["21"]}, "22": {"index": 22, "var_name": "22", "api": "convolutional", "attr_count": 5, "_input_count": 3, "_output_count": 1, "dim": [26, 26, 256], "data_type": "float32", "bias": [255], "weight": [256, 255, 1, 1], "kernel": null, "in_var_name_list": ["21", "", ""], "out_var_name_list": ["22"]}, "23": {"index": 23, "var_name": "23", "api": "yolo", "attr_count": 8, "_input_count": 1, "_output_count": 1, "dim": [26, 26, 255], "data_type": "float32", "bias": null, "weight": null, "kernel": null, "in_var_name_list": ["22"], "out_var_name_list": ["23"]}}, "node_count": 24, "edge_list": [{"from": ["13", "convolutional"], "to": ["14", "convolutional"]}, {"from": ["7", "maxpool"], "to": ["8", "convolutional"]}, {"from": ["20", "route"], "to": ["21", "convolutional"]}, {"from": ["9", "maxpool"], "to": ["10", "convolutional"]}, {"from": ["3", "maxpool"], "to": ["4", "convolutional"]}, {"from": ["17", "route"], "to": ["18", "convolutional"]}, {"from": ["22", "convolutional"], "to": ["23", "yolo"]}, {"from": ["13", "convolutional"], "to": ["17", "route"]}, {"from": ["21", "convolutional"], "to": ["22", "convolutional"]}, {"from": ["5", "maxpool"], "to": ["6", "convolutional"]}, {"from": ["11", "maxpool"], "to": ["12", "convolutional"]}, {"from": ["6", "convolutional"], "to": ["7", "maxpool"]}, {"from": ["19", "upsample"], "to": ["20", "route"]}, {"from": ["12", "convolutional"], "to": ["13", "convolutional"]}, {"from": ["1", "maxpool"], "to": ["2", "convolutional"]}, {"from": ["10", "convolutional"], "to": ["11", "maxpool"]}, {"from": ["0", "convolutional"], "to": ["1", "maxpool"]}, {"from": ["15", "convolutional"], "to": ["16", "yolo"]}, {"from": ["4", "convolutional"], "to": ["5", "maxpool"]}, {"from": ["2", "convolutional"], "to": ["3", "maxpool"]}, {"from": ["8", "convolutional"], "to": ["9", "maxpool"]}, {"from": ["18", "convolutional"], "to": ["19", "upsample"]}, {"from": ["14", "convolutional"], "to": ["15", "convolutional"]}], "edge_count": 23}