{"filename": "benjamintli__@@__training-results-azure__@@__16__@@__cifar.cfg", "original_file_size": 1250, "netron_file_size": 21983, "input_dict": {"input": {"data_type": "float32", "dim": [32, 32, 3]}}, "output_dict": {}, "node_dict": {"0": {"index": 0, "var_name": "0", "api": "crop", "attr_count": 7, "_input_count": 1, "_output_count": 1, "dim": [32, 32, 3], "data_type": "float32", "bias": null, "weight": null, "kernel": null, "in_var_name_list": ["input"], "out_var_name_list": ["0"]}, "1": {"index": 1, "var_name": "1", "api": "convolutional", "attr_count": 6, "_input_count": 6, "_output_count": 1, "dim": [28, 28, 3], "data_type": "float32", "bias": [128], "weight": [3, 128, 3, 3], "kernel": null, "in_var_name_list": ["0", "", "", "", "", ""], "out_var_name_list": ["1"]}, "2": {"index": 2, "var_name": "2", "api": "convolutional", "attr_count": 6, "_input_count": 6, "_output_count": 1, "dim": [28, 28, 128], "data_type": "float32", "bias": [128], "weight": [128, 128, 3, 3], "kernel": null, "in_var_name_list": ["1", "", "", "", "", ""], "out_var_name_list": ["2"]}, "3": {"index": 3, "var_name": "3", "api": "convolutional", "attr_count": 6, "_input_count": 6, "_output_count": 1, "dim": [28, 28, 128], "data_type": "float32", "bias": [128], "weight": [128, 128, 3, 3], "kernel": null, "in_var_name_list": ["2", "", "", "", "", ""], "out_var_name_list": ["3"]}, "4": {"index": 4, "var_name": "4", "api": "maxpool", "attr_count": 2, "_input_count": 1, "_output_count": 1, "dim": [28, 28, 128], "data_type": "float32", "bias": null, "weight": null, "kernel": null, "in_var_name_list": ["3"], "out_var_name_list": ["4"]}, "5": {"index": 5, "var_name": "5", "api": "dropout", "attr_count": 1, "_input_count": 1, "_output_count": 1, "dim": [14, 14, 128], "data_type": "float32", "bias": null, "weight": null, "kernel": null, "in_var_name_list": ["4"], "out_var_name_list": ["5"]}, "6": {"index": 6, "var_name": "6", "api": "convolutional", "attr_count": 6, "_input_count": 6, "_output_count": 1, "dim": [14, 14, 128], "data_type": "float32", "bias": [256], "weight": [128, 256, 3, 3], "kernel": null, "in_var_name_list": ["5", "", "", "", "", ""], "out_var_name_list": ["6"]}, "7": {"index": 7, "var_name": "7", "api": "convolutional", "attr_count": 6, "_input_count": 6, "_output_count": 1, "dim": [14, 14, 256], "data_type": "float32", "bias": [256], "weight": [256, 256, 3, 3], "kernel": null, "in_var_name_list": ["6", "", "", "", "", ""], "out_var_name_list": ["7"]}, "8": {"index": 8, "var_name": "8", "api": "convolutional", "attr_count": 6, "_input_count": 6, "_output_count": 1, "dim": [14, 14, 256], "data_type": "float32", "bias": [256], "weight": [256, 256, 3, 3], "kernel": null, "in_var_name_list": ["7", "", "", "", "", ""], "out_var_name_list": ["8"]}, "9": {"index": 9, "var_name": "9", "api": "maxpool", "attr_count": 2, "_input_count": 1, "_output_count": 1, "dim": [14, 14, 256], "data_type": "float32", "bias": null, "weight": null, "kernel": null, "in_var_name_list": ["8"], "out_var_name_list": ["9"]}, "10": {"index": 10, "var_name": "10", "api": "dropout", "attr_count": 1, "_input_count": 1, "_output_count": 1, "dim": [7, 7, 256], "data_type": "float32", "bias": null, "weight": null, "kernel": null, "in_var_name_list": ["9"], "out_var_name_list": ["10"]}, "11": {"index": 11, "var_name": "11", "api": "convolutional", "attr_count": 6, "_input_count": 6, "_output_count": 1, "dim": [7, 7, 256], "data_type": "float32", "bias": [512], "weight": [256, 512, 3, 3], "kernel": null, "in_var_name_list": ["10", "", "", "", "", ""], "out_var_name_list": ["11"]}, "12": {"index": 12, "var_name": "12", "api": "convolutional", "attr_count": 6, "_input_count": 6, "_output_count": 1, "dim": [7, 7, 512], "data_type": "float32", "bias": [512], "weight": [512, 512, 3, 3], "kernel": null, "in_var_name_list": ["11", "", "", "", "", ""], "out_var_name_list": ["12"]}, "13": {"index": 13, "var_name": "13", "api": "convolutional", "attr_count": 6, "_input_count": 6, "_output_count": 1, "dim": [7, 7, 512], "data_type": "float32", "bias": [512], "weight": [512, 512, 3, 3], "kernel": null, "in_var_name_list": ["12", "", "", "", "", ""], "out_var_name_list": ["13"]}, "14": {"index": 14, "var_name": "14", "api": "dropout", "attr_count": 1, "_input_count": 1, "_output_count": 1, "dim": [7, 7, 512], "data_type": "float32", "bias": null, "weight": null, "kernel": null, "in_var_name_list": ["13"], "out_var_name_list": ["14"]}, "15": {"index": 15, "var_name": "15", "api": "convolutional", "attr_count": 5, "_input_count": 3, "_output_count": 1, "dim": [7, 7, 512], "data_type": "float32", "bias": [10], "weight": [512, 10, 1, 1], "kernel": null, "in_var_name_list": ["14", "", ""], "out_var_name_list": ["15"]}, "16": {"index": 16, "var_name": "16", "api": "avgpool", "attr_count": 0, "_input_count": 1, "_output_count": 1, "dim": [7, 7, 10], "data_type": "float32", "bias": null, "weight": null, "kernel": null, "in_var_name_list": ["15"], "out_var_name_list": ["16"]}, "17": {"index": 17, "var_name": "17", "api": "softmax", "attr_count": 1, "_input_count": 1, "_output_count": 1, "dim": [1, 1, 10], "data_type": "float32", "bias": null, "weight": null, "kernel": null, "in_var_name_list": ["16"], "out_var_name_list": ["17"]}, "18": {"index": 18, "var_name": "18", "api": "cost", "attr_count": 0, "_input_count": 1, "_output_count": 1, "dim": [10], "data_type": "float32", "bias": null, "weight": null, "kernel": null, "in_var_name_list": ["17"], "out_var_name_list": ["18"]}}, "node_count": 19, "edge_list": [{"from": ["4", "maxpool"], "to": ["5", "dropout"]}, {"from": ["6", "convolutional"], "to": ["7", "convolutional"]}, {"from": ["13", "convolutional"], "to": ["14", "dropout"]}, {"from": ["10", "dropout"], "to": ["11", "convolutional"]}, {"from": ["7", "convolutional"], "to": ["8", "convolutional"]}, {"from": ["16", "avgpool"], "to": ["17", "softmax"]}, {"from": ["2", "convolutional"], "to": ["3", "convolutional"]}, {"from": ["3", "convolutional"], "to": ["4", "maxpool"]}, {"from": ["9", "maxpool"], "to": ["10", "dropout"]}, {"from": ["17", "softmax"], "to": ["18", "cost"]}, {"from": ["14", "dropout"], "to": ["15", "convolutional"]}, {"from": ["12", "convolutional"], "to": ["13", "convolutional"]}, {"from": ["5", "dropout"], "to": ["6", "convolutional"]}, {"from": ["1", "convolutional"], "to": ["2", "convolutional"]}, {"from": ["8", "convolutional"], "to": ["9", "maxpool"]}, {"from": ["11", "convolutional"], "to": ["12", "convolutional"]}, {"from": ["0", "crop"], "to": ["1", "convolutional"]}, {"from": ["15", "convolutional"], "to": ["16", "avgpool"]}], "edge_count": 18}