{"filename": "ColdNoodler__@@__py-faster-rcnn-cuda10__@@__55__@@__stage2_fast_rcnn_train.pt", "original_file_size": 6004, "netron_file_size": 251507, "input_dict": {}, "output_dict": {}, "node_dict": {"data": {"index": 0, "var_name": "data", "api": "Python", "attr_count": 3, "_input_count": 0, "_output_count": 6, "dim": null, "data_type": null, "bias": null, "weight": null, "kernel": null, "in_var_name_list": [], "out_var_name_list": ["data", "rois", "labels", "bbox_targets", "bbox_inside_weights", "bbox_outside_weights"]}, "conv1": {"index": 1, "var_name": "conv1", "api": "Convolution", "attr_count": 5, "_input_count": 3, "_output_count": 1, "dim": null, "data_type": null, "bias": null, "weight": null, "kernel": null, "in_var_name_list": ["data", "filter", "bias"], "out_var_name_list": ["conv1"]}, "norm1": {"index": 2, "var_name": "norm1", "api": "LRN", "attr_count": 4, "_input_count": 1, "_output_count": 1, "dim": null, "data_type": null, "bias": null, "weight": null, "kernel": null, "in_var_name_list": ["conv1"], "out_var_name_list": ["norm1"]}, "pool1": {"index": 3, "var_name": "pool1", "api": "Pooling", "attr_count": 3, "_input_count": 1, "_output_count": 1, "dim": null, "data_type": null, "bias": null, "weight": null, "kernel": null, "in_var_name_list": ["norm1"], "out_var_name_list": ["pool1"]}, "conv2": {"index": 4, "var_name": "conv2", "api": "Convolution", "attr_count": 5, "_input_count": 3, "_output_count": 1, "dim": null, "data_type": null, "bias": null, "weight": null, "kernel": null, "in_var_name_list": ["pool1", "filter", "bias"], "out_var_name_list": ["conv2"]}, "norm2": {"index": 5, "var_name": "norm2", "api": "LRN", "attr_count": 4, "_input_count": 1, "_output_count": 1, "dim": null, "data_type": null, "bias": null, "weight": null, "kernel": null, "in_var_name_list": ["conv2"], "out_var_name_list": ["norm2"]}, "pool2": {"index": 6, "var_name": "pool2", "api": "Pooling", "attr_count": 3, "_input_count": 1, "_output_count": 1, "dim": null, "data_type": null, "bias": null, "weight": null, "kernel": null, "in_var_name_list": ["norm2"], "out_var_name_list": ["pool2"]}, "conv3": {"index": 7, "var_name": "conv3", "api": "Convolution", "attr_count": 5, "_input_count": 3, "_output_count": 1, "dim": null, "data_type": null, "bias": null, "weight": null, "kernel": null, "in_var_name_list": ["pool2", "filter", "bias"], "out_var_name_list": ["conv3"]}, "conv4": {"index": 8, "var_name": "conv4", "api": "Convolution", "attr_count": 5, "_input_count": 3, "_output_count": 1, "dim": null, "data_type": null, "bias": null, "weight": null, "kernel": null, "in_var_name_list": ["conv3", "filter", "bias"], "out_var_name_list": ["conv4"]}, "conv5": {"index": 9, "var_name": "conv5", "api": "Convolution", "attr_count": 5, "_input_count": 3, "_output_count": 1, "dim": null, "data_type": null, "bias": null, "weight": null, "kernel": null, "in_var_name_list": ["conv4", "filter", "bias"], "out_var_name_list": ["conv5"]}, "roi_pool_conv5": {"index": 10, "var_name": "roi_pool_conv5", "api": "ROIPooling", "attr_count": 3, "_input_count": 2, "_output_count": 1, "dim": null, "data_type": null, "bias": null, "weight": null, "kernel": null, "in_var_name_list": ["conv5", "rois"], "out_var_name_list": ["roi_pool_conv5"]}, "fc6": {"index": 11, "var_name": "fc6", "api": "InnerProduct", "attr_count": 1, "_input_count": 3, "_output_count": 1, "dim": null, "data_type": null, "bias": null, "weight": null, "kernel": null, "in_var_name_list": ["roi_pool_conv5", "weights", "bias"], "out_var_name_list": ["fc6"]}, "fc7": {"index": 12, "var_name": "fc7", "api": "InnerProduct", "attr_count": 1, "_input_count": 3, "_output_count": 1, "dim": null, "data_type": null, "bias": null, "weight": null, "kernel": null, "in_var_name_list": ["fc6", "weights", "bias"], "out_var_name_list": ["fc7"]}, "cls_score": {"index": 13, "var_name": "cls_score", "api": "InnerProduct", "attr_count": 3, "_input_count": 3, "_output_count": 1, "dim": null, "data_type": null, "bias": null, "weight": null, "kernel": null, "in_var_name_list": ["fc7", "weights", "bias"], "out_var_name_list": ["cls_score"]}, "bbox_pred": {"index": 14, "var_name": "bbox_pred", "api": "InnerProduct", "attr_count": 3, "_input_count": 3, "_output_count": 1, "dim": null, "data_type": null, "bias": null, "weight": null, "kernel": null, "in_var_name_list": ["fc7", "weights", "bias"], "out_var_name_list": ["bbox_pred"]}, "loss_cls": {"index": 15, "var_name": "loss_cls", "api": "SoftmaxWithLoss", "attr_count": 2, "_input_count": 2, "_output_count": 1, "dim": null, "data_type": null, "bias": null, "weight": null, "kernel": null, "in_var_name_list": ["cls_score", "labels"], "out_var_name_list": ["cls_loss"]}, "loss_bbox": {"index": 16, "var_name": "loss_bbox", "api": "SmoothL1Loss", "attr_count": 0, "_input_count": 4, "_output_count": 1, "dim": null, "data_type": null, "bias": null, "weight": null, "kernel": null, "in_var_name_list": ["bbox_pred", "bbox_targets", "bbox_inside_weights", "bbox_outside_weights"], "out_var_name_list": ["bbox_loss"]}, "rpn_conv1": {"index": 17, "var_name": "rpn_conv1", "api": "Convolution", "attr_count": 7, "_input_count": 3, "_output_count": 1, "dim": null, "data_type": null, "bias": null, "weight": null, "kernel": null, "in_var_name_list": ["conv5", "filter", "bias"], "out_var_name_list": ["rpn_conv1"]}, "rpn_cls_score": {"index": 18, "var_name": "rpn_cls_score", "api": "Convolution", "attr_count": 7, "_input_count": 3, "_output_count": 1, "dim": null, "data_type": null, "bias": null, "weight": null, "kernel": null, "in_var_name_list": ["rpn_conv1", "filter", "bias"], "out_var_name_list": ["rpn_cls_score"]}, "rpn_bbox_pred": {"index": 19, "var_name": "rpn_bbox_pred", "api": "Convolution", "attr_count": 7, "_input_count": 3, "_output_count": 1, "dim": null, "data_type": null, "bias": null, "weight": null, "kernel": null, "in_var_name_list": ["rpn_conv1", "filter", "bias"], "out_var_name_list": ["rpn_bbox_pred"]}, "silence_rpn_cls_score": {"index": 20, "var_name": "silence_rpn_cls_score", "api": "Silence", "attr_count": 0, "_input_count": 1, "_output_count": 0, "dim": null, "data_type": null, "bias": null, "weight": null, "kernel": null, "in_var_name_list": ["rpn_cls_score"], "out_var_name_list": []}, "silence_rpn_bbox_pred": {"index": 21, "var_name": "silence_rpn_bbox_pred", "api": "Silence", "attr_count": 0, "_input_count": 1, "_output_count": 0, "dim": null, "data_type": null, "bias": null, "weight": null, "kernel": null, "in_var_name_list": ["rpn_bbox_pred"], "out_var_name_list": []}}, "node_count": 22, "edge_list": [{"from": ["conv5", "Convolution"], "to": ["roi_pool_conv5", "ROIPooling"]}, {"from": ["roi_pool_conv5", "ROIPooling"], "to": ["fc6", "InnerProduct"]}, {"from": ["fc7", "InnerProduct"], "to": ["cls_score", "InnerProduct"]}, {"from": ["fc6", "InnerProduct"], "to": ["fc7", "InnerProduct"]}, {"from": ["data", "Python"], "to": ["loss_bbox", "SmoothL1Loss"]}, {"from": ["rpn_cls_score", "Convolution"], "to": ["silence_rpn_cls_score", "Silence"]}, {"from": ["rpn_conv1", "Convolution"], "to": ["rpn_bbox_pred", "Convolution"]}, {"from": ["conv3", "Convolution"], "to": ["conv4", "Convolution"]}, {"from": ["fc7", "InnerProduct"], "to": ["bbox_pred", "InnerProduct"]}, {"from": ["conv5", "Convolution"], "to": ["rpn_conv1", "Convolution"]}, {"from": ["pool1", "Pooling"], "to": ["conv2", "Convolution"]}, {"from": ["rpn_bbox_pred", "Convolution"], "to": ["silence_rpn_bbox_pred", "Silence"]}, {"from": ["norm2", "LRN"], "to": ["pool2", "Pooling"]}, {"from": ["cls_score", "InnerProduct"], "to": ["loss_cls", "SoftmaxWithLoss"]}, {"from": ["rpn_conv1", "Convolution"], "to": ["rpn_cls_score", "Convolution"]}, {"from": ["data", "Python"], "to": ["loss_cls", "SoftmaxWithLoss"]}, {"from": ["bbox_pred", "InnerProduct"], "to": ["loss_bbox", "SmoothL1Loss"]}, {"from": ["norm1", "LRN"], "to": ["pool1", "Pooling"]}, {"from": ["conv2", "Convolution"], "to": ["norm2", "LRN"]}, {"from": ["conv1", "Convolution"], "to": ["norm1", "LRN"]}, {"from": ["pool2", "Pooling"], "to": ["conv3", "Convolution"]}, {"from": ["data", "Python"], "to": ["roi_pool_conv5", "ROIPooling"]}, {"from": ["conv4", "Convolution"], "to": ["conv5", "Convolution"]}, {"from": ["data", "Python"], "to": ["conv1", "Convolution"]}], "edge_count": 24}