{"filename": "dc17540__@@__darknet__@@__34__@@__resnext152-32x4d.cfg", "original_file_size": 16206, "netron_file_size": 309328, "input_dict": {"input": {"data_type": "float32", "dim": [256, 256, 3]}}, "output_dict": {}, "node_dict": {"0": {"index": 0, "var_name": "0", "api": "convolutional", "attr_count": 6, "_input_count": 6, "_output_count": 1, "dim": [256, 256, 3], "data_type": "float32", "bias": [64], "weight": [3, 64, 7, 7], "kernel": null, "in_var_name_list": ["input", "", "", "", "", ""], "out_var_name_list": ["0"]}, "1": {"index": 1, "var_name": "1", "api": "maxpool", "attr_count": 2, "_input_count": 1, "_output_count": 1, "dim": [128, 128, 64], "data_type": "float32", "bias": null, "weight": null, "kernel": null, "in_var_name_list": ["0"], "out_var_name_list": ["1"]}, "2": {"index": 2, "var_name": "2", "api": "convolutional", "attr_count": 6, "_input_count": 6, "_output_count": 1, "dim": [64, 64, 64], "data_type": "float32", "bias": [64], "weight": [64, 64, 1, 1], "kernel": null, "in_var_name_list": ["1", "", "", "", "", ""], "out_var_name_list": ["2"]}, "3": {"index": 3, "var_name": "3", "api": "convolutional", "attr_count": 7, "_input_count": 6, "_output_count": 1, "dim": [64, 64, 64], "data_type": "float32", "bias": [64], "weight": [2, 64, 3, 3], "kernel": null, "in_var_name_list": ["2", "", "", "", "", ""], "out_var_name_list": ["3"]}, "4": {"index": 4, "var_name": "4", "api": "convolutional", "attr_count": 6, "_input_count": 6, "_output_count": 1, "dim": [64, 64, 64], "data_type": "float32", "bias": [512], "weight": [64, 512, 1, 1], "kernel": null, "in_var_name_list": ["3", "", "", "", "", ""], "out_var_name_list": ["4"]}, "5": {"index": 5, "var_name": "5", "api": "shortcut", "attr_count": 1, "_input_count": 1, "_output_count": 1, "dim": [64, 64, 512], "data_type": "float32", "bias": null, "weight": null, "kernel": null, "in_var_name_list": ["4"], "out_var_name_list": ["5"]}, "6": {"index": 6, "var_name": "6", "api": "convolutional", "attr_count": 6, "_input_count": 6, "_output_count": 1, "dim": [64, 64, 512], "data_type": "float32", "bias": [64], "weight": [512, 64, 1, 1], "kernel": null, "in_var_name_list": ["5", "", "", "", "", ""], "out_var_name_list": ["6"]}, "7": {"index": 7, "var_name": "7", "api": "convolutional", "attr_count": 7, "_input_count": 6, "_output_count": 1, "dim": [64, 64, 64], "data_type": "float32", "bias": [64], "weight": [2, 64, 3, 3], "kernel": null, "in_var_name_list": ["6", "", "", "", "", ""], "out_var_name_list": ["7"]}, "8": {"index": 8, "var_name": "8", "api": "convolutional", "attr_count": 6, "_input_count": 6, "_output_count": 1, "dim": [64, 64, 64], "data_type": "float32", "bias": [512], "weight": [64, 512, 1, 1], "kernel": null, "in_var_name_list": ["7", "", "", "", "", ""], "out_var_name_list": ["8"]}, "9": {"index": 9, "var_name": "9", "api": "shortcut", "attr_count": 1, "_input_count": 1, "_output_count": 1, "dim": [64, 64, 512], "data_type": "float32", "bias": null, "weight": null, "kernel": null, "in_var_name_list": ["8"], "out_var_name_list": ["9"]}, "10": {"index": 10, "var_name": "10", "api": "convolutional", "attr_count": 6, "_input_count": 6, "_output_count": 1, "dim": [64, 64, 512], "data_type": "float32", "bias": [64], "weight": [512, 64, 1, 1], "kernel": null, "in_var_name_list": ["9", "", "", "", "", ""], "out_var_name_list": ["10"]}, "11": {"index": 11, "var_name": "11", "api": "convolutional", "attr_count": 7, "_input_count": 6, "_output_count": 1, "dim": [64, 64, 64], "data_type": "float32", "bias": [64], "weight": [2, 64, 3, 3], "kernel": null, "in_var_name_list": ["10", "", "", "", "", ""], "out_var_name_list": ["11"]}, "12": {"index": 12, "var_name": "12", "api": "convolutional", "attr_count": 6, "_input_count": 6, "_output_count": 1, "dim": [64, 64, 64], "data_type": "float32", "bias": [512], "weight": [64, 512, 1, 1], "kernel": null, "in_var_name_list": ["11", "", "", "", "", ""], "out_var_name_list": ["12"]}, "13": {"index": 13, "var_name": "13", "api": "shortcut", "attr_count": 1, "_input_count": 1, "_output_count": 1, "dim": [64, 64, 512], "data_type": "float32", "bias": null, "weight": null, "kernel": null, "in_var_name_list": ["12"], "out_var_name_list": ["13"]}, "14": {"index": 14, "var_name": "14", "api": "convolutional", "attr_count": 6, "_input_count": 6, "_output_count": 1, "dim": [64, 64, 512], "data_type": "float32", "bias": [128], "weight": [512, 128, 1, 1], "kernel": null, "in_var_name_list": ["13", "", "", "", "", ""], "out_var_name_list": ["14"]}, "15": {"index": 15, "var_name": "15", "api": "convolutional", "attr_count": 7, "_input_count": 6, "_output_count": 1, "dim": [64, 64, 128], "data_type": "float32", "bias": [128], "weight": [4, 128, 3, 3], "kernel": null, "in_var_name_list": ["14", "", "", "", "", ""], "out_var_name_list": ["15"]}, "16": {"index": 16, "var_name": "16", "api": "convolutional", "attr_count": 6, "_input_count": 6, "_output_count": 1, "dim": [32, 32, 128], "data_type": "float32", "bias": [1024], "weight": [128, 1024, 1, 1], "kernel": null, "in_var_name_list": ["15", "", "", "", "", ""], "out_var_name_list": ["16"]}, "17": {"index": 17, "var_name": "17", "api": "shortcut", "attr_count": 1, "_input_count": 1, "_output_count": 1, "dim": [32, 32, 1024], "data_type": "float32", "bias": null, "weight": null, "kernel": null, "in_var_name_list": ["16"], "out_var_name_list": ["17"]}, "18": {"index": 18, "var_name": "18", "api": "convolutional", "attr_count": 6, "_input_count": 6, "_output_count": 1, "dim": [32, 32, 1024], "data_type": "float32", "bias": [128], "weight": [1024, 128, 1, 1], "kernel": null, "in_var_name_list": ["17", "", "", "", "", ""], "out_var_name_list": ["18"]}, "19": {"index": 19, "var_name": "19", "api": "convolutional", "attr_count": 7, "_input_count": 6, "_output_count": 1, "dim": [32, 32, 128], "data_type": "float32", "bias": [128], "weight": [4, 128, 3, 3], "kernel": null, "in_var_name_list": ["18", "", "", "", "", ""], "out_var_name_list": ["19"]}, "20": {"index": 20, "var_name": "20", "api": "convolutional", "attr_count": 6, "_input_count": 6, "_output_count": 1, "dim": [32, 32, 128], "data_type": "float32", "bias": [1024], "weight": [128, 1024, 1, 1], "kernel": null, "in_var_name_list": ["19", "", "", "", "", ""], "out_var_name_list": ["20"]}, "21": {"index": 21, "var_name": "21", "api": "shortcut", "attr_count": 1, "_input_count": 1, "_output_count": 1, "dim": [32, 32, 1024], "data_type": "float32", "bias": null, "weight": null, "kernel": null, "in_var_name_list": ["20"], "out_var_name_list": ["21"]}, "22": {"index": 22, "var_name": "22", "api": "convolutional", "attr_count": 6, "_input_count": 6, "_output_count": 1, "dim": [32, 32, 1024], "data_type": "float32", "bias": [128], "weight": [1024, 128, 1, 1], "kernel": null, "in_var_name_list": ["21", "", "", "", "", ""], "out_var_name_list": ["22"]}, "23": {"index": 23, "var_name": "23", "api": "convolutional", "attr_count": 7, "_input_count": 6, "_output_count": 1, "dim": [32, 32, 128], "data_type": "float32", "bias": [128], "weight": [4, 128, 3, 3], "kernel": null, "in_var_name_list": ["22", "", "", "", "", ""], "out_var_name_list": ["23"]}, "24": {"index": 24, "var_name": "24", "api": "convolutional", "attr_count": 6, "_input_count": 6, "_output_count": 1, "dim": [32, 32, 128], "data_type": "float32", "bias": [1024], "weight": [128, 1024, 1, 1], "kernel": null, "in_var_name_list": ["23", "", "", "", "", ""], "out_var_name_list": ["24"]}, "25": {"index": 25, "var_name": "25", "api": "shortcut", "attr_count": 1, "_input_count": 1, "_output_count": 1, "dim": [32, 32, 1024], "data_type": "float32", "bias": null, "weight": null, "kernel": null, "in_var_name_list": ["24"], "out_var_name_list": ["25"]}, "26": {"index": 26, "var_name": "26", "api": "convolutional", "attr_count": 6, "_input_count": 6, "_output_count": 1, "dim": [32, 32, 1024], "data_type": "float32", "bias": [128], "weight": [1024, 128, 1, 1], "kernel": null, "in_var_name_list": ["25", "", "", "", "", ""], "out_var_name_list": ["26"]}, "27": {"index": 27, "var_name": "27", "api": "convolutional", "attr_count": 7, "_input_count": 6, "_output_count": 1, "dim": [32, 32, 128], "data_type": "float32", "bias": [128], "weight": [4, 128, 3, 3], "kernel": null, "in_var_name_list": ["26", "", "", "", "", ""], "out_var_name_list": ["27"]}, "28": {"index": 28, "var_name": "28", "api": "convolutional", "attr_count": 6, "_input_count": 6, "_output_count": 1, "dim": [32, 32, 128], "data_type": "float32", "bias": [1024], "weight": [128, 1024, 1, 1], "kernel": null, "in_var_name_list": ["27", "", "", "", "", ""], "out_var_name_list": ["28"]}, "29": {"index": 29, "var_name": "29", "api": "shortcut", "attr_count": 1, "_input_count": 1, "_output_count": 1, "dim": [32, 32, 1024], "data_type": "float32", "bias": null, "weight": null, "kernel": null, "in_var_name_list": ["28"], "out_var_name_list": ["29"]}, "30": {"index": 30, "var_name": "30", "api": "convolutional", "attr_count": 6, "_input_count": 6, "_output_count": 1, "dim": [32, 32, 1024], "data_type": "float32", "bias": [128], "weight": [1024, 128, 1, 1], "kernel": null, "in_var_name_list": ["29", "", "", "", "", ""], "out_var_name_list": ["30"]}, "31": {"index": 31, "var_name": "31", "api": "convolutional", "attr_count": 7, "_input_count": 6, "_output_count": 1, "dim": [32, 32, 128], "data_type": "float32", "bias": [128], "weight": [4, 128, 3, 3], "kernel": null, "in_var_name_list": ["30", "", "", "", "", ""], "out_var_name_list": ["31"]}, "32": {"index": 32, "var_name": "32", "api": "convolutional", "attr_count": 6, "_input_count": 6, "_output_count": 1, "dim": [32, 32, 128], "data_type": "float32", "bias": [1024], "weight": [128, 1024, 1, 1], "kernel": null, "in_var_name_list": ["31", "", "", "", "", ""], "out_var_name_list": ["32"]}, "33": {"index": 33, "var_name": "33", "api": "shortcut", "attr_count": 1, "_input_count": 1, "_output_count": 1, "dim": [32, 32, 1024], "data_type": "float32", "bias": null, "weight": null, "kernel": null, "in_var_name_list": ["32"], "out_var_name_list": ["33"]}, "34": {"index": 34, "var_name": "34", "api": "convolutional", "attr_count": 6, "_input_count": 6, "_output_count": 1, "dim": [32, 32, 1024], "data_type": "float32", "bias": [128], "weight": [1024, 128, 1, 1], "kernel": null, "in_var_name_list": ["33", "", "", "", "", ""], "out_var_name_list": ["34"]}, "35": {"index": 35, "var_name": "35", "api": "convolutional", "attr_count": 7, "_input_count": 6, "_output_count": 1, "dim": [32, 32, 128], "data_type": "float32", "bias": [128], "weight": [4, 128, 3, 3], "kernel": null, "in_var_name_list": ["34", "", "", "", "", ""], "out_var_name_list": ["35"]}, "36": {"index": 36, "var_name": "36", "api": "convolutional", "attr_count": 6, "_input_count": 6, "_output_count": 1, "dim": [32, 32, 128], "data_type": "float32", "bias": [1024], "weight": [128, 1024, 1, 1], "kernel": null, "in_var_name_list": ["35", "", "", "", "", ""], "out_var_name_list": ["36"]}, "37": {"index": 37, "var_name": "37", "api": "shortcut", "attr_count": 1, "_input_count": 1, "_output_count": 1, "dim": [32, 32, 1024], "data_type": "float32", "bias": null, "weight": null, "kernel": null, "in_var_name_list": ["36"], "out_var_name_list": ["37"]}, "38": {"index": 38, "var_name": "38", "api": "convolutional", "attr_count": 6, "_input_count": 6, "_output_count": 1, "dim": [32, 32, 1024], "data_type": "float32", "bias": [128], "weight": [1024, 128, 1, 1], "kernel": null, "in_var_name_list": ["37", "", "", "", "", ""], "out_var_name_list": ["38"]}, "39": {"index": 39, "var_name": "39", "api": "convolutional", "attr_count": 7, "_input_count": 6, "_output_count": 1, "dim": [32, 32, 128], "data_type": "float32", "bias": [128], "weight": [4, 128, 3, 3], "kernel": null, "in_var_name_list": ["38", "", "", "", "", ""], "out_var_name_list": ["39"]}, "40": {"index": 40, "var_name": "40", "api": "convolutional", "attr_count": 6, "_input_count": 6, "_output_count": 1, "dim": [32, 32, 128], "data_type": "float32", "bias": [1024], "weight": [128, 1024, 1, 1], "kernel": null, "in_var_name_list": ["39", "", "", "", "", ""], "out_var_name_list": ["40"]}, "41": {"index": 41, "var_name": "41", "api": "shortcut", "attr_count": 1, "_input_count": 1, "_output_count": 1, "dim": [32, 32, 1024], "data_type": "float32", "bias": null, "weight": null, "kernel": null, "in_var_name_list": ["40"], "out_var_name_list": ["41"]}, "42": {"index": 42, "var_name": "42", "api": "convolutional", "attr_count": 6, "_input_count": 6, "_output_count": 1, "dim": [32, 32, 1024], "data_type": "float32", "bias": [128], "weight": [1024, 128, 1, 1], "kernel": null, "in_var_name_list": ["41", "", "", "", "", ""], "out_var_name_list": ["42"]}, "43": {"index": 43, "var_name": "43", "api": "convolutional", "attr_count": 7, "_input_count": 6, "_output_count": 1, "dim": [32, 32, 128], "data_type": "float32", "bias": [128], "weight": [4, 128, 3, 3], "kernel": null, "in_var_name_list": ["42", "", "", "", "", ""], "out_var_name_list": ["43"]}, "44": {"index": 44, "var_name": "44", "api": "convolutional", "attr_count": 6, "_input_count": 6, "_output_count": 1, "dim": [32, 32, 128], "data_type": "float32", "bias": [1024], "weight": [128, 1024, 1, 1], "kernel": null, "in_var_name_list": ["43", "", "", "", "", ""], "out_var_name_list": ["44"]}, "45": {"index": 45, "var_name": "45", "api": "shortcut", "attr_count": 1, "_input_count": 1, "_output_count": 1, "dim": [32, 32, 1024], "data_type": "float32", "bias": null, "weight": null, "kernel": null, "in_var_name_list": ["44"], "out_var_name_list": ["45"]}, "46": {"index": 46, "var_name": "46", "api": "convolutional", "attr_count": 6, "_input_count": 6, "_output_count": 1, "dim": [32, 32, 1024], "data_type": "float32", "bias": [256], "weight": [1024, 256, 1, 1], "kernel": null, "in_var_name_list": ["45", "", "", "", "", ""], "out_var_name_list": ["46"]}, "47": {"index": 47, "var_name": "47", "api": "convolutional", "attr_count": 7, "_input_count": 6, "_output_count": 1, "dim": [32, 32, 256], "data_type": "float32", "bias": [256], "weight": [8, 256, 3, 3], "kernel": null, "in_var_name_list": ["46", "", "", "", "", ""], "out_var_name_list": ["47"]}, "48": {"index": 48, "var_name": "48", "api": "convolutional", "attr_count": 6, "_input_count": 6, "_output_count": 1, "dim": [16, 16, 256], "data_type": "float32", "bias": [2048], "weight": [256, 2048, 1, 1], "kernel": null, "in_var_name_list": ["47", "", "", "", "", ""], "out_var_name_list": ["48"]}, "49": {"index": 49, "var_name": "49", "api": "shortcut", "attr_count": 1, "_input_count": 1, "_output_count": 1, "dim": [16, 16, 2048], "data_type": "float32", "bias": null, "weight": null, "kernel": null, "in_var_name_list": ["48"], "out_var_name_list": ["49"]}, "50": {"index": 50, "var_name": "50", "api": "convolutional", "attr_count": 6, "_input_count": 6, "_output_count": 1, "dim": [16, 16, 2048], "data_type": "float32", "bias": [256], "weight": [2048, 256, 1, 1], "kernel": null, "in_var_name_list": ["49", "", "", "", "", ""], "out_var_name_list": ["50"]}, "51": {"index": 51, "var_name": "51", "api": "convolutional", "attr_count": 7, "_input_count": 6, "_output_count": 1, "dim": [16, 16, 256], "data_type": "float32", "bias": [256], "weight": [8, 256, 3, 3], "kernel": null, "in_var_name_list": ["50", "", "", "", "", ""], "out_var_name_list": ["51"]}, "52": {"index": 52, "var_name": "52", "api": "convolutional", "attr_count": 6, "_input_count": 6, "_output_count": 1, "dim": [16, 16, 256], "data_type": "float32", "bias": [2048], "weight": [256, 2048, 1, 1], "kernel": null, "in_var_name_list": ["51", "", "", "", "", ""], "out_var_name_list": ["52"]}, "53": {"index": 53, "var_name": "53", "api": "shortcut", "attr_count": 1, "_input_count": 1, "_output_count": 1, "dim": [16, 16, 2048], "data_type": "float32", "bias": null, "weight": null, "kernel": null, "in_var_name_list": ["52"], "out_var_name_list": ["53"]}, "54": {"index": 54, "var_name": "54", "api": "convolutional", "attr_count": 6, "_input_count": 6, "_output_count": 1, "dim": [16, 16, 2048], "data_type": "float32", "bias": [256], "weight": [2048, 256, 1, 1], "kernel": null, "in_var_name_list": ["53", "", "", "", "", ""], "out_var_name_list": ["54"]}, "55": {"index": 55, "var_name": "55", "api": "convolutional", "attr_count": 7, "_input_count": 6, "_output_count": 1, "dim": [16, 16, 256], "data_type": "float32", "bias": [256], "weight": [8, 256, 3, 3], "kernel": null, "in_var_name_list": ["54", "", "", "", "", ""], "out_var_name_list": ["55"]}, "56": {"index": 56, "var_name": "56", "api": "convolutional", "attr_count": 6, "_input_count": 6, "_output_count": 1, "dim": [16, 16, 256], "data_type": "float32", "bias": [2048], "weight": [256, 2048, 1, 1], "kernel": null, "in_var_name_list": ["55", "", "", "", "", ""], "out_var_name_list": ["56"]}, "57": {"index": 57, "var_name": "57", "api": "shortcut", "attr_count": 1, "_input_count": 1, "_output_count": 1, "dim": [16, 16, 2048], "data_type": "float32", "bias": null, "weight": null, "kernel": null, "in_var_name_list": ["56"], "out_var_name_list": ["57"]}, "58": {"index": 58, "var_name": "58", "api": "convolutional", "attr_count": 6, "_input_count": 6, "_output_count": 1, "dim": [16, 16, 2048], "data_type": "float32", "bias": [256], "weight": [2048, 256, 1, 1], "kernel": null, "in_var_name_list": ["57", "", "", "", "", ""], "out_var_name_list": ["58"]}, "59": {"index": 59, "var_name": "59", "api": "convolutional", "attr_count": 7, "_input_count": 6, "_output_count": 1, "dim": [16, 16, 256], "data_type": "float32", "bias": [256], "weight": [8, 256, 3, 3], "kernel": null, "in_var_name_list": ["58", "", "", "", "", ""], "out_var_name_list": ["59"]}, "60": {"index": 60, "var_name": "60", "api": "convolutional", "attr_count": 6, "_input_count": 6, "_output_count": 1, "dim": [16, 16, 256], "data_type": "float32", "bias": [2048], "weight": [256, 2048, 1, 1], "kernel": null, "in_var_name_list": ["59", "", "", "", "", ""], "out_var_name_list": ["60"]}, "61": {"index": 61, "var_name": "61", "api": "shortcut", "attr_count": 1, "_input_count": 1, "_output_count": 1, "dim": [16, 16, 2048], "data_type": "float32", "bias": null, "weight": null, "kernel": null, "in_var_name_list": ["60"], "out_var_name_list": ["61"]}, "62": {"index": 62, "var_name": "62", "api": "convolutional", "attr_count": 6, "_input_count": 6, "_output_count": 1, "dim": [16, 16, 2048], "data_type": "float32", "bias": [256], "weight": [2048, 256, 1, 1], "kernel": null, "in_var_name_list": ["61", "", "", "", "", ""], "out_var_name_list": ["62"]}, "63": {"index": 63, "var_name": "63", "api": "convolutional", "attr_count": 7, "_input_count": 6, "_output_count": 1, "dim": [16, 16, 256], "data_type": "float32", "bias": [256], "weight": [8, 256, 3, 3], "kernel": null, "in_var_name_list": ["62", "", "", "", "", ""], "out_var_name_list": ["63"]}, "64": {"index": 64, "var_name": "64", "api": "convolutional", "attr_count": 6, "_input_count": 6, "_output_count": 1, "dim": [16, 16, 256], "data_type": "float32", "bias": [2048], "weight": [256, 2048, 1, 1], "kernel": null, "in_var_name_list": ["63", "", "", "", "", ""], "out_var_name_list": ["64"]}, "65": {"index": 65, "var_name": "65", "api": "shortcut", "attr_count": 1, "_input_count": 1, "_output_count": 1, "dim": [16, 16, 2048], "data_type": "float32", "bias": null, "weight": null, "kernel": null, "in_var_name_list": ["64"], "out_var_name_list": ["65"]}, "66": {"index": 66, "var_name": "66", "api": "convolutional", "attr_count": 6, "_input_count": 6, "_output_count": 1, "dim": [16, 16, 2048], "data_type": "float32", "bias": [256], "weight": [2048, 256, 1, 1], "kernel": null, "in_var_name_list": ["65", "", "", "", "", ""], "out_var_name_list": ["66"]}, "67": {"index": 67, "var_name": "67", "api": "convolutional", "attr_count": 7, "_input_count": 6, "_output_count": 1, "dim": [16, 16, 256], "data_type": "float32", "bias": [256], "weight": [8, 256, 3, 3], "kernel": null, "in_var_name_list": ["66", "", "", "", "", ""], "out_var_name_list": ["67"]}, "68": {"index": 68, "var_name": "68", "api": "convolutional", "attr_count": 6, "_input_count": 6, "_output_count": 1, "dim": [16, 16, 256], "data_type": "float32", "bias": [2048], "weight": [256, 2048, 1, 1], "kernel": null, "in_var_name_list": ["67", "", "", "", "", ""], "out_var_name_list": ["68"]}, "69": {"index": 69, "var_name": "69", "api": "shortcut", "attr_count": 1, "_input_count": 1, "_output_count": 1, "dim": [16, 16, 2048], "data_type": "float32", "bias": null, "weight": null, "kernel": null, "in_var_name_list": ["68"], "out_var_name_list": ["69"]}, "70": {"index": 70, "var_name": "70", "api": "convolutional", "attr_count": 6, "_input_count": 6, "_output_count": 1, "dim": [16, 16, 2048], "data_type": "float32", "bias": [256], "weight": [2048, 256, 1, 1], "kernel": null, "in_var_name_list": ["69", "", "", "", "", ""], "out_var_name_list": ["70"]}, "71": {"index": 71, "var_name": "71", "api": "convolutional", "attr_count": 7, "_input_count": 6, "_output_count": 1, "dim": [16, 16, 256], "data_type": "float32", "bias": [256], "weight": [8, 256, 3, 3], "kernel": null, "in_var_name_list": ["70", "", "", "", "", ""], "out_var_name_list": ["71"]}, "72": {"index": 72, "var_name": "72", "api": "convolutional", "attr_count": 6, "_input_count": 6, "_output_count": 1, "dim": [16, 16, 256], "data_type": "float32", "bias": [2048], "weight": [256, 2048, 1, 1], "kernel": null, "in_var_name_list": ["71", "", "", "", "", ""], "out_var_name_list": ["72"]}, "73": {"index": 73, "var_name": "73", "api": "shortcut", "attr_count": 1, "_input_count": 1, "_output_count": 1, "dim": [16, 16, 2048], "data_type": "float32", "bias": null, "weight": null, "kernel": null, "in_var_name_list": ["72"], "out_var_name_list": ["73"]}, "74": {"index": 74, "var_name": "74", "api": "convolutional", "attr_count": 6, "_input_count": 6, "_output_count": 1, "dim": [16, 16, 2048], "data_type": "float32", "bias": [256], "weight": [2048, 256, 1, 1], "kernel": null, "in_var_name_list": ["73", "", "", "", "", ""], "out_var_name_list": ["74"]}, "75": {"index": 75, "var_name": "75", "api": "convolutional", "attr_count": 7, "_input_count": 6, "_output_count": 1, "dim": [16, 16, 256], "data_type": "float32", "bias": [256], "weight": [8, 256, 3, 3], "kernel": null, "in_var_name_list": ["74", "", "", "", "", ""], "out_var_name_list": ["75"]}, "76": {"index": 76, "var_name": "76", "api": "convolutional", "attr_count": 6, "_input_count": 6, "_output_count": 1, "dim": [16, 16, 256], "data_type": "float32", "bias": [2048], "weight": [256, 2048, 1, 1], "kernel": null, "in_var_name_list": ["75", "", "", "", "", ""], "out_var_name_list": ["76"]}, "77": {"index": 77, "var_name": "77", "api": "shortcut", "attr_count": 1, "_input_count": 1, "_output_count": 1, "dim": [16, 16, 2048], "data_type": "float32", "bias": null, "weight": null, "kernel": null, "in_var_name_list": ["76"], "out_var_name_list": ["77"]}, "78": {"index": 78, "var_name": "78", "api": "convolutional", "attr_count": 6, "_input_count": 6, "_output_count": 1, "dim": [16, 16, 2048], "data_type": "float32", "bias": [256], "weight": [2048, 256, 1, 1], "kernel": null, "in_var_name_list": ["77", "", "", "", "", ""], "out_var_name_list": ["78"]}, "79": {"index": 79, "var_name": "79", "api": "convolutional", "attr_count": 7, "_input_count": 6, "_output_count": 1, "dim": [16, 16, 256], "data_type": "float32", "bias": [256], "weight": [8, 256, 3, 3], "kernel": null, "in_var_name_list": ["78", "", "", "", "", ""], "out_var_name_list": ["79"]}, "80": {"index": 80, "var_name": "80", "api": "convolutional", "attr_count": 6, "_input_count": 6, "_output_count": 1, "dim": [16, 16, 256], "data_type": "float32", "bias": [2048], "weight": [256, 2048, 1, 1], "kernel": null, "in_var_name_list": ["79", "", "", "", "", ""], "out_var_name_list": ["80"]}, "81": {"index": 81, "var_name": "81", "api": "shortcut", "attr_count": 1, "_input_count": 1, "_output_count": 1, "dim": [16, 16, 2048], "data_type": "float32", "bias": null, "weight": null, "kernel": null, "in_var_name_list": ["80"], "out_var_name_list": ["81"]}, "82": {"index": 82, "var_name": "82", "api": "convolutional", "attr_count": 6, "_input_count": 6, "_output_count": 1, "dim": [16, 16, 2048], "data_type": "float32", "bias": [256], "weight": [2048, 256, 1, 1], "kernel": null, "in_var_name_list": ["81", "", "", "", "", ""], "out_var_name_list": ["82"]}, "83": {"index": 83, "var_name": "83", "api": "convolutional", "attr_count": 7, "_input_count": 6, "_output_count": 1, "dim": [16, 16, 256], "data_type": "float32", "bias": [256], "weight": [8, 256, 3, 3], "kernel": null, "in_var_name_list": ["82", "", "", "", "", ""], "out_var_name_list": ["83"]}, "84": {"index": 84, "var_name": "84", "api": "convolutional", "attr_count": 6, "_input_count": 6, "_output_count": 1, "dim": [16, 16, 256], "data_type": "float32", "bias": [2048], "weight": [256, 2048, 1, 1], "kernel": null, "in_var_name_list": ["83", "", "", "", "", ""], "out_var_name_list": ["84"]}, "85": {"index": 85, "var_name": "85", "api": "shortcut", "attr_count": 1, "_input_count": 1, "_output_count": 1, "dim": [16, 16, 2048], "data_type": "float32", "bias": null, "weight": null, "kernel": null, "in_var_name_list": ["84"], "out_var_name_list": ["85"]}, "86": {"index": 86, "var_name": "86", "api": "convolutional", "attr_count": 6, "_input_count": 6, "_output_count": 1, "dim": [16, 16, 2048], "data_type": "float32", "bias": [256], "weight": [2048, 256, 1, 1], "kernel": null, "in_var_name_list": ["85", "", "", "", "", ""], "out_var_name_list": ["86"]}, "87": {"index": 87, "var_name": "87", "api": "convolutional", "attr_count": 7, "_input_count": 6, "_output_count": 1, "dim": [16, 16, 256], "data_type": "float32", "bias": [256], "weight": [8, 256, 3, 3], "kernel": null, "in_var_name_list": ["86", "", "", "", "", ""], "out_var_name_list": ["87"]}, "88": {"index": 88, "var_name": "88", "api": "convolutional", "attr_count": 6, "_input_count": 6, "_output_count": 1, "dim": [16, 16, 256], "data_type": "float32", "bias": [2048], "weight": [256, 2048, 1, 1], "kernel": null, "in_var_name_list": ["87", "", "", "", "", ""], "out_var_name_list": ["88"]}, "89": {"index": 89, "var_name": "89", "api": "shortcut", "attr_count": 1, "_input_count": 1, "_output_count": 1, "dim": [16, 16, 2048], "data_type": "float32", "bias": null, "weight": null, "kernel": null, "in_var_name_list": ["88"], "out_var_name_list": ["89"]}, "90": {"index": 90, "var_name": "90", "api": "convolutional", "attr_count": 6, "_input_count": 6, "_output_count": 1, "dim": [16, 16, 2048], "data_type": "float32", "bias": [256], "weight": [2048, 256, 1, 1], "kernel": null, "in_var_name_list": ["89", "", "", "", "", ""], "out_var_name_list": ["90"]}, "91": {"index": 91, "var_name": "91", "api": "convolutional", "attr_count": 7, "_input_count": 6, "_output_count": 1, "dim": [16, 16, 256], "data_type": "float32", "bias": [256], "weight": [8, 256, 3, 3], "kernel": null, "in_var_name_list": ["90", "", "", "", "", ""], "out_var_name_list": ["91"]}, "92": {"index": 92, "var_name": "92", "api": "convolutional", "attr_count": 6, "_input_count": 6, "_output_count": 1, "dim": [16, 16, 256], "data_type": "float32", "bias": [2048], "weight": [256, 2048, 1, 1], "kernel": null, "in_var_name_list": ["91", "", "", "", "", ""], "out_var_name_list": ["92"]}, "93": {"index": 93, "var_name": "93", "api": "shortcut", "attr_count": 1, "_input_count": 1, "_output_count": 1, "dim": [16, 16, 2048], "data_type": "float32", "bias": null, "weight": null, "kernel": null, "in_var_name_list": ["92"], "out_var_name_list": ["93"]}, "94": {"index": 94, "var_name": "94", "api": "convolutional", "attr_count": 6, "_input_count": 6, "_output_count": 1, "dim": [16, 16, 2048], "data_type": "float32", "bias": [256], "weight": [2048, 256, 1, 1], "kernel": null, "in_var_name_list": ["93", "", "", "", "", ""], "out_var_name_list": ["94"]}, "95": {"index": 95, "var_name": "95", "api": "convolutional", "attr_count": 7, "_input_count": 6, "_output_count": 1, "dim": [16, 16, 256], "data_type": "float32", "bias": [256], "weight": [8, 256, 3, 3], "kernel": null, "in_var_name_list": ["94", "", "", "", "", ""], "out_var_name_list": ["95"]}, "96": {"index": 96, "var_name": "96", "api": "convolutional", "attr_count": 6, "_input_count": 6, "_output_count": 1, "dim": [16, 16, 256], "data_type": "float32", "bias": [2048], "weight": [256, 2048, 1, 1], "kernel": null, "in_var_name_list": ["95", "", "", "", "", ""], "out_var_name_list": ["96"]}, "97": {"index": 97, "var_name": "97", "api": "shortcut", "attr_count": 1, "_input_count": 1, "_output_count": 1, "dim": [16, 16, 2048], "data_type": "float32", "bias": null, "weight": null, "kernel": null, "in_var_name_list": ["96"], "out_var_name_list": ["97"]}, "98": {"index": 98, "var_name": "98", "api": "convolutional", "attr_count": 6, "_input_count": 6, "_output_count": 1, "dim": [16, 16, 2048], "data_type": "float32", "bias": [256], "weight": [2048, 256, 1, 1], "kernel": null, "in_var_name_list": ["97", "", "", "", "", ""], "out_var_name_list": ["98"]}, "99": {"index": 99, "var_name": "99", "api": "convolutional", "attr_count": 7, "_input_count": 6, "_output_count": 1, "dim": [16, 16, 256], "data_type": "float32", "bias": [256], "weight": [8, 256, 3, 3], "kernel": null, "in_var_name_list": ["98", "", "", "", "", ""], "out_var_name_list": ["99"]}, "100": {"index": 100, "var_name": "100", "api": "convolutional", "attr_count": 6, "_input_count": 6, "_output_count": 1, "dim": [16, 16, 256], "data_type": "float32", "bias": [2048], "weight": [256, 2048, 1, 1], "kernel": null, "in_var_name_list": ["99", "", "", "", "", ""], "out_var_name_list": ["100"]}, "101": {"index": 101, "var_name": "101", "api": "shortcut", "attr_count": 1, "_input_count": 1, "_output_count": 1, "dim": [16, 16, 2048], "data_type": "float32", "bias": null, "weight": null, "kernel": null, "in_var_name_list": ["100"], "out_var_name_list": ["101"]}, "102": {"index": 102, "var_name": "102", "api": "convolutional", "attr_count": 6, "_input_count": 6, "_output_count": 1, "dim": [16, 16, 2048], "data_type": "float32", "bias": [256], "weight": [2048, 256, 1, 1], "kernel": null, "in_var_name_list": ["101", "", "", "", "", ""], "out_var_name_list": ["102"]}, "103": {"index": 103, "var_name": "103", "api": "convolutional", "attr_count": 7, "_input_count": 6, "_output_count": 1, "dim": [16, 16, 256], "data_type": "float32", "bias": [256], "weight": [8, 256, 3, 3], "kernel": null, "in_var_name_list": ["102", "", "", "", "", ""], "out_var_name_list": ["103"]}, "104": {"index": 104, "var_name": "104", "api": "convolutional", "attr_count": 6, "_input_count": 6, "_output_count": 1, "dim": [16, 16, 256], "data_type": "float32", "bias": [2048], "weight": [256, 2048, 1, 1], "kernel": null, "in_var_name_list": ["103", "", "", "", "", ""], "out_var_name_list": ["104"]}, "105": {"index": 105, "var_name": "105", "api": "shortcut", "attr_count": 1, "_input_count": 1, "_output_count": 1, "dim": [16, 16, 2048], "data_type": "float32", "bias": null, "weight": null, "kernel": null, "in_var_name_list": ["104"], "out_var_name_list": ["105"]}, "106": {"index": 106, "var_name": "106", "api": "convolutional", "attr_count": 6, "_input_count": 6, "_output_count": 1, "dim": [16, 16, 2048], "data_type": "float32", "bias": [256], "weight": [2048, 256, 1, 1], "kernel": null, "in_var_name_list": ["105", "", "", "", "", ""], "out_var_name_list": ["106"]}, "107": {"index": 107, "var_name": "107", "api": "convolutional", "attr_count": 7, "_input_count": 6, "_output_count": 1, "dim": [16, 16, 256], "data_type": "float32", "bias": [256], "weight": [8, 256, 3, 3], "kernel": null, "in_var_name_list": ["106", "", "", "", "", ""], "out_var_name_list": ["107"]}, "108": {"index": 108, "var_name": "108", "api": "convolutional", "attr_count": 6, "_input_count": 6, "_output_count": 1, "dim": [16, 16, 256], "data_type": "float32", "bias": [2048], "weight": [256, 2048, 1, 1], "kernel": null, "in_var_name_list": ["107", "", "", "", "", ""], "out_var_name_list": ["108"]}, "109": {"index": 109, "var_name": "109", "api": "shortcut", "attr_count": 1, "_input_count": 1, "_output_count": 1, "dim": [16, 16, 2048], "data_type": "float32", "bias": null, "weight": null, "kernel": null, "in_var_name_list": ["108"], "out_var_name_list": ["109"]}, "110": {"index": 110, "var_name": "110", "api": "convolutional", "attr_count": 6, "_input_count": 6, "_output_count": 1, "dim": [16, 16, 2048], "data_type": "float32", "bias": [256], "weight": [2048, 256, 1, 1], "kernel": null, "in_var_name_list": ["109", "", "", "", "", ""], "out_var_name_list": ["110"]}, "111": {"index": 111, "var_name": "111", "api": "convolutional", "attr_count": 7, "_input_count": 6, "_output_count": 1, "dim": [16, 16, 256], "data_type": "float32", "bias": [256], "weight": [8, 256, 3, 3], "kernel": null, "in_var_name_list": ["110", "", "", "", "", ""], "out_var_name_list": ["111"]}, "112": {"index": 112, "var_name": "112", "api": "convolutional", "attr_count": 6, "_input_count": 6, "_output_count": 1, "dim": [16, 16, 256], "data_type": "float32", "bias": [2048], "weight": [256, 2048, 1, 1], "kernel": null, "in_var_name_list": ["111", "", "", "", "", ""], "out_var_name_list": ["112"]}, "113": {"index": 113, "var_name": "113", "api": "shortcut", "attr_count": 1, "_input_count": 1, "_output_count": 1, "dim": [16, 16, 2048], "data_type": "float32", "bias": null, "weight": null, "kernel": null, "in_var_name_list": ["112"], "out_var_name_list": ["113"]}, "114": {"index": 114, "var_name": "114", "api": "convolutional", "attr_count": 6, "_input_count": 6, "_output_count": 1, "dim": [16, 16, 2048], "data_type": "float32", "bias": [256], "weight": [2048, 256, 1, 1], "kernel": null, "in_var_name_list": ["113", "", "", "", "", ""], "out_var_name_list": ["114"]}, "115": {"index": 115, "var_name": "115", "api": "convolutional", "attr_count": 7, "_input_count": 6, "_output_count": 1, "dim": [16, 16, 256], "data_type": "float32", "bias": [256], "weight": [8, 256, 3, 3], "kernel": null, "in_var_name_list": ["114", "", "", "", "", ""], "out_var_name_list": ["115"]}, "116": {"index": 116, "var_name": "116", "api": "convolutional", "attr_count": 6, "_input_count": 6, "_output_count": 1, "dim": [16, 16, 256], "data_type": "float32", "bias": [2048], "weight": [256, 2048, 1, 1], "kernel": null, "in_var_name_list": ["115", "", "", "", "", ""], "out_var_name_list": ["116"]}, "117": {"index": 117, "var_name": "117", "api": "shortcut", "attr_count": 1, "_input_count": 1, "_output_count": 1, "dim": [16, 16, 2048], "data_type": "float32", "bias": null, "weight": null, "kernel": null, "in_var_name_list": ["116"], "out_var_name_list": ["117"]}, "118": {"index": 118, "var_name": "118", "api": "convolutional", "attr_count": 6, "_input_count": 6, "_output_count": 1, "dim": [16, 16, 2048], "data_type": "float32", "bias": [256], "weight": [2048, 256, 1, 1], "kernel": null, "in_var_name_list": ["117", "", "", "", "", ""], "out_var_name_list": ["118"]}, "119": {"index": 119, "var_name": "119", "api": "convolutional", "attr_count": 7, "_input_count": 6, "_output_count": 1, "dim": [16, 16, 256], "data_type": "float32", "bias": [256], "weight": [8, 256, 3, 3], "kernel": null, "in_var_name_list": ["118", "", "", "", "", ""], "out_var_name_list": ["119"]}, "120": {"index": 120, "var_name": "120", "api": "convolutional", "attr_count": 6, "_input_count": 6, "_output_count": 1, "dim": [16, 16, 256], "data_type": "float32", "bias": [2048], "weight": [256, 2048, 1, 1], "kernel": null, "in_var_name_list": ["119", "", "", "", "", ""], "out_var_name_list": ["120"]}, "121": {"index": 121, "var_name": "121", "api": "shortcut", "attr_count": 1, "_input_count": 1, "_output_count": 1, "dim": [16, 16, 2048], "data_type": "float32", "bias": null, "weight": null, "kernel": null, "in_var_name_list": ["120"], "out_var_name_list": ["121"]}, "122": {"index": 122, "var_name": "122", "api": "convolutional", "attr_count": 6, "_input_count": 6, "_output_count": 1, "dim": [16, 16, 2048], "data_type": "float32", "bias": [256], "weight": [2048, 256, 1, 1], "kernel": null, "in_var_name_list": ["121", "", "", "", "", ""], "out_var_name_list": ["122"]}, "123": {"index": 123, "var_name": "123", "api": "convolutional", "attr_count": 7, "_input_count": 6, "_output_count": 1, "dim": [16, 16, 256], "data_type": "float32", "bias": [256], "weight": [8, 256, 3, 3], "kernel": null, "in_var_name_list": ["122", "", "", "", "", ""], "out_var_name_list": ["123"]}, "124": {"index": 124, "var_name": "124", "api": "convolutional", "attr_count": 6, "_input_count": 6, "_output_count": 1, "dim": [16, 16, 256], "data_type": "float32", "bias": [2048], "weight": [256, 2048, 1, 1], "kernel": null, "in_var_name_list": ["123", "", "", "", "", ""], "out_var_name_list": ["124"]}, "125": {"index": 125, "var_name": "125", "api": "shortcut", "attr_count": 1, "_input_count": 1, "_output_count": 1, "dim": [16, 16, 2048], "data_type": "float32", "bias": null, "weight": null, "kernel": null, "in_var_name_list": ["124"], "out_var_name_list": ["125"]}, "126": {"index": 126, "var_name": "126", "api": "convolutional", "attr_count": 6, "_input_count": 6, "_output_count": 1, "dim": [16, 16, 2048], "data_type": "float32", "bias": [256], "weight": [2048, 256, 1, 1], "kernel": null, "in_var_name_list": ["125", "", "", "", "", ""], "out_var_name_list": ["126"]}, "127": {"index": 127, "var_name": "127", "api": "convolutional", "attr_count": 7, "_input_count": 6, "_output_count": 1, "dim": [16, 16, 256], "data_type": "float32", "bias": [256], "weight": [8, 256, 3, 3], "kernel": null, "in_var_name_list": ["126", "", "", "", "", ""], "out_var_name_list": ["127"]}, "128": {"index": 128, "var_name": "128", "api": "convolutional", "attr_count": 6, "_input_count": 6, "_output_count": 1, "dim": [16, 16, 256], "data_type": "float32", "bias": [2048], "weight": [256, 2048, 1, 1], "kernel": null, "in_var_name_list": ["127", "", "", "", "", ""], "out_var_name_list": ["128"]}, "129": {"index": 129, "var_name": "129", "api": "shortcut", "attr_count": 1, "_input_count": 1, "_output_count": 1, "dim": [16, 16, 2048], "data_type": "float32", "bias": null, "weight": null, "kernel": null, "in_var_name_list": ["128"], "out_var_name_list": ["129"]}, "130": {"index": 130, "var_name": "130", "api": "convolutional", "attr_count": 6, "_input_count": 6, "_output_count": 1, "dim": [16, 16, 2048], "data_type": "float32", "bias": [256], "weight": [2048, 256, 1, 1], "kernel": null, "in_var_name_list": ["129", "", "", "", "", ""], "out_var_name_list": ["130"]}, "131": {"index": 131, "var_name": "131", "api": "convolutional", "attr_count": 7, "_input_count": 6, "_output_count": 1, "dim": [16, 16, 256], "data_type": "float32", "bias": [256], "weight": [8, 256, 3, 3], "kernel": null, "in_var_name_list": ["130", "", "", "", "", ""], "out_var_name_list": ["131"]}, "132": {"index": 132, "var_name": "132", "api": "convolutional", "attr_count": 6, "_input_count": 6, "_output_count": 1, "dim": [16, 16, 256], "data_type": "float32", "bias": [2048], "weight": [256, 2048, 1, 1], "kernel": null, "in_var_name_list": ["131", "", "", "", "", ""], "out_var_name_list": ["132"]}, "133": {"index": 133, "var_name": "133", "api": "shortcut", "attr_count": 1, "_input_count": 1, "_output_count": 1, "dim": [16, 16, 2048], "data_type": "float32", "bias": null, "weight": null, "kernel": null, "in_var_name_list": ["132"], "out_var_name_list": ["133"]}, "134": {"index": 134, "var_name": "134", "api": "convolutional", "attr_count": 6, "_input_count": 6, "_output_count": 1, "dim": [16, 16, 2048], "data_type": "float32", "bias": [256], "weight": [2048, 256, 1, 1], "kernel": null, "in_var_name_list": ["133", "", "", "", "", ""], "out_var_name_list": ["134"]}, "135": {"index": 135, "var_name": "135", "api": "convolutional", "attr_count": 7, "_input_count": 6, "_output_count": 1, "dim": [16, 16, 256], "data_type": "float32", "bias": [256], "weight": [8, 256, 3, 3], "kernel": null, "in_var_name_list": ["134", "", "", "", "", ""], "out_var_name_list": ["135"]}, "136": {"index": 136, "var_name": "136", "api": "convolutional", "attr_count": 6, "_input_count": 6, "_output_count": 1, "dim": [16, 16, 256], "data_type": "float32", "bias": [2048], "weight": [256, 2048, 1, 1], "kernel": null, "in_var_name_list": ["135", "", "", "", "", ""], "out_var_name_list": ["136"]}, "137": {"index": 137, "var_name": "137", "api": "shortcut", "attr_count": 1, "_input_count": 1, "_output_count": 1, "dim": [16, 16, 2048], "data_type": "float32", "bias": null, "weight": null, "kernel": null, "in_var_name_list": ["136"], "out_var_name_list": ["137"]}, "138": {"index": 138, "var_name": "138", "api": "convolutional", "attr_count": 6, "_input_count": 6, "_output_count": 1, "dim": [16, 16, 2048], "data_type": "float32", "bias": [256], "weight": [2048, 256, 1, 1], "kernel": null, "in_var_name_list": ["137", "", "", "", "", ""], "out_var_name_list": ["138"]}, "139": {"index": 139, "var_name": "139", "api": "convolutional", "attr_count": 7, "_input_count": 6, "_output_count": 1, "dim": [16, 16, 256], "data_type": "float32", "bias": [256], "weight": [8, 256, 3, 3], "kernel": null, "in_var_name_list": ["138", "", "", "", "", ""], "out_var_name_list": ["139"]}, "140": {"index": 140, "var_name": "140", "api": "convolutional", "attr_count": 6, "_input_count": 6, "_output_count": 1, "dim": [16, 16, 256], "data_type": "float32", "bias": [2048], "weight": [256, 2048, 1, 1], "kernel": null, "in_var_name_list": ["139", "", "", "", "", ""], "out_var_name_list": ["140"]}, "141": {"index": 141, "var_name": "141", "api": "shortcut", "attr_count": 1, "_input_count": 1, "_output_count": 1, "dim": [16, 16, 2048], "data_type": "float32", "bias": null, "weight": null, "kernel": null, "in_var_name_list": ["140"], "out_var_name_list": ["141"]}, "142": {"index": 142, "var_name": "142", "api": "convolutional", "attr_count": 6, "_input_count": 6, "_output_count": 1, "dim": [16, 16, 2048], "data_type": "float32", "bias": [256], "weight": [2048, 256, 1, 1], "kernel": null, "in_var_name_list": ["141", "", "", "", "", ""], "out_var_name_list": ["142"]}, "143": {"index": 143, "var_name": "143", "api": "convolutional", "attr_count": 7, "_input_count": 6, "_output_count": 1, "dim": [16, 16, 256], "data_type": "float32", "bias": [256], "weight": [8, 256, 3, 3], "kernel": null, "in_var_name_list": ["142", "", "", "", "", ""], "out_var_name_list": ["143"]}, "144": {"index": 144, "var_name": "144", "api": "convolutional", "attr_count": 6, "_input_count": 6, "_output_count": 1, "dim": [16, 16, 256], "data_type": "float32", "bias": [2048], "weight": [256, 2048, 1, 1], "kernel": null, "in_var_name_list": ["143", "", "", "", "", ""], "out_var_name_list": ["144"]}, "145": {"index": 145, "var_name": "145", "api": "shortcut", "attr_count": 1, "_input_count": 1, "_output_count": 1, "dim": [16, 16, 2048], "data_type": "float32", "bias": null, "weight": null, "kernel": null, "in_var_name_list": ["144"], "out_var_name_list": ["145"]}, "146": {"index": 146, "var_name": "146", "api": "convolutional", "attr_count": 6, "_input_count": 6, "_output_count": 1, "dim": [16, 16, 2048], "data_type": "float32", "bias": [256], "weight": [2048, 256, 1, 1], "kernel": null, "in_var_name_list": ["145", "", "", "", "", ""], "out_var_name_list": ["146"]}, "147": {"index": 147, "var_name": "147", "api": "convolutional", "attr_count": 7, "_input_count": 6, "_output_count": 1, "dim": [16, 16, 256], "data_type": "float32", "bias": [256], "weight": [8, 256, 3, 3], "kernel": null, "in_var_name_list": ["146", "", "", "", "", ""], "out_var_name_list": ["147"]}, "148": {"index": 148, "var_name": "148", "api": "convolutional", "attr_count": 6, "_input_count": 6, "_output_count": 1, "dim": [16, 16, 256], "data_type": "float32", "bias": [2048], "weight": [256, 2048, 1, 1], "kernel": null, "in_var_name_list": ["147", "", "", "", "", ""], "out_var_name_list": ["148"]}, "149": {"index": 149, "var_name": "149", "api": "shortcut", "attr_count": 1, "_input_count": 1, "_output_count": 1, "dim": [16, 16, 2048], "data_type": "float32", "bias": null, "weight": null, "kernel": null, "in_var_name_list": ["148"], "out_var_name_list": ["149"]}, "150": {"index": 150, "var_name": "150", "api": "convolutional", "attr_count": 6, "_input_count": 6, "_output_count": 1, "dim": [16, 16, 2048], "data_type": "float32", "bias": [256], "weight": [2048, 256, 1, 1], "kernel": null, "in_var_name_list": ["149", "", "", "", "", ""], "out_var_name_list": ["150"]}, "151": {"index": 151, "var_name": "151", "api": "convolutional", "attr_count": 7, "_input_count": 6, "_output_count": 1, "dim": [16, 16, 256], "data_type": "float32", "bias": [256], "weight": [8, 256, 3, 3], "kernel": null, "in_var_name_list": ["150", "", "", "", "", ""], "out_var_name_list": ["151"]}, "152": {"index": 152, "var_name": "152", "api": "convolutional", "attr_count": 6, "_input_count": 6, "_output_count": 1, "dim": [16, 16, 256], "data_type": "float32", "bias": [2048], "weight": [256, 2048, 1, 1], "kernel": null, "in_var_name_list": ["151", "", "", "", "", ""], "out_var_name_list": ["152"]}, "153": {"index": 153, "var_name": "153", "api": "shortcut", "attr_count": 1, "_input_count": 1, "_output_count": 1, "dim": [16, 16, 2048], "data_type": "float32", "bias": null, "weight": null, "kernel": null, "in_var_name_list": ["152"], "out_var_name_list": ["153"]}, "154": {"index": 154, "var_name": "154", "api": "convolutional", "attr_count": 6, "_input_count": 6, "_output_count": 1, "dim": [16, 16, 2048], "data_type": "float32", "bias": [256], "weight": [2048, 256, 1, 1], "kernel": null, "in_var_name_list": ["153", "", "", "", "", ""], "out_var_name_list": ["154"]}, "155": {"index": 155, "var_name": "155", "api": "convolutional", "attr_count": 7, "_input_count": 6, "_output_count": 1, "dim": [16, 16, 256], "data_type": "float32", "bias": [256], "weight": [8, 256, 3, 3], "kernel": null, "in_var_name_list": ["154", "", "", "", "", ""], "out_var_name_list": ["155"]}, "156": {"index": 156, "var_name": "156", "api": "convolutional", "attr_count": 6, "_input_count": 6, "_output_count": 1, "dim": [16, 16, 256], "data_type": "float32", "bias": [2048], "weight": [256, 2048, 1, 1], "kernel": null, "in_var_name_list": ["155", "", "", "", "", ""], "out_var_name_list": ["156"]}, "157": {"index": 157, "var_name": "157", "api": "shortcut", "attr_count": 1, "_input_count": 1, "_output_count": 1, "dim": [16, 16, 2048], "data_type": "float32", "bias": null, "weight": null, "kernel": null, "in_var_name_list": ["156"], "out_var_name_list": ["157"]}, "158": {"index": 158, "var_name": "158", "api": "convolutional", "attr_count": 6, "_input_count": 6, "_output_count": 1, "dim": [16, 16, 2048], "data_type": "float32", "bias": [256], "weight": [2048, 256, 1, 1], "kernel": null, "in_var_name_list": ["157", "", "", "", "", ""], "out_var_name_list": ["158"]}, "159": {"index": 159, "var_name": "159", "api": "convolutional", "attr_count": 7, "_input_count": 6, "_output_count": 1, "dim": [16, 16, 256], "data_type": "float32", "bias": [256], "weight": [8, 256, 3, 3], "kernel": null, "in_var_name_list": ["158", "", "", "", "", ""], "out_var_name_list": ["159"]}, "160": {"index": 160, "var_name": "160", "api": "convolutional", "attr_count": 6, "_input_count": 6, "_output_count": 1, "dim": [16, 16, 256], "data_type": "float32", "bias": [2048], "weight": [256, 2048, 1, 1], "kernel": null, "in_var_name_list": ["159", "", "", "", "", ""], "out_var_name_list": ["160"]}, "161": {"index": 161, "var_name": "161", "api": "shortcut", "attr_count": 1, "_input_count": 1, "_output_count": 1, "dim": [16, 16, 2048], "data_type": "float32", "bias": null, "weight": null, "kernel": null, "in_var_name_list": ["160"], "out_var_name_list": ["161"]}, "162": {"index": 162, "var_name": "162", "api": "convolutional", "attr_count": 6, "_input_count": 6, "_output_count": 1, "dim": [16, 16, 2048], "data_type": "float32", "bias": [256], "weight": [2048, 256, 1, 1], "kernel": null, "in_var_name_list": ["161", "", "", "", "", ""], "out_var_name_list": ["162"]}, "163": {"index": 163, "var_name": "163", "api": "convolutional", "attr_count": 7, "_input_count": 6, "_output_count": 1, "dim": [16, 16, 256], "data_type": "float32", "bias": [256], "weight": [8, 256, 3, 3], "kernel": null, "in_var_name_list": ["162", "", "", "", "", ""], "out_var_name_list": ["163"]}, "164": {"index": 164, "var_name": "164", "api": "convolutional", "attr_count": 6, "_input_count": 6, "_output_count": 1, "dim": [16, 16, 256], "data_type": "float32", "bias": [2048], "weight": [256, 2048, 1, 1], "kernel": null, "in_var_name_list": ["163", "", "", "", "", ""], "out_var_name_list": ["164"]}, "165": {"index": 165, "var_name": "165", "api": "shortcut", "attr_count": 1, "_input_count": 1, "_output_count": 1, "dim": [16, 16, 2048], "data_type": "float32", "bias": null, "weight": null, "kernel": null, "in_var_name_list": ["164"], "out_var_name_list": ["165"]}, "166": {"index": 166, "var_name": "166", "api": "convolutional", "attr_count": 6, "_input_count": 6, "_output_count": 1, "dim": [16, 16, 2048], "data_type": "float32", "bias": [256], "weight": [2048, 256, 1, 1], "kernel": null, "in_var_name_list": ["165", "", "", "", "", ""], "out_var_name_list": ["166"]}, "167": {"index": 167, "var_name": "167", "api": "convolutional", "attr_count": 7, "_input_count": 6, "_output_count": 1, "dim": [16, 16, 256], "data_type": "float32", "bias": [256], "weight": [8, 256, 3, 3], "kernel": null, "in_var_name_list": ["166", "", "", "", "", ""], "out_var_name_list": ["167"]}, "168": {"index": 168, "var_name": "168", "api": "convolutional", "attr_count": 6, "_input_count": 6, "_output_count": 1, "dim": [16, 16, 256], "data_type": "float32", "bias": [2048], "weight": [256, 2048, 1, 1], "kernel": null, "in_var_name_list": ["167", "", "", "", "", ""], "out_var_name_list": ["168"]}, "169": {"index": 169, "var_name": "169", "api": "shortcut", "attr_count": 1, "_input_count": 1, "_output_count": 1, "dim": [16, 16, 2048], "data_type": "float32", "bias": null, "weight": null, "kernel": null, "in_var_name_list": ["168"], "out_var_name_list": ["169"]}, "170": {"index": 170, "var_name": "170", "api": "convolutional", "attr_count": 6, "_input_count": 6, "_output_count": 1, "dim": [16, 16, 2048], "data_type": "float32", "bias": [256], "weight": [2048, 256, 1, 1], "kernel": null, "in_var_name_list": ["169", "", "", "", "", ""], "out_var_name_list": ["170"]}, "171": {"index": 171, "var_name": "171", "api": "convolutional", "attr_count": 7, "_input_count": 6, "_output_count": 1, "dim": [16, 16, 256], "data_type": "float32", "bias": [256], "weight": [8, 256, 3, 3], "kernel": null, "in_var_name_list": ["170", "", "", "", "", ""], "out_var_name_list": ["171"]}, "172": {"index": 172, "var_name": "172", "api": "convolutional", "attr_count": 6, "_input_count": 6, "_output_count": 1, "dim": [16, 16, 256], "data_type": "float32", "bias": [2048], "weight": [256, 2048, 1, 1], "kernel": null, "in_var_name_list": ["171", "", "", "", "", ""], "out_var_name_list": ["172"]}, "173": {"index": 173, "var_name": "173", "api": "shortcut", "attr_count": 1, "_input_count": 1, "_output_count": 1, "dim": [16, 16, 2048], "data_type": "float32", "bias": null, "weight": null, "kernel": null, "in_var_name_list": ["172"], "out_var_name_list": ["173"]}, "174": {"index": 174, "var_name": "174", "api": "convolutional", "attr_count": 6, "_input_count": 6, "_output_count": 1, "dim": [16, 16, 2048], "data_type": "float32", "bias": [256], "weight": [2048, 256, 1, 1], "kernel": null, "in_var_name_list": ["173", "", "", "", "", ""], "out_var_name_list": ["174"]}, "175": {"index": 175, "var_name": "175", "api": "convolutional", "attr_count": 7, "_input_count": 6, "_output_count": 1, "dim": [16, 16, 256], "data_type": "float32", "bias": [256], "weight": [8, 256, 3, 3], "kernel": null, "in_var_name_list": ["174", "", "", "", "", ""], "out_var_name_list": ["175"]}, "176": {"index": 176, "var_name": "176", "api": "convolutional", "attr_count": 6, "_input_count": 6, "_output_count": 1, "dim": [16, 16, 256], "data_type": "float32", "bias": [2048], "weight": [256, 2048, 1, 1], "kernel": null, "in_var_name_list": ["175", "", "", "", "", ""], "out_var_name_list": ["176"]}, "177": {"index": 177, "var_name": "177", "api": "shortcut", "attr_count": 1, "_input_count": 1, "_output_count": 1, "dim": [16, 16, 2048], "data_type": "float32", "bias": null, "weight": null, "kernel": null, "in_var_name_list": ["176"], "out_var_name_list": ["177"]}, "178": {"index": 178, "var_name": "178", "api": "convolutional", "attr_count": 6, "_input_count": 6, "_output_count": 1, "dim": [16, 16, 2048], "data_type": "float32", "bias": [256], "weight": [2048, 256, 1, 1], "kernel": null, "in_var_name_list": ["177", "", "", "", "", ""], "out_var_name_list": ["178"]}, "179": {"index": 179, "var_name": "179", "api": "convolutional", "attr_count": 7, "_input_count": 6, "_output_count": 1, "dim": [16, 16, 256], "data_type": "float32", "bias": [256], "weight": [8, 256, 3, 3], "kernel": null, "in_var_name_list": ["178", "", "", "", "", ""], "out_var_name_list": ["179"]}, "180": {"index": 180, "var_name": "180", "api": "convolutional", "attr_count": 6, "_input_count": 6, "_output_count": 1, "dim": [16, 16, 256], "data_type": "float32", "bias": [2048], "weight": [256, 2048, 1, 1], "kernel": null, "in_var_name_list": ["179", "", "", "", "", ""], "out_var_name_list": ["180"]}, "181": {"index": 181, "var_name": "181", "api": "shortcut", "attr_count": 1, "_input_count": 1, "_output_count": 1, "dim": [16, 16, 2048], "data_type": "float32", "bias": null, "weight": null, "kernel": null, "in_var_name_list": ["180"], "out_var_name_list": ["181"]}, "182": {"index": 182, "var_name": "182", "api": "convolutional", "attr_count": 6, "_input_count": 6, "_output_count": 1, "dim": [16, 16, 2048], "data_type": "float32", "bias": [256], "weight": [2048, 256, 1, 1], "kernel": null, "in_var_name_list": ["181", "", "", "", "", ""], "out_var_name_list": ["182"]}, "183": {"index": 183, "var_name": "183", "api": "convolutional", "attr_count": 7, "_input_count": 6, "_output_count": 1, "dim": [16, 16, 256], "data_type": "float32", "bias": [256], "weight": [8, 256, 3, 3], "kernel": null, "in_var_name_list": ["182", "", "", "", "", ""], "out_var_name_list": ["183"]}, "184": {"index": 184, "var_name": "184", "api": "convolutional", "attr_count": 6, "_input_count": 6, "_output_count": 1, "dim": [16, 16, 256], "data_type": "float32", "bias": [2048], "weight": [256, 2048, 1, 1], "kernel": null, "in_var_name_list": ["183", "", "", "", "", ""], "out_var_name_list": ["184"]}, "185": {"index": 185, "var_name": "185", "api": "shortcut", "attr_count": 1, "_input_count": 1, "_output_count": 1, "dim": [16, 16, 2048], "data_type": "float32", "bias": null, "weight": null, "kernel": null, "in_var_name_list": ["184"], "out_var_name_list": ["185"]}, "186": {"index": 186, "var_name": "186", "api": "convolutional", "attr_count": 6, "_input_count": 6, "_output_count": 1, "dim": [16, 16, 2048], "data_type": "float32", "bias": [256], "weight": [2048, 256, 1, 1], "kernel": null, "in_var_name_list": ["185", "", "", "", "", ""], "out_var_name_list": ["186"]}, "187": {"index": 187, "var_name": "187", "api": "convolutional", "attr_count": 7, "_input_count": 6, "_output_count": 1, "dim": [16, 16, 256], "data_type": "float32", "bias": [256], "weight": [8, 256, 3, 3], "kernel": null, "in_var_name_list": ["186", "", "", "", "", ""], "out_var_name_list": ["187"]}, "188": {"index": 188, "var_name": "188", "api": "convolutional", "attr_count": 6, "_input_count": 6, "_output_count": 1, "dim": [16, 16, 256], "data_type": "float32", "bias": [2048], "weight": [256, 2048, 1, 1], "kernel": null, "in_var_name_list": ["187", "", "", "", "", ""], "out_var_name_list": ["188"]}, "189": {"index": 189, "var_name": "189", "api": "shortcut", "attr_count": 1, "_input_count": 1, "_output_count": 1, "dim": [16, 16, 2048], "data_type": "float32", "bias": null, "weight": null, "kernel": null, "in_var_name_list": ["188"], "out_var_name_list": ["189"]}, "190": {"index": 190, "var_name": "190", "api": "convolutional", "attr_count": 6, "_input_count": 6, "_output_count": 1, "dim": [16, 16, 2048], "data_type": "float32", "bias": [512], "weight": [2048, 512, 1, 1], "kernel": null, "in_var_name_list": ["189", "", "", "", "", ""], "out_var_name_list": ["190"]}, "191": {"index": 191, "var_name": "191", "api": "convolutional", "attr_count": 7, "_input_count": 6, "_output_count": 1, "dim": [16, 16, 512], "data_type": "float32", "bias": [512], "weight": [16, 512, 3, 3], "kernel": null, "in_var_name_list": ["190", "", "", "", "", ""], "out_var_name_list": ["191"]}, "192": {"index": 192, "var_name": "192", "api": "convolutional", "attr_count": 6, "_input_count": 6, "_output_count": 1, "dim": [8, 8, 512], "data_type": "float32", "bias": [4096], "weight": [512, 4096, 1, 1], "kernel": null, "in_var_name_list": ["191", "", "", "", "", ""], "out_var_name_list": ["192"]}, "193": {"index": 193, "var_name": "193", "api": "shortcut", "attr_count": 1, "_input_count": 1, "_output_count": 1, "dim": [8, 8, 4096], "data_type": "float32", "bias": null, "weight": null, "kernel": null, "in_var_name_list": ["192"], "out_var_name_list": ["193"]}, "194": {"index": 194, "var_name": "194", "api": "convolutional", "attr_count": 6, "_input_count": 6, "_output_count": 1, "dim": [8, 8, 4096], "data_type": "float32", "bias": [512], "weight": [4096, 512, 1, 1], "kernel": null, "in_var_name_list": ["193", "", "", "", "", ""], "out_var_name_list": ["194"]}, "195": {"index": 195, "var_name": "195", "api": "convolutional", "attr_count": 7, "_input_count": 6, "_output_count": 1, "dim": [8, 8, 512], "data_type": "float32", "bias": [512], "weight": [16, 512, 3, 3], "kernel": null, "in_var_name_list": ["194", "", "", "", "", ""], "out_var_name_list": ["195"]}, "196": {"index": 196, "var_name": "196", "api": "convolutional", "attr_count": 6, "_input_count": 6, "_output_count": 1, "dim": [8, 8, 512], "data_type": "float32", "bias": [4096], "weight": [512, 4096, 1, 1], "kernel": null, "in_var_name_list": ["195", "", "", "", "", ""], "out_var_name_list": ["196"]}, "197": {"index": 197, "var_name": "197", "api": "shortcut", "attr_count": 1, "_input_count": 1, "_output_count": 1, "dim": [8, 8, 4096], "data_type": "float32", "bias": null, "weight": null, "kernel": null, "in_var_name_list": ["196"], "out_var_name_list": ["197"]}, "198": {"index": 198, "var_name": "198", "api": "convolutional", "attr_count": 6, "_input_count": 6, "_output_count": 1, "dim": [8, 8, 4096], "data_type": "float32", "bias": [512], "weight": [4096, 512, 1, 1], "kernel": null, "in_var_name_list": ["197", "", "", "", "", ""], "out_var_name_list": ["198"]}, "199": {"index": 199, "var_name": "199", "api": "convolutional", "attr_count": 7, "_input_count": 6, "_output_count": 1, "dim": [8, 8, 512], "data_type": "float32", "bias": [512], "weight": [16, 512, 3, 3], "kernel": null, "in_var_name_list": ["198", "", "", "", "", ""], "out_var_name_list": ["199"]}, "200": {"index": 200, "var_name": "200", "api": "convolutional", "attr_count": 6, "_input_count": 6, "_output_count": 1, "dim": [8, 8, 512], "data_type": "float32", "bias": [4096], "weight": [512, 4096, 1, 1], "kernel": null, "in_var_name_list": ["199", "", "", "", "", ""], "out_var_name_list": ["200"]}, "201": {"index": 201, "var_name": "201", "api": "shortcut", "attr_count": 1, "_input_count": 1, "_output_count": 1, "dim": [8, 8, 4096], "data_type": "float32", "bias": null, "weight": null, "kernel": null, "in_var_name_list": ["200"], "out_var_name_list": ["201"]}, "202": {"index": 202, "var_name": "202", "api": "avgpool", "attr_count": 0, "_input_count": 1, "_output_count": 1, "dim": [8, 8, 4096], "data_type": "float32", "bias": null, "weight": null, "kernel": null, "in_var_name_list": ["201"], "out_var_name_list": ["202"]}, "203": {"index": 203, "var_name": "203", "api": "convolutional", "attr_count": 5, "_input_count": 3, "_output_count": 1, "dim": [1, 1, 4096], "data_type": "float32", "bias": [1000], "weight": [4096, 1000, 1, 1], "kernel": null, "in_var_name_list": ["202", "", ""], "out_var_name_list": ["203"]}, "204": {"index": 204, "var_name": "204", "api": "softmax", "attr_count": 1, "_input_count": 1, "_output_count": 1, "dim": [1, 1, 1000], "data_type": "float32", "bias": null, "weight": null, "kernel": null, "in_var_name_list": ["203"], "out_var_name_list": ["204"]}}, "node_count": 205, "edge_list": [{"from": ["73", "shortcut"], "to": ["74", "convolutional"]}, {"from": ["48", "convolutional"], "to": ["49", "shortcut"]}, {"from": ["20", "convolutional"], "to": ["21", "shortcut"]}, {"from": ["92", "convolutional"], "to": ["93", "shortcut"]}, {"from": ["131", "convolutional"], "to": ["132", "convolutional"]}, {"from": ["143", "convolutional"], "to": ["144", "convolutional"]}, {"from": ["45", "shortcut"], "to": ["46", "convolutional"]}, {"from": ["74", "convolutional"], "to": ["75", "convolutional"]}, {"from": ["116", "convolutional"], "to": ["117", "shortcut"]}, {"from": ["142", "convolutional"], "to": ["143", "convolutional"]}, {"from": ["201", "shortcut"], "to": ["202", "avgpool"]}, {"from": ["200", "convolutional"], "to": ["201", "shortcut"]}, {"from": ["111", "convolutional"], "to": ["112", "convolutional"]}, {"from": ["19", "convolutional"], "to": ["20", "convolutional"]}, {"from": ["42", "convolutional"], "to": ["43", "convolutional"]}, {"from": ["167", "convolutional"], "to": ["168", "convolutional"]}, {"from": ["182", "convolutional"], "to": ["183", "convolutional"]}, {"from": ["192", "convolutional"], "to": ["193", "shortcut"]}, {"from": ["146", "convolutional"], "to": ["147", "convolutional"]}, {"from": ["137", "shortcut"], "to": ["138", "convolutional"]}, {"from": ["12", "convolutional"], "to": ["13", "shortcut"]}, {"from": ["99", "convolutional"], "to": ["100", "convolutional"]}, {"from": ["112", "convolutional"], "to": ["113", "shortcut"]}, {"from": ["31", "convolutional"], "to": ["32", "convolutional"]}, {"from": ["32", "convolutional"], "to": ["33", "shortcut"]}, {"from": ["139", "convolutional"], "to": ["140", "convolutional"]}, {"from": ["10", "convolutional"], "to": ["11", "convolutional"]}, {"from": ["132", "convolutional"], "to": ["133", "shortcut"]}, {"from": ["177", "shortcut"], "to": ["178", "convolutional"]}, {"from": ["43", "convolutional"], "to": ["44", "convolutional"]}, {"from": ["98", "convolutional"], "to": ["99", "convolutional"]}, {"from": ["161", "shortcut"], "to": ["162", "convolutional"]}, {"from": ["190", "convolutional"], "to": ["191", "convolutional"]}, {"from": ["193", "shortcut"], "to": ["194", "convolutional"]}, {"from": ["168", "convolutional"], "to": ["169", "shortcut"]}, {"from": ["121", "shortcut"], "to": ["122", "convolutional"]}, {"from": ["69", "shortcut"], "to": ["70", "convolutional"]}, {"from": ["77", "shortcut"], "to": ["78", "convolutional"]}, {"from": ["84", "convolutional"], "to": ["85", "shortcut"]}, {"from": ["88", "convolutional"], "to": ["89", "shortcut"]}, {"from": ["0", "convolutional"], "to": ["1", "maxpool"]}, {"from": ["58", "convolutional"], "to": ["59", "convolutional"]}, {"from": ["101", "shortcut"], "to": ["102", "convolutional"]}, {"from": ["4", "convolutional"], "to": ["5", "shortcut"]}, {"from": ["158", "convolutional"], "to": ["159", "convolutional"]}, {"from": ["145", "shortcut"], "to": ["146", "convolutional"]}, {"from": ["188", "convolutional"], "to": ["189", "shortcut"]}, {"from": ["117", "shortcut"], "to": ["118", "convolutional"]}, {"from": ["150", "convolutional"], "to": ["151", "convolutional"]}, {"from": ["54", "convolutional"], "to": ["55", "convolutional"]}, {"from": ["134", "convolutional"], "to": ["135", "convolutional"]}, {"from": ["129", "shortcut"], "to": ["130", "convolutional"]}, {"from": ["155", "convolutional"], "to": ["156", "convolutional"]}, {"from": ["171", "convolutional"], "to": ["172", "convolutional"]}, {"from": ["8", "convolutional"], "to": ["9", "shortcut"]}, {"from": ["110", "convolutional"], "to": ["111", "convolutional"]}, {"from": ["41", "shortcut"], "to": ["42", "convolutional"]}, {"from": ["109", "shortcut"], "to": ["110", "convolutional"]}, {"from": ["178", "convolutional"], "to": ["179", "convolutional"]}, {"from": ["22", "convolutional"], "to": ["23", "convolutional"]}, {"from": ["81", "shortcut"], "to": ["82", "convolutional"]}, {"from": ["90", "convolutional"], "to": ["91", "convolutional"]}, {"from": ["21", "shortcut"], "to": ["22", "convolutional"]}, {"from": ["28", "convolutional"], "to": ["29", "shortcut"]}, {"from": ["11", "convolutional"], "to": ["12", "convolutional"]}, {"from": ["55", "convolutional"], "to": ["56", "convolutional"]}, {"from": ["25", "shortcut"], "to": ["26", "convolutional"]}, {"from": ["24", "convolutional"], "to": ["25", "shortcut"]}, {"from": ["195", "convolutional"], "to": ["196", "convolutional"]}, {"from": ["6", "convolutional"], "to": ["7", "convolutional"]}, {"from": ["103", "convolutional"], "to": ["104", "convolutional"]}, {"from": ["107", "convolutional"], "to": ["108", "convolutional"]}, {"from": ["79", "convolutional"], "to": ["80", "convolutional"]}, {"from": ["85", "shortcut"], "to": ["86", "convolutional"]}, {"from": ["186", "convolutional"], "to": ["187", "convolutional"]}, {"from": ["197", "shortcut"], "to": ["198", "convolutional"]}, {"from": ["35", "convolutional"], "to": ["36", "convolutional"]}, {"from": ["60", "convolutional"], "to": ["61", "shortcut"]}, {"from": ["136", "convolutional"], "to": ["137", "shortcut"]}, {"from": ["63", "convolutional"], "to": ["64", "convolutional"]}, {"from": ["86", "convolutional"], "to": ["87", "convolutional"]}, {"from": ["184", "convolutional"], "to": ["185", "shortcut"]}, {"from": ["108", "convolutional"], "to": ["109", "shortcut"]}, {"from": ["104", "convolutional"], "to": ["105", "shortcut"]}, {"from": ["122", "convolutional"], "to": ["123", "convolutional"]}, {"from": ["164", "convolutional"], "to": ["165", "shortcut"]}, {"from": ["166", "convolutional"], "to": ["167", "convolutional"]}, {"from": ["194", "convolutional"], "to": ["195", "convolutional"]}, {"from": ["83", "convolutional"], "to": ["84", "convolutional"]}, {"from": ["119", "convolutional"], "to": ["120", "convolutional"]}, {"from": ["105", "shortcut"], "to": ["106", "convolutional"]}, {"from": ["30", "convolutional"], "to": ["31", "convolutional"]}, {"from": ["50", "convolutional"], "to": ["51", "convolutional"]}, {"from": ["189", "shortcut"], "to": ["190", "convolutional"]}, {"from": ["2", "convolutional"], "to": ["3", "convolutional"]}, {"from": ["175", "convolutional"], "to": ["176", "convolutional"]}, {"from": ["62", "convolutional"], "to": ["63", "convolutional"]}, {"from": ["59", "convolutional"], "to": ["60", "convolutional"]}, {"from": ["39", "convolutional"], "to": ["40", "convolutional"]}, {"from": ["152", "convolutional"], "to": ["153", "shortcut"]}, {"from": ["113", "shortcut"], "to": ["114", "convolutional"]}, {"from": ["14", "convolutional"], "to": ["15", "convolutional"]}, {"from": ["47", "convolutional"], "to": ["48", "convolutional"]}, {"from": ["133", "shortcut"], "to": ["134", "convolutional"]}, {"from": ["66", "convolutional"], "to": ["67", "convolutional"]}, {"from": ["51", "convolutional"], "to": ["52", "convolutional"]}, {"from": ["34", "convolutional"], "to": ["35", "convolutional"]}, {"from": ["13", "shortcut"], "to": ["14", "convolutional"]}, {"from": ["67", "convolutional"], "to": ["68", "convolutional"]}, {"from": ["7", "convolutional"], "to": ["8", "convolutional"]}, {"from": ["46", "convolutional"], "to": ["47", "convolutional"]}, {"from": ["9", "shortcut"], "to": ["10", "convolutional"]}, {"from": ["3", "convolutional"], "to": ["4", "convolutional"]}, {"from": ["115", "convolutional"], "to": ["116", "convolutional"]}, {"from": ["181", "shortcut"], "to": ["182", "convolutional"]}, {"from": ["91", "convolutional"], "to": ["92", "convolutional"]}, {"from": ["138", "convolutional"], "to": ["139", "convolutional"]}, {"from": ["75", "convolutional"], "to": ["76", "convolutional"]}, {"from": ["153", "shortcut"], "to": ["154", "convolutional"]}, {"from": ["176", "convolutional"], "to": ["177", "shortcut"]}, {"from": ["198", "convolutional"], "to": ["199", "convolutional"]}, {"from": ["23", "convolutional"], "to": ["24", "convolutional"]}, {"from": ["118", "convolutional"], "to": ["119", "convolutional"]}, {"from": ["185", "shortcut"], "to": ["186", "convolutional"]}, {"from": ["120", "convolutional"], "to": ["121", "shortcut"]}, {"from": ["144", "convolutional"], "to": ["145", "shortcut"]}, {"from": ["1", "maxpool"], "to": ["2", "convolutional"]}, {"from": ["174", "convolutional"], "to": ["175", "convolutional"]}, {"from": ["106", "convolutional"], "to": ["107", "convolutional"]}, {"from": ["172", "convolutional"], "to": ["173", "shortcut"]}, {"from": ["95", "convolutional"], "to": ["96", "convolutional"]}, {"from": ["33", "shortcut"], "to": ["34", "convolutional"]}, {"from": ["29", "shortcut"], "to": ["30", "convolutional"]}, {"from": ["68", "convolutional"], "to": ["69", "shortcut"]}, {"from": ["196", "convolutional"], "to": ["197", "shortcut"]}, {"from": ["141", "shortcut"], "to": ["142", "convolutional"]}, {"from": ["187", "convolutional"], "to": ["188", "convolutional"]}, {"from": ["123", "convolutional"], "to": ["124", "convolutional"]}, {"from": ["140", "convolutional"], "to": ["141", "shortcut"]}, {"from": ["36", "convolutional"], "to": ["37", "shortcut"]}, {"from": ["163", "convolutional"], "to": ["164", "convolutional"]}, {"from": ["76", "convolutional"], "to": ["77", "shortcut"]}, {"from": ["15", "convolutional"], "to": ["16", "convolutional"]}, {"from": ["65", "shortcut"], "to": ["66", "convolutional"]}, {"from": ["16", "convolutional"], "to": ["17", "shortcut"]}, {"from": ["72", "convolutional"], "to": ["73", "shortcut"]}, {"from": ["93", "shortcut"], "to": ["94", "convolutional"]}, {"from": ["38", "convolutional"], "to": ["39", "convolutional"]}, {"from": ["64", "convolutional"], "to": ["65", "shortcut"]}, {"from": ["49", "shortcut"], "to": ["50", "convolutional"]}, {"from": ["94", "convolutional"], "to": ["95", "convolutional"]}, {"from": ["135", "convolutional"], "to": ["136", "convolutional"]}, {"from": ["180", "convolutional"], "to": ["181", "shortcut"]}, {"from": ["26", "convolutional"], "to": ["27", "convolutional"]}, {"from": ["125", "shortcut"], "to": ["126", "convolutional"]}, {"from": ["183", "convolutional"], "to": ["184", "convolutional"]}, {"from": ["87", "convolutional"], "to": ["88", "convolutional"]}, {"from": ["78", "convolutional"], "to": ["79", "convolutional"]}, {"from": ["57", "shortcut"], "to": ["58", "convolutional"]}, {"from": ["70", "convolutional"], "to": ["71", "convolutional"]}, {"from": ["17", "shortcut"], "to": ["18", "convolutional"]}, {"from": ["96", "convolutional"], "to": ["97", "shortcut"]}, {"from": ["126", "convolutional"], "to": ["127", "convolutional"]}, {"from": ["5", "shortcut"], "to": ["6", "convolutional"]}, {"from": ["130", "convolutional"], "to": ["131", "convolutional"]}, {"from": ["53", "shortcut"], "to": ["54", "convolutional"]}, {"from": ["89", "shortcut"], "to": ["90", "convolutional"]}, {"from": ["147", "convolutional"], "to": ["148", "convolutional"]}, {"from": ["124", "convolutional"], "to": ["125", "shortcut"]}, {"from": ["61", "shortcut"], "to": ["62", "convolutional"]}, {"from": ["148", "convolutional"], "to": ["149", "shortcut"]}, {"from": ["102", "convolutional"], "to": ["103", "convolutional"]}, {"from": ["97", "shortcut"], "to": ["98", "convolutional"]}, {"from": ["128", "convolutional"], "to": ["129", "shortcut"]}, {"from": ["173", "shortcut"], "to": ["174", "convolutional"]}, {"from": ["203", "convolutional"], "to": ["204", "softmax"]}, {"from": ["156", "convolutional"], "to": ["157", "shortcut"]}, {"from": ["80", "convolutional"], "to": ["81", "shortcut"]}, {"from": ["191", "convolutional"], "to": ["192", "convolutional"]}, {"from": ["149", "shortcut"], "to": ["150", "convolutional"]}, {"from": ["165", "shortcut"], "to": ["166", "convolutional"]}, {"from": ["27", "convolutional"], "to": ["28", "convolutional"]}, {"from": ["100", "convolutional"], "to": ["101", "shortcut"]}, {"from": ["157", "shortcut"], "to": ["158", "convolutional"]}, {"from": ["169", "shortcut"], "to": ["170", "convolutional"]}, {"from": ["56", "convolutional"], "to": ["57", "shortcut"]}, {"from": ["114", "convolutional"], "to": ["115", "convolutional"]}, {"from": ["40", "convolutional"], "to": ["41", "shortcut"]}, {"from": ["71", "convolutional"], "to": ["72", "convolutional"]}, {"from": ["159", "convolutional"], "to": ["160", "convolutional"]}, {"from": ["179", "convolutional"], "to": ["180", "convolutional"]}, {"from": ["199", "convolutional"], "to": ["200", "convolutional"]}, {"from": ["44", "convolutional"], "to": ["45", "shortcut"]}, {"from": ["82", "convolutional"], "to": ["83", "convolutional"]}, {"from": ["202", "avgpool"], "to": ["203", "convolutional"]}, {"from": ["37", "shortcut"], "to": ["38", "convolutional"]}, {"from": ["52", "convolutional"], "to": ["53", "shortcut"]}, {"from": ["151", "convolutional"], "to": ["152", "convolutional"]}, {"from": ["127", "convolutional"], "to": ["128", "convolutional"]}, {"from": ["18", "convolutional"], "to": ["19", "convolutional"]}, {"from": ["162", "convolutional"], "to": ["163", "convolutional"]}, {"from": ["160", "convolutional"], "to": ["161", "shortcut"]}, {"from": ["170", "convolutional"], "to": ["171", "convolutional"]}, {"from": ["154", "convolutional"], "to": ["155", "convolutional"]}], "edge_count": 204}