{"filename": "Jonashellevang__@@__Weapons_Detection_YOLOv3__@@__1__@@__alexnet.cfg", "original_file_size": 910, "netron_file_size": 12590, "input_dict": {"input": {"data_type": "float32", "dim": [227, 227, 3]}}, "output_dict": {}, "node_dict": {"0": {"index": 0, "var_name": "0", "api": "convolutional", "attr_count": 5, "_input_count": 3, "_output_count": 1, "dim": [227, 227, 3], "data_type": "float32", "bias": [96], "weight": [3, 96, 11, 11], "kernel": null, "in_var_name_list": ["input", "", ""], "out_var_name_list": ["0"]}, "1": {"index": 1, "var_name": "1", "api": "maxpool", "attr_count": 3, "_input_count": 1, "_output_count": 1, "dim": [55, 55, 96], "data_type": "float32", "bias": null, "weight": null, "kernel": null, "in_var_name_list": ["0"], "out_var_name_list": ["1"]}, "2": {"index": 2, "var_name": "2", "api": "convolutional", "attr_count": 5, "_input_count": 3, "_output_count": 1, "dim": [27, 27, 96], "data_type": "float32", "bias": [256], "weight": [96, 256, 5, 5], "kernel": null, "in_var_name_list": ["1", "", ""], "out_var_name_list": ["2"]}, "3": {"index": 3, "var_name": "3", "api": "maxpool", "attr_count": 3, "_input_count": 1, "_output_count": 1, "dim": [27, 27, 256], "data_type": "float32", "bias": null, "weight": null, "kernel": null, "in_var_name_list": ["2"], "out_var_name_list": ["3"]}, "4": {"index": 4, "var_name": "4", "api": "convolutional", "attr_count": 5, "_input_count": 3, "_output_count": 1, "dim": [13, 13, 256], "data_type": "float32", "bias": [384], "weight": [256, 384, 3, 3], "kernel": null, "in_var_name_list": ["3", "", ""], "out_var_name_list": ["4"]}, "5": {"index": 5, "var_name": "5", "api": "convolutional", "attr_count": 5, "_input_count": 3, "_output_count": 1, "dim": [13, 13, 384], "data_type": "float32", "bias": [384], "weight": [384, 384, 3, 3], "kernel": null, "in_var_name_list": ["4", "", ""], "out_var_name_list": ["5"]}, "6": {"index": 6, "var_name": "6", "api": "convolutional", "attr_count": 5, "_input_count": 3, "_output_count": 1, "dim": [13, 13, 384], "data_type": "float32", "bias": [256], "weight": [384, 256, 3, 3], "kernel": null, "in_var_name_list": ["5", "", ""], "out_var_name_list": ["6"]}, "7": {"index": 7, "var_name": "7", "api": "maxpool", "attr_count": 3, "_input_count": 1, "_output_count": 1, "dim": [13, 13, 256], "data_type": "float32", "bias": null, "weight": null, "kernel": null, "in_var_name_list": ["6"], "out_var_name_list": ["7"]}, "8": {"index": 8, "var_name": "8", "api": "connected", "attr_count": 2, "_input_count": 3, "_output_count": 1, "dim": [6, 6, 256], "data_type": "float32", "bias": [4096], "weight": [9216, 4096], "kernel": null, "in_var_name_list": ["7", "", ""], "out_var_name_list": ["8"]}, "9": {"index": 9, "var_name": "9", "api": "dropout", "attr_count": 1, "_input_count": 1, "_output_count": 1, "dim": [4096], "data_type": "float32", "bias": null, "weight": null, "kernel": null, "in_var_name_list": ["8"], "out_var_name_list": ["9"]}, "10": {"index": 10, "var_name": "10", "api": "connected", "attr_count": 2, "_input_count": 3, "_output_count": 1, "dim": [1, 1, 4096], "data_type": "float32", "bias": [4096], "weight": [4096, 4096], "kernel": null, "in_var_name_list": ["9", "", ""], "out_var_name_list": ["10"]}, "11": {"index": 11, "var_name": "11", "api": "dropout", "attr_count": 1, "_input_count": 1, "_output_count": 1, "dim": [4096], "data_type": "float32", "bias": null, "weight": null, "kernel": null, "in_var_name_list": ["10"], "out_var_name_list": ["11"]}, "12": {"index": 12, "var_name": "12", "api": "connected", "attr_count": 2, "_input_count": 3, "_output_count": 1, "dim": [1, 1, 4096], "data_type": "float32", "bias": [1000], "weight": [4096, 1000], "kernel": null, "in_var_name_list": ["11", "", ""], "out_var_name_list": ["12"]}, "13": {"index": 13, "var_name": "13", "api": "softmax", "attr_count": 1, "_input_count": 1, "_output_count": 1, "dim": [1000], "data_type": "float32", "bias": null, "weight": null, "kernel": null, "in_var_name_list": ["12"], "out_var_name_list": ["13"]}}, "node_count": 14, "edge_list": [{"from": ["4", "convolutional"], "to": ["5", "convolutional"]}, {"from": ["6", "convolutional"], "to": ["7", "maxpool"]}, {"from": ["10", "connected"], "to": ["11", "dropout"]}, {"from": ["7", "maxpool"], "to": ["8", "connected"]}, {"from": ["2", "convolutional"], "to": ["3", "maxpool"]}, {"from": ["3", "maxpool"], "to": ["4", "convolutional"]}, {"from": ["9", "dropout"], "to": ["10", "connected"]}, {"from": ["12", "connected"], "to": ["13", "softmax"]}, {"from": ["5", "convolutional"], "to": ["6", "convolutional"]}, {"from": ["1", "maxpool"], "to": ["2", "convolutional"]}, {"from": ["8", "connected"], "to": ["9", "dropout"]}, {"from": ["11", "dropout"], "to": ["12", "connected"]}, {"from": ["0", "convolutional"], "to": ["1", "maxpool"]}], "edge_count": 13}