{"filename": "lincaiming__@@__py-faster-rcnn-update__@@__35__@@__bvlc_caffenet_full_conv.prototxt", "original_file_size": 3180, "netron_file_size": 171839, "input_dict": {"data": {"data_type": 0, "dim": 0}}, "output_dict": {}, "node_dict": {"conv1": {"index": 0, "var_name": "conv1", "api": "Convolution", "attr_count": 5, "_input_count": 3, "_output_count": 1, "dim": null, "data_type": null, "bias": null, "weight": null, "kernel": null, "in_var_name_list": ["data", "filter", "bias"], "out_var_name_list": ["conv1"]}, "pool1": {"index": 1, "var_name": "pool1", "api": "Pooling", "attr_count": 2, "_input_count": 1, "_output_count": 1, "dim": null, "data_type": null, "bias": null, "weight": null, "kernel": null, "in_var_name_list": ["conv1"], "out_var_name_list": ["pool1"]}, "norm1": {"index": 2, "var_name": "norm1", "api": "LRN", "attr_count": 1, "_input_count": 1, "_output_count": 1, "dim": null, "data_type": null, "bias": null, "weight": null, "kernel": null, "in_var_name_list": ["pool1"], "out_var_name_list": ["norm1"]}, "conv2": {"index": 3, "var_name": "conv2", "api": "Convolution", "attr_count": 6, "_input_count": 3, "_output_count": 1, "dim": null, "data_type": null, "bias": null, "weight": null, "kernel": null, "in_var_name_list": ["norm1", "filter", "bias"], "out_var_name_list": ["conv2"]}, "pool2": {"index": 4, "var_name": "pool2", "api": "Pooling", "attr_count": 2, "_input_count": 1, "_output_count": 1, "dim": null, "data_type": null, "bias": null, "weight": null, "kernel": null, "in_var_name_list": ["conv2"], "out_var_name_list": ["pool2"]}, "norm2": {"index": 5, "var_name": "norm2", "api": "LRN", "attr_count": 1, "_input_count": 1, "_output_count": 1, "dim": null, "data_type": null, "bias": null, "weight": null, "kernel": null, "in_var_name_list": ["pool2"], "out_var_name_list": ["norm2"]}, "conv3": {"index": 6, "var_name": "conv3", "api": "Convolution", "attr_count": 5, "_input_count": 3, "_output_count": 1, "dim": null, "data_type": null, "bias": null, "weight": null, "kernel": null, "in_var_name_list": ["norm2", "filter", "bias"], "out_var_name_list": ["conv3"]}, "conv4": {"index": 7, "var_name": "conv4", "api": "Convolution", "attr_count": 6, "_input_count": 3, "_output_count": 1, "dim": null, "data_type": null, "bias": null, "weight": null, "kernel": null, "in_var_name_list": ["conv3", "filter", "bias"], "out_var_name_list": ["conv4"]}, "conv5": {"index": 8, "var_name": "conv5", "api": "Convolution", "attr_count": 6, "_input_count": 3, "_output_count": 1, "dim": null, "data_type": null, "bias": null, "weight": null, "kernel": null, "in_var_name_list": ["conv4", "filter", "bias"], "out_var_name_list": ["conv5"]}, "pool5": {"index": 9, "var_name": "pool5", "api": "Pooling", "attr_count": 2, "_input_count": 1, "_output_count": 1, "dim": null, "data_type": null, "bias": null, "weight": null, "kernel": null, "in_var_name_list": ["conv5"], "out_var_name_list": ["pool5"]}, "fc6-conv": {"index": 10, "var_name": "fc6-conv", "api": "Convolution", "attr_count": 5, "_input_count": 3, "_output_count": 1, "dim": null, "data_type": null, "bias": null, "weight": null, "kernel": null, "in_var_name_list": ["pool5", "filter", "bias"], "out_var_name_list": ["fc6-conv"]}, "fc7-conv": {"index": 11, "var_name": "fc7-conv", "api": "Convolution", "attr_count": 5, "_input_count": 3, "_output_count": 1, "dim": null, "data_type": null, "bias": null, "weight": null, "kernel": null, "in_var_name_list": ["fc6-conv", "filter", "bias"], "out_var_name_list": ["fc7-conv"]}, "fc8-conv": {"index": 12, "var_name": "fc8-conv", "api": "Convolution", "attr_count": 5, "_input_count": 3, "_output_count": 1, "dim": null, "data_type": null, "bias": null, "weight": null, "kernel": null, "in_var_name_list": ["fc7-conv", "filter", "bias"], "out_var_name_list": ["fc8-conv"]}, "prob": {"index": 13, "var_name": "prob", "api": "Softmax", "attr_count": 0, "_input_count": 1, "_output_count": 1, "dim": null, "data_type": null, "bias": null, "weight": null, "kernel": null, "in_var_name_list": ["fc8-conv"], "out_var_name_list": ["prob"]}}, "node_count": 14, "edge_list": [{"from": ["conv5", "Convolution"], "to": ["pool5", "Pooling"]}, {"from": ["fc6-conv", "Convolution"], "to": ["fc7-conv", "Convolution"]}, {"from": ["fc7-conv", "Convolution"], "to": ["fc8-conv", "Convolution"]}, {"from": ["conv2", "Convolution"], "to": ["pool2", "Pooling"]}, {"from": ["pool2", "Pooling"], "to": ["norm2", "LRN"]}, {"from": ["pool1", "Pooling"], "to": ["norm1", "LRN"]}, {"from": ["pool5", "Pooling"], "to": ["fc6-conv", "Convolution"]}, {"from": ["norm1", "LRN"], "to": ["conv2", "Convolution"]}, {"from": ["fc8-conv", "Convolution"], "to": ["prob", "Softmax"]}, {"from": ["norm2", "LRN"], "to": ["conv3", "Convolution"]}, {"from": ["conv3", "Convolution"], "to": ["conv4", "Convolution"]}, {"from": ["conv4", "Convolution"], "to": ["conv5", "Convolution"]}, {"from": ["conv1", "Convolution"], "to": ["pool1", "Pooling"]}], "edge_count": 13}