{"filename": "MohamedAbd0__@@__darkflow-training__@@__9__@@__yolo-2c.cfg", "original_file_size": 1384, "netron_file_size": 19093, "input_dict": {"input": {"data_type": "float32", "dim": [448, 448, 3]}}, "output_dict": {}, "node_dict": {"0": {"index": 0, "var_name": "0", "api": "crop", "attr_count": 6, "_input_count": 1, "_output_count": 1, "dim": [448, 448, 3], "data_type": "float32", "bias": null, "weight": null, "kernel": null, "in_var_name_list": ["input"], "out_var_name_list": ["0"]}, "1": {"index": 1, "var_name": "1", "api": "convolutional", "attr_count": 5, "_input_count": 3, "_output_count": 1, "dim": [448, 448, 3], "data_type": "float32", "bias": [16], "weight": [3, 16, 3, 3], "kernel": null, "in_var_name_list": ["0", "", ""], "out_var_name_list": ["1"]}, "2": {"index": 2, "var_name": "2", "api": "maxpool", "attr_count": 2, "_input_count": 1, "_output_count": 1, "dim": [448, 448, 16], "data_type": "float32", "bias": null, "weight": null, "kernel": null, "in_var_name_list": ["1"], "out_var_name_list": ["2"]}, "3": {"index": 3, "var_name": "3", "api": "convolutional", "attr_count": 5, "_input_count": 3, "_output_count": 1, "dim": [224, 224, 16], "data_type": "float32", "bias": [32], "weight": [16, 32, 3, 3], "kernel": null, "in_var_name_list": ["2", "", ""], "out_var_name_list": ["3"]}, "4": {"index": 4, "var_name": "4", "api": "maxpool", "attr_count": 2, "_input_count": 1, "_output_count": 1, "dim": [224, 224, 32], "data_type": "float32", "bias": null, "weight": null, "kernel": null, "in_var_name_list": ["3"], "out_var_name_list": ["4"]}, "5": {"index": 5, "var_name": "5", "api": "convolutional", "attr_count": 5, "_input_count": 3, "_output_count": 1, "dim": [112, 112, 32], "data_type": "float32", "bias": [64], "weight": [32, 64, 3, 3], "kernel": null, "in_var_name_list": ["4", "", ""], "out_var_name_list": ["5"]}, "6": {"index": 6, "var_name": "6", "api": "maxpool", "attr_count": 2, "_input_count": 1, "_output_count": 1, "dim": [112, 112, 64], "data_type": "float32", "bias": null, "weight": null, "kernel": null, "in_var_name_list": ["5"], "out_var_name_list": ["6"]}, "7": {"index": 7, "var_name": "7", "api": "convolutional", "attr_count": 5, "_input_count": 3, "_output_count": 1, "dim": [56, 56, 64], "data_type": "float32", "bias": [128], "weight": [64, 128, 3, 3], "kernel": null, "in_var_name_list": ["6", "", ""], "out_var_name_list": ["7"]}, "8": {"index": 8, "var_name": "8", "api": "maxpool", "attr_count": 2, "_input_count": 1, "_output_count": 1, "dim": [56, 56, 128], "data_type": "float32", "bias": null, "weight": null, "kernel": null, "in_var_name_list": ["7"], "out_var_name_list": ["8"]}, "9": {"index": 9, "var_name": "9", "api": "convolutional", "attr_count": 5, "_input_count": 3, "_output_count": 1, "dim": [28, 28, 128], "data_type": "float32", "bias": [256], "weight": [128, 256, 3, 3], "kernel": null, "in_var_name_list": ["8", "", ""], "out_var_name_list": ["9"]}, "10": {"index": 10, "var_name": "10", "api": "maxpool", "attr_count": 2, "_input_count": 1, "_output_count": 1, "dim": [28, 28, 256], "data_type": "float32", "bias": null, "weight": null, "kernel": null, "in_var_name_list": ["9"], "out_var_name_list": ["10"]}, "11": {"index": 11, "var_name": "11", "api": "convolutional", "attr_count": 5, "_input_count": 3, "_output_count": 1, "dim": [14, 14, 256], "data_type": "float32", "bias": [512], "weight": [256, 512, 3, 3], "kernel": null, "in_var_name_list": ["10", "", ""], "out_var_name_list": ["11"]}, "12": {"index": 12, "var_name": "12", "api": "maxpool", "attr_count": 2, "_input_count": 1, "_output_count": 1, "dim": [14, 14, 512], "data_type": "float32", "bias": null, "weight": null, "kernel": null, "in_var_name_list": ["11"], "out_var_name_list": ["12"]}, "13": {"index": 13, "var_name": "13", "api": "convolutional", "attr_count": 5, "_input_count": 3, "_output_count": 1, "dim": [7, 7, 512], "data_type": "float32", "bias": [1024], "weight": [512, 1024, 3, 3], "kernel": null, "in_var_name_list": ["12", "", ""], "out_var_name_list": ["13"]}, "14": {"index": 14, "var_name": "14", "api": "convolutional", "attr_count": 5, "_input_count": 3, "_output_count": 1, "dim": [7, 7, 1024], "data_type": "float32", "bias": [1024], "weight": [1024, 1024, 3, 3], "kernel": null, "in_var_name_list": ["13", "", ""], "out_var_name_list": ["14"]}, "15": {"index": 15, "var_name": "15", "api": "convolutional", "attr_count": 5, "_input_count": 3, "_output_count": 1, "dim": [7, 7, 1024], "data_type": "float32", "bias": [1024], "weight": [1024, 1024, 3, 3], "kernel": null, "in_var_name_list": ["14", "", ""], "out_var_name_list": ["15"]}, "16": {"index": 16, "var_name": "16", "api": "connected", "attr_count": 2, "_input_count": 3, "_output_count": 1, "dim": [7, 7, 1024], "data_type": "float32", "bias": [256], "weight": [50176, 256], "kernel": null, "in_var_name_list": ["15", "", ""], "out_var_name_list": ["16"]}, "17": {"index": 17, "var_name": "17", "api": "connected", "attr_count": 2, "_input_count": 3, "_output_count": 1, "dim": [256], "data_type": "float32", "bias": [4096], "weight": [256, 4096], "kernel": null, "in_var_name_list": ["16", "", ""], "out_var_name_list": ["17"]}, "18": {"index": 18, "var_name": "18", "api": "dropout", "attr_count": 1, "_input_count": 1, "_output_count": 1, "dim": [4096], "data_type": "float32", "bias": null, "weight": null, "kernel": null, "in_var_name_list": ["17"], "out_var_name_list": ["18"]}, "19": {"index": 19, "var_name": "19", "api": "select", "attr_count": 5, "_input_count": 1, "_output_count": 1, "dim": [1, 1, 4096], "data_type": "float32", "bias": null, "weight": null, "kernel": null, "in_var_name_list": ["18"], "out_var_name_list": ["19"]}, "20": {"index": 20, "var_name": "20", "api": "detection", "attr_count": 12, "_input_count": 1, "_output_count": 1, "dim": null, "data_type": null, "bias": null, "weight": null, "kernel": null, "in_var_name_list": ["19"], "out_var_name_list": ["20"]}}, "node_count": 21, "edge_list": [{"from": ["13", "convolutional"], "to": ["14", "convolutional"]}, {"from": ["7", "convolutional"], "to": ["8", "maxpool"]}, {"from": ["9", "convolutional"], "to": ["10", "maxpool"]}, {"from": ["3", "convolutional"], "to": ["4", "maxpool"]}, {"from": ["17", "connected"], "to": ["18", "dropout"]}, {"from": ["5", "convolutional"], "to": ["6", "maxpool"]}, {"from": ["11", "convolutional"], "to": ["12", "maxpool"]}, {"from": ["6", "maxpool"], "to": ["7", "convolutional"]}, {"from": ["19", "select"], "to": ["20", "detection"]}, {"from": ["12", "maxpool"], "to": ["13", "convolutional"]}, {"from": ["1", "convolutional"], "to": ["2", "maxpool"]}, {"from": ["10", "maxpool"], "to": ["11", "convolutional"]}, {"from": ["0", "crop"], "to": ["1", "convolutional"]}, {"from": ["15", "convolutional"], "to": ["16", "connected"]}, {"from": ["4", "maxpool"], "to": ["5", "convolutional"]}, {"from": ["16", "connected"], "to": ["17", "connected"]}, {"from": ["2", "maxpool"], "to": ["3", "convolutional"]}, {"from": ["8", "maxpool"], "to": ["9", "convolutional"]}, {"from": ["18", "dropout"], "to": ["19", "select"]}, {"from": ["14", "convolutional"], "to": ["15", "convolutional"]}], "edge_count": 20}