{"filename": "navganti__@@__SegNet__@@__3__@@__bayesian_segnet_camvid.prototxt", "original_file_size": 23170, "netron_file_size": 717543, "input_dict": {"data": {"data_type": 0, "dim": 0}}, "output_dict": {}, "node_dict": {"conv1_1": {"index": 0, "var_name": "conv1_1", "api": "Convolution", "attr_count": 7, "_input_count": 3, "_output_count": 1, "dim": null, "data_type": null, "bias": null, "weight": null, "kernel": null, "in_var_name_list": ["data", "filter", "bias"], "out_var_name_list": ["conv1_1"]}, "conv1_2": {"index": 1, "var_name": "conv1_2", "api": "Convolution", "attr_count": 7, "_input_count": 3, "_output_count": 1, "dim": null, "data_type": null, "bias": null, "weight": null, "kernel": null, "in_var_name_list": ["conv1_1", "filter", "bias"], "out_var_name_list": ["conv1_2"]}, "pool1": {"index": 2, "var_name": "pool1", "api": "Pooling", "attr_count": 2, "_input_count": 1, "_output_count": 2, "dim": null, "data_type": null, "bias": null, "weight": null, "kernel": null, "in_var_name_list": ["conv1_2"], "out_var_name_list": ["pool1", "pool1_mask"]}, "conv2_1": {"index": 3, "var_name": "conv2_1", "api": "Convolution", "attr_count": 7, "_input_count": 3, "_output_count": 1, "dim": null, "data_type": null, "bias": null, "weight": null, "kernel": null, "in_var_name_list": ["pool1", "filter", "bias"], "out_var_name_list": ["conv2_1"]}, "conv2_2": {"index": 4, "var_name": "conv2_2", "api": "Convolution", "attr_count": 7, "_input_count": 3, "_output_count": 1, "dim": null, "data_type": null, "bias": null, "weight": null, "kernel": null, "in_var_name_list": ["conv2_1", "filter", "bias"], "out_var_name_list": ["conv2_2"]}, "pool2": {"index": 5, "var_name": "pool2", "api": "Pooling", "attr_count": 2, "_input_count": 1, "_output_count": 2, "dim": null, "data_type": null, "bias": null, "weight": null, "kernel": null, "in_var_name_list": ["conv2_2"], "out_var_name_list": ["pool2", "pool2_mask"]}, "conv3_1": {"index": 6, "var_name": "conv3_1", "api": "Convolution", "attr_count": 7, "_input_count": 3, "_output_count": 1, "dim": null, "data_type": null, "bias": null, "weight": null, "kernel": null, "in_var_name_list": ["pool2", "filter", "bias"], "out_var_name_list": ["conv3_1"]}, "conv3_2": {"index": 7, "var_name": "conv3_2", "api": "Convolution", "attr_count": 7, "_input_count": 3, "_output_count": 1, "dim": null, "data_type": null, "bias": null, "weight": null, "kernel": null, "in_var_name_list": ["conv3_1", "filter", "bias"], "out_var_name_list": ["conv3_2"]}, "conv3_3": {"index": 8, "var_name": "conv3_3", "api": "Convolution", "attr_count": 7, "_input_count": 3, "_output_count": 1, "dim": null, "data_type": null, "bias": null, "weight": null, "kernel": null, "in_var_name_list": ["conv3_2", "filter", "bias"], "out_var_name_list": ["conv3_3"]}, "pool3": {"index": 9, "var_name": "pool3", "api": "Pooling", "attr_count": 2, "_input_count": 1, "_output_count": 2, "dim": null, "data_type": null, "bias": null, "weight": null, "kernel": null, "in_var_name_list": ["conv3_3"], "out_var_name_list": ["pool3", "pool3_mask"]}, "pool3_drop": {"index": 10, "var_name": "pool3_drop", "api": "Dropout", "attr_count": 1, "_input_count": 1, "_output_count": 1, "dim": null, "data_type": null, "bias": null, "weight": null, "kernel": null, "in_var_name_list": ["pool3"], "out_var_name_list": ["pool3"]}, "conv4_1": {"index": 11, "var_name": "conv4_1", "api": "Convolution", "attr_count": 7, "_input_count": 3, "_output_count": 1, "dim": null, "data_type": null, "bias": null, "weight": null, "kernel": null, "in_var_name_list": ["pool3", "filter", "bias"], "out_var_name_list": ["conv4_1"]}, "conv4_2": {"index": 12, "var_name": "conv4_2", "api": "Convolution", "attr_count": 7, "_input_count": 3, "_output_count": 1, "dim": null, "data_type": null, "bias": null, "weight": null, "kernel": null, "in_var_name_list": ["conv4_1", "filter", "bias"], "out_var_name_list": ["conv4_2"]}, "conv4_3": {"index": 13, "var_name": "conv4_3", "api": "Convolution", "attr_count": 7, "_input_count": 3, "_output_count": 1, "dim": null, "data_type": null, "bias": null, "weight": null, "kernel": null, "in_var_name_list": ["conv4_2", "filter", "bias"], "out_var_name_list": ["conv4_3"]}, "pool4": {"index": 14, "var_name": "pool4", "api": "Pooling", "attr_count": 2, "_input_count": 1, "_output_count": 2, "dim": null, "data_type": null, "bias": null, "weight": null, "kernel": null, "in_var_name_list": ["conv4_3"], "out_var_name_list": ["pool4", "pool4_mask"]}, "pool4_drop": {"index": 15, "var_name": "pool4_drop", "api": "Dropout", "attr_count": 1, "_input_count": 1, "_output_count": 1, "dim": null, "data_type": null, "bias": null, "weight": null, "kernel": null, "in_var_name_list": ["pool4"], "out_var_name_list": ["pool4"]}, "conv5_1": {"index": 16, "var_name": "conv5_1", "api": "Convolution", "attr_count": 7, "_input_count": 3, "_output_count": 1, "dim": null, "data_type": null, "bias": null, "weight": null, "kernel": null, "in_var_name_list": ["pool4", "filter", "bias"], "out_var_name_list": ["conv5_1"]}, "conv5_2": {"index": 17, "var_name": "conv5_2", "api": "Convolution", "attr_count": 7, "_input_count": 3, "_output_count": 1, "dim": null, "data_type": null, "bias": null, "weight": null, "kernel": null, "in_var_name_list": ["conv5_1", "filter", "bias"], "out_var_name_list": ["conv5_2"]}, "conv5_3": {"index": 18, "var_name": "conv5_3", "api": "Convolution", "attr_count": 7, "_input_count": 3, "_output_count": 1, "dim": null, "data_type": null, "bias": null, "weight": null, "kernel": null, "in_var_name_list": ["conv5_2", "filter", "bias"], "out_var_name_list": ["conv5_3"]}, "pool5": {"index": 19, "var_name": "pool5", "api": "Pooling", "attr_count": 2, "_input_count": 1, "_output_count": 2, "dim": null, "data_type": null, "bias": null, "weight": null, "kernel": null, "in_var_name_list": ["conv5_3"], "out_var_name_list": ["pool5", "pool5_mask"]}, "pool5_drop": {"index": 20, "var_name": "pool5_drop", "api": "Dropout", "attr_count": 1, "_input_count": 1, "_output_count": 1, "dim": null, "data_type": null, "bias": null, "weight": null, "kernel": null, "in_var_name_list": ["pool5"], "out_var_name_list": ["pool5"]}, "upsample5": {"index": 21, "var_name": "upsample5", "api": "Upsample", "attr_count": 3, "_input_count": 2, "_output_count": 1, "dim": null, "data_type": null, "bias": null, "weight": null, "kernel": null, "in_var_name_list": ["pool5", "pool5_mask"], "out_var_name_list": ["pool5_D"]}, "conv5_3_D": {"index": 22, "var_name": "conv5_3_D", "api": "Convolution", "attr_count": 7, "_input_count": 3, "_output_count": 1, "dim": null, "data_type": null, "bias": null, "weight": null, "kernel": null, "in_var_name_list": ["pool5_D", "filter", "bias"], "out_var_name_list": ["conv5_3_D"]}, "conv5_2_D": {"index": 23, "var_name": "conv5_2_D", "api": "Convolution", "attr_count": 7, "_input_count": 3, "_output_count": 1, "dim": null, "data_type": null, "bias": null, "weight": null, "kernel": null, "in_var_name_list": ["conv5_3_D", "filter", "bias"], "out_var_name_list": ["conv5_2_D"]}, "conv5_1_D": {"index": 24, "var_name": "conv5_1_D", "api": "Convolution", "attr_count": 7, "_input_count": 3, "_output_count": 1, "dim": null, "data_type": null, "bias": null, "weight": null, "kernel": null, "in_var_name_list": ["conv5_2_D", "filter", "bias"], "out_var_name_list": ["conv5_1_D"]}, "upsample4": {"index": 25, "var_name": "upsample4", "api": "Upsample", "attr_count": 3, "_input_count": 2, "_output_count": 1, "dim": null, "data_type": null, "bias": null, "weight": null, "kernel": null, "in_var_name_list": ["conv5_1_D", "pool4_mask"], "out_var_name_list": ["pool4_D"]}, "conv4_3_D": {"index": 26, "var_name": "conv4_3_D", "api": "Convolution", "attr_count": 7, "_input_count": 3, "_output_count": 1, "dim": null, "data_type": null, "bias": null, "weight": null, "kernel": null, "in_var_name_list": ["pool4_D", "filter", "bias"], "out_var_name_list": ["conv4_3_D"]}, "conv4_2_D": {"index": 27, "var_name": "conv4_2_D", "api": "Convolution", "attr_count": 7, "_input_count": 3, "_output_count": 1, "dim": null, "data_type": null, "bias": null, "weight": null, "kernel": null, "in_var_name_list": ["conv4_3_D", "filter", "bias"], "out_var_name_list": ["conv4_2_D"]}, "conv4_1_D": {"index": 28, "var_name": "conv4_1_D", "api": "Convolution", "attr_count": 7, "_input_count": 3, "_output_count": 1, "dim": null, "data_type": null, "bias": null, "weight": null, "kernel": null, "in_var_name_list": ["conv4_2_D", "filter", "bias"], "out_var_name_list": ["conv4_1_D"]}, "upsample3": {"index": 29, "var_name": "upsample3", "api": "Upsample", "attr_count": 1, "_input_count": 2, "_output_count": 1, "dim": null, "data_type": null, "bias": null, "weight": null, "kernel": null, "in_var_name_list": ["conv4_1_D", "pool3_mask"], "out_var_name_list": ["pool3_D"]}, "conv3_3_D": {"index": 30, "var_name": "conv3_3_D", "api": "Convolution", "attr_count": 7, "_input_count": 3, "_output_count": 1, "dim": null, "data_type": null, "bias": null, "weight": null, "kernel": null, "in_var_name_list": ["pool3_D", "filter", "bias"], "out_var_name_list": ["conv3_3_D"]}, "conv3_2_D": {"index": 31, "var_name": "conv3_2_D", "api": "Convolution", "attr_count": 7, "_input_count": 3, "_output_count": 1, "dim": null, "data_type": null, "bias": null, "weight": null, "kernel": null, "in_var_name_list": ["conv3_3_D", "filter", "bias"], "out_var_name_list": ["conv3_2_D"]}, "conv3_1_D": {"index": 32, "var_name": "conv3_1_D", "api": "Convolution", "attr_count": 7, "_input_count": 3, "_output_count": 1, "dim": null, "data_type": null, "bias": null, "weight": null, "kernel": null, "in_var_name_list": ["conv3_2_D", "filter", "bias"], "out_var_name_list": ["conv3_1_D"]}, "upsample2": {"index": 33, "var_name": "upsample2", "api": "Upsample", "attr_count": 1, "_input_count": 2, "_output_count": 1, "dim": null, "data_type": null, "bias": null, "weight": null, "kernel": null, "in_var_name_list": ["conv3_1_D", "pool2_mask"], "out_var_name_list": ["pool2_D"]}, "conv2_2_D": {"index": 34, "var_name": "conv2_2_D", "api": "Convolution", "attr_count": 7, "_input_count": 3, "_output_count": 1, "dim": null, "data_type": null, "bias": null, "weight": null, "kernel": null, "in_var_name_list": ["pool2_D", "filter", "bias"], "out_var_name_list": ["conv2_2_D"]}, "conv2_1_D": {"index": 35, "var_name": "conv2_1_D", "api": "Convolution", "attr_count": 7, "_input_count": 3, "_output_count": 1, "dim": null, "data_type": null, "bias": null, "weight": null, "kernel": null, "in_var_name_list": ["conv2_2_D", "filter", "bias"], "out_var_name_list": ["conv2_1_D"]}, "upsample1": {"index": 36, "var_name": "upsample1", "api": "Upsample", "attr_count": 1, "_input_count": 2, "_output_count": 1, "dim": null, "data_type": null, "bias": null, "weight": null, "kernel": null, "in_var_name_list": ["conv2_1_D", "pool1_mask"], "out_var_name_list": ["pool1_D"]}, "conv1_2_D": {"index": 37, "var_name": "conv1_2_D", "api": "Convolution", "attr_count": 7, "_input_count": 3, "_output_count": 1, "dim": null, "data_type": null, "bias": null, "weight": null, "kernel": null, "in_var_name_list": ["pool1_D", "filter", "bias"], "out_var_name_list": ["conv1_2_D"]}, "conv1_1_D": {"index": 38, "var_name": "conv1_1_D", "api": "Convolution", "attr_count": 7, "_input_count": 3, "_output_count": 1, "dim": null, "data_type": null, "bias": null, "weight": null, "kernel": null, "in_var_name_list": ["conv1_2_D", "filter", "bias"], "out_var_name_list": ["conv1_1_D"]}, "camvid": {"index": 39, "var_name": "camvid", "api": "Convolution", "attr_count": 7, "_input_count": 3, "_output_count": 1, "dim": null, "data_type": null, "bias": null, "weight": null, "kernel": null, "in_var_name_list": ["conv1_1_D", "filter", "bias"], "out_var_name_list": ["camvid"]}, "prob": {"index": 40, "var_name": "prob", "api": "Softmax", "attr_count": 1, "_input_count": 1, "_output_count": 1, "dim": null, "data_type": null, "bias": null, "weight": null, "kernel": null, "in_var_name_list": ["camvid"], "out_var_name_list": ["prob"]}}, "node_count": 41, "edge_list": [{"from": ["conv5_2", "Convolution"], "to": ["conv5_3", "Convolution"]}, {"from": ["conv2_1", "Convolution"], "to": ["conv2_2", "Convolution"]}, {"from": ["conv4_1", "Convolution"], "to": ["conv4_2", "Convolution"]}, {"from": ["pool4", "Pooling"], "to": ["pool4_drop", "Dropout"]}, {"from": ["conv2_2", "Convolution"], "to": ["pool2", "Pooling"]}, {"from": ["upsample2", "Upsample"], "to": ["conv2_2_D", "Convolution"]}, {"from": ["conv2_2_D", "Convolution"], "to": ["conv2_1_D", "Convolution"]}, {"from": ["pool2", "Pooling"], "to": ["conv3_1", "Convolution"]}, {"from": ["pool1", "Pooling"], "to": ["upsample1", "Upsample"]}, {"from": ["conv3_2", "Convolution"], "to": ["conv3_3", "Convolution"]}, {"from": ["conv4_3_D", "Convolution"], "to": ["conv4_2_D", "Convolution"]}, {"from": ["conv5_3", "Convolution"], "to": ["pool5", "Pooling"]}, {"from": ["conv4_2_D", "Convolution"], "to": ["conv4_1_D", "Convolution"]}, {"from": ["conv3_3_D", "Convolution"], "to": ["conv3_2_D", "Convolution"]}, {"from": ["pool3_drop", "Dropout"], "to": ["conv4_1", "Convolution"]}, {"from": ["conv5_3_D", "Convolution"], "to": ["conv5_2_D", "Convolution"]}, {"from": ["upsample5", "Upsample"], "to": ["conv5_3_D", "Convolution"]}, {"from": ["upsample3", "Upsample"], "to": ["conv3_3_D", "Convolution"]}, {"from": ["pool2", "Pooling"], "to": ["upsample2", "Upsample"]}, {"from": ["conv3_1_D", "Convolution"], "to": ["upsample2", "Upsample"]}, {"from": ["conv3_1", "Convolution"], "to": ["conv3_2", "Convolution"]}, {"from": ["conv3_3", "Convolution"], "to": ["pool3", "Pooling"]}, {"from": ["pool3", "Pooling"], "to": ["pool3_drop", "Dropout"]}, {"from": ["pool4_drop", "Dropout"], "to": ["conv5_1", "Convolution"]}, {"from": ["pool3", "Pooling"], "to": ["upsample3", "Upsample"]}, {"from": ["pool4", "Pooling"], "to": ["upsample4", "Upsample"]}, {"from": ["conv5_1_D", "Convolution"], "to": ["upsample4", "Upsample"]}, {"from": ["conv1_1_D", "Convolution"], "to": ["camvid", "Convolution"]}, {"from": ["conv4_1_D", "Convolution"], "to": ["upsample3", "Upsample"]}, {"from": ["pool5", "Pooling"], "to": ["upsample5", "Upsample"]}, {"from": ["pool4", "Pooling"], "to": ["conv5_1", "Convolution"]}, {"from": ["conv5_1", "Convolution"], "to": ["conv5_2", "Convolution"]}, {"from": ["pool5", "Pooling"], "to": ["pool5_drop", "Dropout"]}, {"from": ["camvid", "Convolution"], "to": ["prob", "Softmax"]}, {"from": ["conv1_1", "Convolution"], "to": ["conv1_2", "Convolution"]}, {"from": ["conv1_2_D", "Convolution"], "to": ["conv1_1_D", "Convolution"]}, {"from": ["upsample4", "Upsample"], "to": ["conv4_3_D", "Convolution"]}, {"from": ["pool5_drop", "Dropout"], "to": ["upsample5", "Upsample"]}, {"from": ["conv5_2_D", "Convolution"], "to": ["conv5_1_D", "Convolution"]}, {"from": ["conv3_2_D", "Convolution"], "to": ["conv3_1_D", "Convolution"]}, {"from": ["pool3", "Pooling"], "to": ["conv4_1", "Convolution"]}, {"from": ["conv1_2", "Convolution"], "to": ["pool1", "Pooling"]}, {"from": ["conv4_2", "Convolution"], "to": ["conv4_3", "Convolution"]}, {"from": ["pool1", "Pooling"], "to": ["conv2_1", "Convolution"]}, {"from": ["conv4_3", "Convolution"], "to": ["pool4", "Pooling"]}, {"from": ["conv2_1_D", "Convolution"], "to": ["upsample1", "Upsample"]}, {"from": ["upsample1", "Upsample"], "to": ["conv1_2_D", "Convolution"]}], "edge_count": 47}