{"filename": "pixiedust18__@@__darknet_mask_classification__@@__95__@@__enet-coco.cfg", "original_file_size": 12354, "netron_file_size": 166544, "input_dict": {"input": {"data_type": "float32", "dim": [416, 416, 3]}}, "output_dict": {}, "node_dict": {"0": {"index": 0, "var_name": "0", "api": "convolutional", "attr_count": 6, "_input_count": 6, "_output_count": 1, "dim": [416, 416, 3], "data_type": "float32", "bias": [32], "weight": [3, 32, 3, 3], "kernel": null, "in_var_name_list": ["input", "", "", "", "", ""], "out_var_name_list": ["0"]}, "1": {"index": 1, "var_name": "1", "api": "convolutional", "attr_count": 6, "_input_count": 6, "_output_count": 1, "dim": [208, 208, 32], "data_type": "float32", "bias": [32], "weight": [32, 32, 1, 1], "kernel": null, "in_var_name_list": ["0", "", "", "", "", ""], "out_var_name_list": ["1"]}, "2": {"index": 2, "var_name": "2", "api": "convolutional", "attr_count": 7, "_input_count": 6, "_output_count": 1, "dim": [208, 208, 32], "data_type": "float32", "bias": [32], "weight": [1, 32, 3, 3], "kernel": null, "in_var_name_list": ["1", "", "", "", "", ""], "out_var_name_list": ["2"]}, "3": {"index": 3, "var_name": "3", "api": "avgpool", "attr_count": 0, "_input_count": 1, "_output_count": 1, "dim": [208, 208, 32], "data_type": "float32", "bias": null, "weight": null, "kernel": null, "in_var_name_list": ["2"], "out_var_name_list": ["3"]}, "4": {"index": 4, "var_name": "4", "api": "convolutional", "attr_count": 4, "_input_count": 3, "_output_count": 1, "dim": [1, 1, 32], "data_type": "float32", "bias": [8], "weight": [32, 8, 1, 1], "kernel": null, "in_var_name_list": ["3", "", ""], "out_var_name_list": ["4"]}, "5": {"index": 5, "var_name": "5", "api": "convolutional", "attr_count": 4, "_input_count": 3, "_output_count": 1, "dim": [1, 1, 8], "data_type": "float32", "bias": [32], "weight": [8, 32, 1, 1], "kernel": null, "in_var_name_list": ["4", "", ""], "out_var_name_list": ["5"]}, "6": {"index": 6, "var_name": "6", "api": "scale_channels", "attr_count": 0, "_input_count": 1, "_output_count": 1, "dim": [1, 1, 32], "data_type": "float32", "bias": null, "weight": null, "kernel": null, "in_var_name_list": ["5"], "out_var_name_list": ["6"]}, "7": {"index": 7, "var_name": "7", "api": "convolutional", "attr_count": 6, "_input_count": 6, "_output_count": 1, "dim": [208, 208, 32], "data_type": "float32", "bias": [16], "weight": [32, 16, 1, 1], "kernel": null, "in_var_name_list": ["6", "", "", "", "", ""], "out_var_name_list": ["7"]}, "8": {"index": 8, "var_name": "8", "api": "convolutional", "attr_count": 6, "_input_count": 6, "_output_count": 1, "dim": [208, 208, 16], "data_type": "float32", "bias": [96], "weight": [16, 96, 1, 1], "kernel": null, "in_var_name_list": ["7", "", "", "", "", ""], "out_var_name_list": ["8"]}, "9": {"index": 9, "var_name": "9", "api": "convolutional", "attr_count": 7, "_input_count": 6, "_output_count": 1, "dim": [208, 208, 96], "data_type": "float32", "bias": [96], "weight": [1, 96, 3, 3], "kernel": null, "in_var_name_list": ["8", "", "", "", "", ""], "out_var_name_list": ["9"]}, "10": {"index": 10, "var_name": "10", "api": "avgpool", "attr_count": 0, "_input_count": 1, "_output_count": 1, "dim": [104, 104, 96], "data_type": "float32", "bias": null, "weight": null, "kernel": null, "in_var_name_list": ["9"], "out_var_name_list": ["10"]}, "11": {"index": 11, "var_name": "11", "api": "convolutional", "attr_count": 4, "_input_count": 3, "_output_count": 1, "dim": [1, 1, 96], "data_type": "float32", "bias": [16], "weight": [96, 16, 1, 1], "kernel": null, "in_var_name_list": ["10", "", ""], "out_var_name_list": ["11"]}, "12": {"index": 12, "var_name": "12", "api": "convolutional", "attr_count": 4, "_input_count": 3, "_output_count": 1, "dim": [1, 1, 16], "data_type": "float32", "bias": [96], "weight": [16, 96, 1, 1], "kernel": null, "in_var_name_list": ["11", "", ""], "out_var_name_list": ["12"]}, "13": {"index": 13, "var_name": "13", "api": "scale_channels", "attr_count": 0, "_input_count": 1, "_output_count": 1, "dim": [1, 1, 96], "data_type": "float32", "bias": null, "weight": null, "kernel": null, "in_var_name_list": ["12"], "out_var_name_list": ["13"]}, "14": {"index": 14, "var_name": "14", "api": "convolutional", "attr_count": 6, "_input_count": 6, "_output_count": 1, "dim": [104, 104, 96], "data_type": "float32", "bias": [24], "weight": [96, 24, 1, 1], "kernel": null, "in_var_name_list": ["13", "", "", "", "", ""], "out_var_name_list": ["14"]}, "15": {"index": 15, "var_name": "15", "api": "convolutional", "attr_count": 6, "_input_count": 6, "_output_count": 1, "dim": [104, 104, 24], "data_type": "float32", "bias": [144], "weight": [24, 144, 1, 1], "kernel": null, "in_var_name_list": ["14", "", "", "", "", ""], "out_var_name_list": ["15"]}, "16": {"index": 16, "var_name": "16", "api": "convolutional", "attr_count": 7, "_input_count": 6, "_output_count": 1, "dim": [104, 104, 144], "data_type": "float32", "bias": [144], "weight": [1, 144, 3, 3], "kernel": null, "in_var_name_list": ["15", "", "", "", "", ""], "out_var_name_list": ["16"]}, "17": {"index": 17, "var_name": "17", "api": "avgpool", "attr_count": 0, "_input_count": 1, "_output_count": 1, "dim": [104, 104, 144], "data_type": "float32", "bias": null, "weight": null, "kernel": null, "in_var_name_list": ["16"], "out_var_name_list": ["17"]}, "18": {"index": 18, "var_name": "18", "api": "convolutional", "attr_count": 4, "_input_count": 3, "_output_count": 1, "dim": [1, 1, 144], "data_type": "float32", "bias": [8], "weight": [144, 8, 1, 1], "kernel": null, "in_var_name_list": ["17", "", ""], "out_var_name_list": ["18"]}, "19": {"index": 19, "var_name": "19", "api": "convolutional", "attr_count": 4, "_input_count": 3, "_output_count": 1, "dim": [1, 1, 8], "data_type": "float32", "bias": [144], "weight": [8, 144, 1, 1], "kernel": null, "in_var_name_list": ["18", "", ""], "out_var_name_list": ["19"]}, "20": {"index": 20, "var_name": "20", "api": "scale_channels", "attr_count": 0, "_input_count": 1, "_output_count": 1, "dim": [1, 1, 144], "data_type": "float32", "bias": null, "weight": null, "kernel": null, "in_var_name_list": ["19"], "out_var_name_list": ["20"]}, "21": {"index": 21, "var_name": "21", "api": "convolutional", "attr_count": 6, "_input_count": 6, "_output_count": 1, "dim": [104, 104, 144], "data_type": "float32", "bias": [24], "weight": [144, 24, 1, 1], "kernel": null, "in_var_name_list": ["20", "", "", "", "", ""], "out_var_name_list": ["21"]}, "22": {"index": 22, "var_name": "22", "api": "dropout", "attr_count": 1, "_input_count": 1, "_output_count": 1, "dim": [104, 104, 24], "data_type": "float32", "bias": null, "weight": null, "kernel": null, "in_var_name_list": ["21"], "out_var_name_list": ["22"]}, "23": {"index": 23, "var_name": "23", "api": "shortcut", "attr_count": 1, "_input_count": 1, "_output_count": 1, "dim": [104, 104, 24], "data_type": "float32", "bias": null, "weight": null, "kernel": null, "in_var_name_list": ["22"], "out_var_name_list": ["23"]}, "24": {"index": 24, "var_name": "24", "api": "convolutional", "attr_count": 6, "_input_count": 6, "_output_count": 1, "dim": [104, 104, 24], "data_type": "float32", "bias": [144], "weight": [24, 144, 1, 1], "kernel": null, "in_var_name_list": ["23", "", "", "", "", ""], "out_var_name_list": ["24"]}, "25": {"index": 25, "var_name": "25", "api": "convolutional", "attr_count": 7, "_input_count": 6, "_output_count": 1, "dim": [104, 104, 144], "data_type": "float32", "bias": [144], "weight": [1, 144, 5, 5], "kernel": null, "in_var_name_list": ["24", "", "", "", "", ""], "out_var_name_list": ["25"]}, "26": {"index": 26, "var_name": "26", "api": "avgpool", "attr_count": 0, "_input_count": 1, "_output_count": 1, "dim": [52, 52, 144], "data_type": "float32", "bias": null, "weight": null, "kernel": null, "in_var_name_list": ["25"], "out_var_name_list": ["26"]}, "27": {"index": 27, "var_name": "27", "api": "convolutional", "attr_count": 4, "_input_count": 3, "_output_count": 1, "dim": [1, 1, 144], "data_type": "float32", "bias": [8], "weight": [144, 8, 1, 1], "kernel": null, "in_var_name_list": ["26", "", ""], "out_var_name_list": ["27"]}, "28": {"index": 28, "var_name": "28", "api": "convolutional", "attr_count": 4, "_input_count": 3, "_output_count": 1, "dim": [1, 1, 8], "data_type": "float32", "bias": [144], "weight": [8, 144, 1, 1], "kernel": null, "in_var_name_list": ["27", "", ""], "out_var_name_list": ["28"]}, "29": {"index": 29, "var_name": "29", "api": "scale_channels", "attr_count": 0, "_input_count": 1, "_output_count": 1, "dim": [1, 1, 144], "data_type": "float32", "bias": null, "weight": null, "kernel": null, "in_var_name_list": ["28"], "out_var_name_list": ["29"]}, "30": {"index": 30, "var_name": "30", "api": "convolutional", "attr_count": 6, "_input_count": 6, "_output_count": 1, "dim": [52, 52, 144], "data_type": "float32", "bias": [40], "weight": [144, 40, 1, 1], "kernel": null, "in_var_name_list": ["29", "", "", "", "", ""], "out_var_name_list": ["30"]}, "31": {"index": 31, "var_name": "31", "api": "convolutional", "attr_count": 6, "_input_count": 6, "_output_count": 1, "dim": [52, 52, 40], "data_type": "float32", "bias": [192], "weight": [40, 192, 1, 1], "kernel": null, "in_var_name_list": ["30", "", "", "", "", ""], "out_var_name_list": ["31"]}, "32": {"index": 32, "var_name": "32", "api": "convolutional", "attr_count": 7, "_input_count": 6, "_output_count": 1, "dim": [52, 52, 192], "data_type": "float32", "bias": [192], "weight": [1, 192, 5, 5], "kernel": null, "in_var_name_list": ["31", "", "", "", "", ""], "out_var_name_list": ["32"]}, "33": {"index": 33, "var_name": "33", "api": "avgpool", "attr_count": 0, "_input_count": 1, "_output_count": 1, "dim": [52, 52, 192], "data_type": "float32", "bias": null, "weight": null, "kernel": null, "in_var_name_list": ["32"], "out_var_name_list": ["33"]}, "34": {"index": 34, "var_name": "34", "api": "convolutional", "attr_count": 4, "_input_count": 3, "_output_count": 1, "dim": [1, 1, 192], "data_type": "float32", "bias": [16], "weight": [192, 16, 1, 1], "kernel": null, "in_var_name_list": ["33", "", ""], "out_var_name_list": ["34"]}, "35": {"index": 35, "var_name": "35", "api": "convolutional", "attr_count": 4, "_input_count": 3, "_output_count": 1, "dim": [1, 1, 16], "data_type": "float32", "bias": [192], "weight": [16, 192, 1, 1], "kernel": null, "in_var_name_list": ["34", "", ""], "out_var_name_list": ["35"]}, "36": {"index": 36, "var_name": "36", "api": "scale_channels", "attr_count": 0, "_input_count": 1, "_output_count": 1, "dim": [1, 1, 192], "data_type": "float32", "bias": null, "weight": null, "kernel": null, "in_var_name_list": ["35"], "out_var_name_list": ["36"]}, "37": {"index": 37, "var_name": "37", "api": "convolutional", "attr_count": 6, "_input_count": 6, "_output_count": 1, "dim": [52, 52, 192], "data_type": "float32", "bias": [40], "weight": [192, 40, 1, 1], "kernel": null, "in_var_name_list": ["36", "", "", "", "", ""], "out_var_name_list": ["37"]}, "38": {"index": 38, "var_name": "38", "api": "dropout", "attr_count": 1, "_input_count": 1, "_output_count": 1, "dim": [52, 52, 40], "data_type": "float32", "bias": null, "weight": null, "kernel": null, "in_var_name_list": ["37"], "out_var_name_list": ["38"]}, "39": {"index": 39, "var_name": "39", "api": "shortcut", "attr_count": 1, "_input_count": 1, "_output_count": 1, "dim": [52, 52, 40], "data_type": "float32", "bias": null, "weight": null, "kernel": null, "in_var_name_list": ["38"], "out_var_name_list": ["39"]}, "40": {"index": 40, "var_name": "40", "api": "convolutional", "attr_count": 6, "_input_count": 6, "_output_count": 1, "dim": [52, 52, 40], "data_type": "float32", "bias": [192], "weight": [40, 192, 1, 1], "kernel": null, "in_var_name_list": ["39", "", "", "", "", ""], "out_var_name_list": ["40"]}, "41": {"index": 41, "var_name": "41", "api": "convolutional", "attr_count": 7, "_input_count": 6, "_output_count": 1, "dim": [52, 52, 192], "data_type": "float32", "bias": [192], "weight": [1, 192, 3, 3], "kernel": null, "in_var_name_list": ["40", "", "", "", "", ""], "out_var_name_list": ["41"]}, "42": {"index": 42, "var_name": "42", "api": "avgpool", "attr_count": 0, "_input_count": 1, "_output_count": 1, "dim": [52, 52, 192], "data_type": "float32", "bias": null, "weight": null, "kernel": null, "in_var_name_list": ["41"], "out_var_name_list": ["42"]}, "43": {"index": 43, "var_name": "43", "api": "convolutional", "attr_count": 4, "_input_count": 3, "_output_count": 1, "dim": [1, 1, 192], "data_type": "float32", "bias": [16], "weight": [192, 16, 1, 1], "kernel": null, "in_var_name_list": ["42", "", ""], "out_var_name_list": ["43"]}, "44": {"index": 44, "var_name": "44", "api": "convolutional", "attr_count": 4, "_input_count": 3, "_output_count": 1, "dim": [1, 1, 16], "data_type": "float32", "bias": [192], "weight": [16, 192, 1, 1], "kernel": null, "in_var_name_list": ["43", "", ""], "out_var_name_list": ["44"]}, "45": {"index": 45, "var_name": "45", "api": "scale_channels", "attr_count": 0, "_input_count": 1, "_output_count": 1, "dim": [1, 1, 192], "data_type": "float32", "bias": null, "weight": null, "kernel": null, "in_var_name_list": ["44"], "out_var_name_list": ["45"]}, "46": {"index": 46, "var_name": "46", "api": "convolutional", "attr_count": 6, "_input_count": 6, "_output_count": 1, "dim": [52, 52, 192], "data_type": "float32", "bias": [80], "weight": [192, 80, 1, 1], "kernel": null, "in_var_name_list": ["45", "", "", "", "", ""], "out_var_name_list": ["46"]}, "47": {"index": 47, "var_name": "47", "api": "convolutional", "attr_count": 6, "_input_count": 6, "_output_count": 1, "dim": [52, 52, 80], "data_type": "float32", "bias": [384], "weight": [80, 384, 1, 1], "kernel": null, "in_var_name_list": ["46", "", "", "", "", ""], "out_var_name_list": ["47"]}, "48": {"index": 48, "var_name": "48", "api": "convolutional", "attr_count": 7, "_input_count": 6, "_output_count": 1, "dim": [52, 52, 384], "data_type": "float32", "bias": [384], "weight": [1, 384, 3, 3], "kernel": null, "in_var_name_list": ["47", "", "", "", "", ""], "out_var_name_list": ["48"]}, "49": {"index": 49, "var_name": "49", "api": "avgpool", "attr_count": 0, "_input_count": 1, "_output_count": 1, "dim": [52, 52, 384], "data_type": "float32", "bias": null, "weight": null, "kernel": null, "in_var_name_list": ["48"], "out_var_name_list": ["49"]}, "50": {"index": 50, "var_name": "50", "api": "convolutional", "attr_count": 4, "_input_count": 3, "_output_count": 1, "dim": [1, 1, 384], "data_type": "float32", "bias": [24], "weight": [384, 24, 1, 1], "kernel": null, "in_var_name_list": ["49", "", ""], "out_var_name_list": ["50"]}, "51": {"index": 51, "var_name": "51", "api": "convolutional", "attr_count": 4, "_input_count": 3, "_output_count": 1, "dim": [1, 1, 24], "data_type": "float32", "bias": [384], "weight": [24, 384, 1, 1], "kernel": null, "in_var_name_list": ["50", "", ""], "out_var_name_list": ["51"]}, "52": {"index": 52, "var_name": "52", "api": "scale_channels", "attr_count": 0, "_input_count": 1, "_output_count": 1, "dim": [1, 1, 384], "data_type": "float32", "bias": null, "weight": null, "kernel": null, "in_var_name_list": ["51"], "out_var_name_list": ["52"]}, "53": {"index": 53, "var_name": "53", "api": "convolutional", "attr_count": 6, "_input_count": 6, "_output_count": 1, "dim": [52, 52, 384], "data_type": "float32", "bias": [80], "weight": [384, 80, 1, 1], "kernel": null, "in_var_name_list": ["52", "", "", "", "", ""], "out_var_name_list": ["53"]}, "54": {"index": 54, "var_name": "54", "api": "dropout", "attr_count": 1, "_input_count": 1, "_output_count": 1, "dim": [52, 52, 80], "data_type": "float32", "bias": null, "weight": null, "kernel": null, "in_var_name_list": ["53"], "out_var_name_list": ["54"]}, "55": {"index": 55, "var_name": "55", "api": "shortcut", "attr_count": 1, "_input_count": 1, "_output_count": 1, "dim": [52, 52, 80], "data_type": "float32", "bias": null, "weight": null, "kernel": null, "in_var_name_list": ["54"], "out_var_name_list": ["55"]}, "56": {"index": 56, "var_name": "56", "api": "convolutional", "attr_count": 6, "_input_count": 6, "_output_count": 1, "dim": [52, 52, 80], "data_type": "float32", "bias": [384], "weight": [80, 384, 1, 1], "kernel": null, "in_var_name_list": ["55", "", "", "", "", ""], "out_var_name_list": ["56"]}, "57": {"index": 57, "var_name": "57", "api": "convolutional", "attr_count": 7, "_input_count": 6, "_output_count": 1, "dim": [52, 52, 384], "data_type": "float32", "bias": [384], "weight": [1, 384, 3, 3], "kernel": null, "in_var_name_list": ["56", "", "", "", "", ""], "out_var_name_list": ["57"]}, "58": {"index": 58, "var_name": "58", "api": "avgpool", "attr_count": 0, "_input_count": 1, "_output_count": 1, "dim": [52, 52, 384], "data_type": "float32", "bias": null, "weight": null, "kernel": null, "in_var_name_list": ["57"], "out_var_name_list": ["58"]}, "59": {"index": 59, "var_name": "59", "api": "convolutional", "attr_count": 4, "_input_count": 3, "_output_count": 1, "dim": [1, 1, 384], "data_type": "float32", "bias": [24], "weight": [384, 24, 1, 1], "kernel": null, "in_var_name_list": ["58", "", ""], "out_var_name_list": ["59"]}, "60": {"index": 60, "var_name": "60", "api": "convolutional", "attr_count": 4, "_input_count": 3, "_output_count": 1, "dim": [1, 1, 24], "data_type": "float32", "bias": [384], "weight": [24, 384, 1, 1], "kernel": null, "in_var_name_list": ["59", "", ""], "out_var_name_list": ["60"]}, "61": {"index": 61, "var_name": "61", "api": "scale_channels", "attr_count": 0, "_input_count": 1, "_output_count": 1, "dim": [1, 1, 384], "data_type": "float32", "bias": null, "weight": null, "kernel": null, "in_var_name_list": ["60"], "out_var_name_list": ["61"]}, "62": {"index": 62, "var_name": "62", "api": "convolutional", "attr_count": 6, "_input_count": 6, "_output_count": 1, "dim": [52, 52, 384], "data_type": "float32", "bias": [80], "weight": [384, 80, 1, 1], "kernel": null, "in_var_name_list": ["61", "", "", "", "", ""], "out_var_name_list": ["62"]}, "63": {"index": 63, "var_name": "63", "api": "dropout", "attr_count": 1, "_input_count": 1, "_output_count": 1, "dim": [52, 52, 80], "data_type": "float32", "bias": null, "weight": null, "kernel": null, "in_var_name_list": ["62"], "out_var_name_list": ["63"]}, "64": {"index": 64, "var_name": "64", "api": "shortcut", "attr_count": 1, "_input_count": 1, "_output_count": 1, "dim": [52, 52, 80], "data_type": "float32", "bias": null, "weight": null, "kernel": null, "in_var_name_list": ["63"], "out_var_name_list": ["64"]}, "65": {"index": 65, "var_name": "65", "api": "convolutional", "attr_count": 6, "_input_count": 6, "_output_count": 1, "dim": [52, 52, 80], "data_type": "float32", "bias": [384], "weight": [80, 384, 1, 1], "kernel": null, "in_var_name_list": ["64", "", "", "", "", ""], "out_var_name_list": ["65"]}, "66": {"index": 66, "var_name": "66", "api": "convolutional", "attr_count": 7, "_input_count": 6, "_output_count": 1, "dim": [52, 52, 384], "data_type": "float32", "bias": [384], "weight": [1, 384, 5, 5], "kernel": null, "in_var_name_list": ["65", "", "", "", "", ""], "out_var_name_list": ["66"]}, "67": {"index": 67, "var_name": "67", "api": "avgpool", "attr_count": 0, "_input_count": 1, "_output_count": 1, "dim": [26, 26, 384], "data_type": "float32", "bias": null, "weight": null, "kernel": null, "in_var_name_list": ["66"], "out_var_name_list": ["67"]}, "68": {"index": 68, "var_name": "68", "api": "convolutional", "attr_count": 4, "_input_count": 3, "_output_count": 1, "dim": [1, 1, 384], "data_type": "float32", "bias": [24], "weight": [384, 24, 1, 1], "kernel": null, "in_var_name_list": ["67", "", ""], "out_var_name_list": ["68"]}, "69": {"index": 69, "var_name": "69", "api": "convolutional", "attr_count": 4, "_input_count": 3, "_output_count": 1, "dim": [1, 1, 24], "data_type": "float32", "bias": [384], "weight": [24, 384, 1, 1], "kernel": null, "in_var_name_list": ["68", "", ""], "out_var_name_list": ["69"]}, "70": {"index": 70, "var_name": "70", "api": "scale_channels", "attr_count": 0, "_input_count": 1, "_output_count": 1, "dim": [1, 1, 384], "data_type": "float32", "bias": null, "weight": null, "kernel": null, "in_var_name_list": ["69"], "out_var_name_list": ["70"]}, "71": {"index": 71, "var_name": "71", "api": "convolutional", "attr_count": 6, "_input_count": 6, "_output_count": 1, "dim": [26, 26, 384], "data_type": "float32", "bias": [112], "weight": [384, 112, 1, 1], "kernel": null, "in_var_name_list": ["70", "", "", "", "", ""], "out_var_name_list": ["71"]}, "72": {"index": 72, "var_name": "72", "api": "convolutional", "attr_count": 6, "_input_count": 6, "_output_count": 1, "dim": [26, 26, 112], "data_type": "float32", "bias": [576], "weight": [112, 576, 1, 1], "kernel": null, "in_var_name_list": ["71", "", "", "", "", ""], "out_var_name_list": ["72"]}, "73": {"index": 73, "var_name": "73", "api": "convolutional", "attr_count": 7, "_input_count": 6, "_output_count": 1, "dim": [26, 26, 576], "data_type": "float32", "bias": [576], "weight": [1, 576, 5, 5], "kernel": null, "in_var_name_list": ["72", "", "", "", "", ""], "out_var_name_list": ["73"]}, "74": {"index": 74, "var_name": "74", "api": "avgpool", "attr_count": 0, "_input_count": 1, "_output_count": 1, "dim": [26, 26, 576], "data_type": "float32", "bias": null, "weight": null, "kernel": null, "in_var_name_list": ["73"], "out_var_name_list": ["74"]}, "75": {"index": 75, "var_name": "75", "api": "convolutional", "attr_count": 4, "_input_count": 3, "_output_count": 1, "dim": [1, 1, 576], "data_type": "float32", "bias": [32], "weight": [576, 32, 1, 1], "kernel": null, "in_var_name_list": ["74", "", ""], "out_var_name_list": ["75"]}, "76": {"index": 76, "var_name": "76", "api": "convolutional", "attr_count": 4, "_input_count": 3, "_output_count": 1, "dim": [1, 1, 32], "data_type": "float32", "bias": [576], "weight": [32, 576, 1, 1], "kernel": null, "in_var_name_list": ["75", "", ""], "out_var_name_list": ["76"]}, "77": {"index": 77, "var_name": "77", "api": "scale_channels", "attr_count": 0, "_input_count": 1, "_output_count": 1, "dim": [1, 1, 576], "data_type": "float32", "bias": null, "weight": null, "kernel": null, "in_var_name_list": ["76"], "out_var_name_list": ["77"]}, "78": {"index": 78, "var_name": "78", "api": "convolutional", "attr_count": 6, "_input_count": 6, "_output_count": 1, "dim": [26, 26, 576], "data_type": "float32", "bias": [112], "weight": [576, 112, 1, 1], "kernel": null, "in_var_name_list": ["77", "", "", "", "", ""], "out_var_name_list": ["78"]}, "79": {"index": 79, "var_name": "79", "api": "dropout", "attr_count": 1, "_input_count": 1, "_output_count": 1, "dim": [26, 26, 112], "data_type": "float32", "bias": null, "weight": null, "kernel": null, "in_var_name_list": ["78"], "out_var_name_list": ["79"]}, "80": {"index": 80, "var_name": "80", "api": "shortcut", "attr_count": 1, "_input_count": 1, "_output_count": 1, "dim": [26, 26, 112], "data_type": "float32", "bias": null, "weight": null, "kernel": null, "in_var_name_list": ["79"], "out_var_name_list": ["80"]}, "81": {"index": 81, "var_name": "81", "api": "convolutional", "attr_count": 6, "_input_count": 6, "_output_count": 1, "dim": [26, 26, 112], "data_type": "float32", "bias": [576], "weight": [112, 576, 1, 1], "kernel": null, "in_var_name_list": ["80", "", "", "", "", ""], "out_var_name_list": ["81"]}, "82": {"index": 82, "var_name": "82", "api": "convolutional", "attr_count": 7, "_input_count": 6, "_output_count": 1, "dim": [26, 26, 576], "data_type": "float32", "bias": [576], "weight": [1, 576, 5, 5], "kernel": null, "in_var_name_list": ["81", "", "", "", "", ""], "out_var_name_list": ["82"]}, "83": {"index": 83, "var_name": "83", "api": "avgpool", "attr_count": 0, "_input_count": 1, "_output_count": 1, "dim": [26, 26, 576], "data_type": "float32", "bias": null, "weight": null, "kernel": null, "in_var_name_list": ["82"], "out_var_name_list": ["83"]}, "84": {"index": 84, "var_name": "84", "api": "convolutional", "attr_count": 4, "_input_count": 3, "_output_count": 1, "dim": [1, 1, 576], "data_type": "float32", "bias": [32], "weight": [576, 32, 1, 1], "kernel": null, "in_var_name_list": ["83", "", ""], "out_var_name_list": ["84"]}, "85": {"index": 85, "var_name": "85", "api": "convolutional", "attr_count": 4, "_input_count": 3, "_output_count": 1, "dim": [1, 1, 32], "data_type": "float32", "bias": [576], "weight": [32, 576, 1, 1], "kernel": null, "in_var_name_list": ["84", "", ""], "out_var_name_list": ["85"]}, "86": {"index": 86, "var_name": "86", "api": "scale_channels", "attr_count": 0, "_input_count": 1, "_output_count": 1, "dim": [1, 1, 576], "data_type": "float32", "bias": null, "weight": null, "kernel": null, "in_var_name_list": ["85"], "out_var_name_list": ["86"]}, "87": {"index": 87, "var_name": "87", "api": "convolutional", "attr_count": 6, "_input_count": 6, "_output_count": 1, "dim": [26, 26, 576], "data_type": "float32", "bias": [112], "weight": [576, 112, 1, 1], "kernel": null, "in_var_name_list": ["86", "", "", "", "", ""], "out_var_name_list": ["87"]}, "88": {"index": 88, "var_name": "88", "api": "dropout", "attr_count": 1, "_input_count": 1, "_output_count": 1, "dim": [26, 26, 112], "data_type": "float32", "bias": null, "weight": null, "kernel": null, "in_var_name_list": ["87"], "out_var_name_list": ["88"]}, "89": {"index": 89, "var_name": "89", "api": "shortcut", "attr_count": 1, "_input_count": 1, "_output_count": 1, "dim": [26, 26, 112], "data_type": "float32", "bias": null, "weight": null, "kernel": null, "in_var_name_list": ["88"], "out_var_name_list": ["89"]}, "90": {"index": 90, "var_name": "90", "api": "convolutional", "attr_count": 6, "_input_count": 6, "_output_count": 1, "dim": [26, 26, 112], "data_type": "float32", "bias": [576], "weight": [112, 576, 1, 1], "kernel": null, "in_var_name_list": ["89", "", "", "", "", ""], "out_var_name_list": ["90"]}, "91": {"index": 91, "var_name": "91", "api": "convolutional", "attr_count": 7, "_input_count": 6, "_output_count": 1, "dim": [26, 26, 576], "data_type": "float32", "bias": [576], "weight": [1, 576, 5, 5], "kernel": null, "in_var_name_list": ["90", "", "", "", "", ""], "out_var_name_list": ["91"]}, "92": {"index": 92, "var_name": "92", "api": "avgpool", "attr_count": 0, "_input_count": 1, "_output_count": 1, "dim": [13, 13, 576], "data_type": "float32", "bias": null, "weight": null, "kernel": null, "in_var_name_list": ["91"], "out_var_name_list": ["92"]}, "93": {"index": 93, "var_name": "93", "api": "convolutional", "attr_count": 4, "_input_count": 3, "_output_count": 1, "dim": [1, 1, 576], "data_type": "float32", "bias": [32], "weight": [576, 32, 1, 1], "kernel": null, "in_var_name_list": ["92", "", ""], "out_var_name_list": ["93"]}, "94": {"index": 94, "var_name": "94", "api": "convolutional", "attr_count": 4, "_input_count": 3, "_output_count": 1, "dim": [1, 1, 32], "data_type": "float32", "bias": [576], "weight": [32, 576, 1, 1], "kernel": null, "in_var_name_list": ["93", "", ""], "out_var_name_list": ["94"]}, "95": {"index": 95, "var_name": "95", "api": "scale_channels", "attr_count": 0, "_input_count": 1, "_output_count": 1, "dim": [1, 1, 576], "data_type": "float32", "bias": null, "weight": null, "kernel": null, "in_var_name_list": ["94"], "out_var_name_list": ["95"]}, "96": {"index": 96, "var_name": "96", "api": "convolutional", "attr_count": 6, "_input_count": 6, "_output_count": 1, "dim": [13, 13, 576], "data_type": "float32", "bias": [192], "weight": [576, 192, 1, 1], "kernel": null, "in_var_name_list": ["95", "", "", "", "", ""], "out_var_name_list": ["96"]}, "97": {"index": 97, "var_name": "97", "api": "convolutional", "attr_count": 6, "_input_count": 6, "_output_count": 1, "dim": [13, 13, 192], "data_type": "float32", "bias": [960], "weight": [192, 960, 1, 1], "kernel": null, "in_var_name_list": ["96", "", "", "", "", ""], "out_var_name_list": ["97"]}, "98": {"index": 98, "var_name": "98", "api": "convolutional", "attr_count": 7, "_input_count": 6, "_output_count": 1, "dim": [13, 13, 960], "data_type": "float32", "bias": [960], "weight": [1, 960, 5, 5], "kernel": null, "in_var_name_list": ["97", "", "", "", "", ""], "out_var_name_list": ["98"]}, "99": {"index": 99, "var_name": "99", "api": "avgpool", "attr_count": 0, "_input_count": 1, "_output_count": 1, "dim": [13, 13, 960], "data_type": "float32", "bias": null, "weight": null, "kernel": null, "in_var_name_list": ["98"], "out_var_name_list": ["99"]}, "100": {"index": 100, "var_name": "100", "api": "convolutional", "attr_count": 4, "_input_count": 3, "_output_count": 1, "dim": [1, 1, 960], "data_type": "float32", "bias": [64], "weight": [960, 64, 1, 1], "kernel": null, "in_var_name_list": ["99", "", ""], "out_var_name_list": ["100"]}, "101": {"index": 101, "var_name": "101", "api": "convolutional", "attr_count": 4, "_input_count": 3, "_output_count": 1, "dim": [1, 1, 64], "data_type": "float32", "bias": [960], "weight": [64, 960, 1, 1], "kernel": null, "in_var_name_list": ["100", "", ""], "out_var_name_list": ["101"]}, "102": {"index": 102, "var_name": "102", "api": "scale_channels", "attr_count": 0, "_input_count": 1, "_output_count": 1, "dim": [1, 1, 960], "data_type": "float32", "bias": null, "weight": null, "kernel": null, "in_var_name_list": ["101"], "out_var_name_list": ["102"]}, "103": {"index": 103, "var_name": "103", "api": "convolutional", "attr_count": 6, "_input_count": 6, "_output_count": 1, "dim": [13, 13, 960], "data_type": "float32", "bias": [192], "weight": [960, 192, 1, 1], "kernel": null, "in_var_name_list": ["102", "", "", "", "", ""], "out_var_name_list": ["103"]}, "104": {"index": 104, "var_name": "104", "api": "dropout", "attr_count": 1, "_input_count": 1, "_output_count": 1, "dim": [13, 13, 192], "data_type": "float32", "bias": null, "weight": null, "kernel": null, "in_var_name_list": ["103"], "out_var_name_list": ["104"]}, "105": {"index": 105, "var_name": "105", "api": "shortcut", "attr_count": 1, "_input_count": 1, "_output_count": 1, "dim": [13, 13, 192], "data_type": "float32", "bias": null, "weight": null, "kernel": null, "in_var_name_list": ["104"], "out_var_name_list": ["105"]}, "106": {"index": 106, "var_name": "106", "api": "convolutional", "attr_count": 6, "_input_count": 6, "_output_count": 1, "dim": [13, 13, 192], "data_type": "float32", "bias": [960], "weight": [192, 960, 1, 1], "kernel": null, "in_var_name_list": ["105", "", "", "", "", ""], "out_var_name_list": ["106"]}, "107": {"index": 107, "var_name": "107", "api": "convolutional", "attr_count": 7, "_input_count": 6, "_output_count": 1, "dim": [13, 13, 960], "data_type": "float32", "bias": [960], "weight": [1, 960, 5, 5], "kernel": null, "in_var_name_list": ["106", "", "", "", "", ""], "out_var_name_list": ["107"]}, "108": {"index": 108, "var_name": "108", "api": "avgpool", "attr_count": 0, "_input_count": 1, "_output_count": 1, "dim": [13, 13, 960], "data_type": "float32", "bias": null, "weight": null, "kernel": null, "in_var_name_list": ["107"], "out_var_name_list": ["108"]}, "109": {"index": 109, "var_name": "109", "api": "convolutional", "attr_count": 4, "_input_count": 3, "_output_count": 1, "dim": [1, 1, 960], "data_type": "float32", "bias": [64], "weight": [960, 64, 1, 1], "kernel": null, "in_var_name_list": ["108", "", ""], "out_var_name_list": ["109"]}, "110": {"index": 110, "var_name": "110", "api": "convolutional", "attr_count": 4, "_input_count": 3, "_output_count": 1, "dim": [1, 1, 64], "data_type": "float32", "bias": [960], "weight": [64, 960, 1, 1], "kernel": null, "in_var_name_list": ["109", "", ""], "out_var_name_list": ["110"]}, "111": {"index": 111, "var_name": "111", "api": "scale_channels", "attr_count": 0, "_input_count": 1, "_output_count": 1, "dim": [1, 1, 960], "data_type": "float32", "bias": null, "weight": null, "kernel": null, "in_var_name_list": ["110"], "out_var_name_list": ["111"]}, "112": {"index": 112, "var_name": "112", "api": "convolutional", "attr_count": 6, "_input_count": 6, "_output_count": 1, "dim": [13, 13, 960], "data_type": "float32", "bias": [192], "weight": [960, 192, 1, 1], "kernel": null, "in_var_name_list": ["111", "", "", "", "", ""], "out_var_name_list": ["112"]}, "113": {"index": 113, "var_name": "113", "api": "dropout", "attr_count": 1, "_input_count": 1, "_output_count": 1, "dim": [13, 13, 192], "data_type": "float32", "bias": null, "weight": null, "kernel": null, "in_var_name_list": ["112"], "out_var_name_list": ["113"]}, "114": {"index": 114, "var_name": "114", "api": "shortcut", "attr_count": 1, "_input_count": 1, "_output_count": 1, "dim": [13, 13, 192], "data_type": "float32", "bias": null, "weight": null, "kernel": null, "in_var_name_list": ["113"], "out_var_name_list": ["114"]}, "115": {"index": 115, "var_name": "115", "api": "convolutional", "attr_count": 6, "_input_count": 6, "_output_count": 1, "dim": [13, 13, 192], "data_type": "float32", "bias": [960], "weight": [192, 960, 1, 1], "kernel": null, "in_var_name_list": ["114", "", "", "", "", ""], "out_var_name_list": ["115"]}, "116": {"index": 116, "var_name": "116", "api": "convolutional", "attr_count": 7, "_input_count": 6, "_output_count": 1, "dim": [13, 13, 960], "data_type": "float32", "bias": [960], "weight": [1, 960, 5, 5], "kernel": null, "in_var_name_list": ["115", "", "", "", "", ""], "out_var_name_list": ["116"]}, "117": {"index": 117, "var_name": "117", "api": "avgpool", "attr_count": 0, "_input_count": 1, "_output_count": 1, "dim": [13, 13, 960], "data_type": "float32", "bias": null, "weight": null, "kernel": null, "in_var_name_list": ["116"], "out_var_name_list": ["117"]}, "118": {"index": 118, "var_name": "118", "api": "convolutional", "attr_count": 4, "_input_count": 3, "_output_count": 1, "dim": [1, 1, 960], "data_type": "float32", "bias": [64], "weight": [960, 64, 1, 1], "kernel": null, "in_var_name_list": ["117", "", ""], "out_var_name_list": ["118"]}, "119": {"index": 119, "var_name": "119", "api": "convolutional", "attr_count": 4, "_input_count": 3, "_output_count": 1, "dim": [1, 1, 64], "data_type": "float32", "bias": [960], "weight": [64, 960, 1, 1], "kernel": null, "in_var_name_list": ["118", "", ""], "out_var_name_list": ["119"]}, "120": {"index": 120, "var_name": "120", "api": "scale_channels", "attr_count": 0, "_input_count": 1, "_output_count": 1, "dim": [1, 1, 960], "data_type": "float32", "bias": null, "weight": null, "kernel": null, "in_var_name_list": ["119"], "out_var_name_list": ["120"]}, "121": {"index": 121, "var_name": "121", "api": "convolutional", "attr_count": 6, "_input_count": 6, "_output_count": 1, "dim": [13, 13, 960], "data_type": "float32", "bias": [192], "weight": [960, 192, 1, 1], "kernel": null, "in_var_name_list": ["120", "", "", "", "", ""], "out_var_name_list": ["121"]}, "122": {"index": 122, "var_name": "122", "api": "dropout", "attr_count": 1, "_input_count": 1, "_output_count": 1, "dim": [13, 13, 192], "data_type": "float32", "bias": null, "weight": null, "kernel": null, "in_var_name_list": ["121"], "out_var_name_list": ["122"]}, "123": {"index": 123, "var_name": "123", "api": "shortcut", "attr_count": 1, "_input_count": 1, "_output_count": 1, "dim": [13, 13, 192], "data_type": "float32", "bias": null, "weight": null, "kernel": null, "in_var_name_list": ["122"], "out_var_name_list": ["123"]}, "124": {"index": 124, "var_name": "124", "api": "convolutional", "attr_count": 6, "_input_count": 6, "_output_count": 1, "dim": [13, 13, 192], "data_type": "float32", "bias": [960], "weight": [192, 960, 1, 1], "kernel": null, "in_var_name_list": ["123", "", "", "", "", ""], "out_var_name_list": ["124"]}, "125": {"index": 125, "var_name": "125", "api": "convolutional", "attr_count": 7, "_input_count": 6, "_output_count": 1, "dim": [13, 13, 960], "data_type": "float32", "bias": [960], "weight": [1, 960, 3, 3], "kernel": null, "in_var_name_list": ["124", "", "", "", "", ""], "out_var_name_list": ["125"]}, "126": {"index": 126, "var_name": "126", "api": "avgpool", "attr_count": 0, "_input_count": 1, "_output_count": 1, "dim": [13, 13, 960], "data_type": "float32", "bias": null, "weight": null, "kernel": null, "in_var_name_list": ["125"], "out_var_name_list": ["126"]}, "127": {"index": 127, "var_name": "127", "api": "convolutional", "attr_count": 4, "_input_count": 3, "_output_count": 1, "dim": [1, 1, 960], "data_type": "float32", "bias": [64], "weight": [960, 64, 1, 1], "kernel": null, "in_var_name_list": ["126", "", ""], "out_var_name_list": ["127"]}, "128": {"index": 128, "var_name": "128", "api": "convolutional", "attr_count": 4, "_input_count": 3, "_output_count": 1, "dim": [1, 1, 64], "data_type": "float32", "bias": [960], "weight": [64, 960, 1, 1], "kernel": null, "in_var_name_list": ["127", "", ""], "out_var_name_list": ["128"]}, "129": {"index": 129, "var_name": "129", "api": "scale_channels", "attr_count": 0, "_input_count": 1, "_output_count": 1, "dim": [1, 1, 960], "data_type": "float32", "bias": null, "weight": null, "kernel": null, "in_var_name_list": ["128"], "out_var_name_list": ["129"]}, "130": {"index": 130, "var_name": "130", "api": "convolutional", "attr_count": 6, "_input_count": 6, "_output_count": 1, "dim": [13, 13, 960], "data_type": "float32", "bias": [320], "weight": [960, 320, 1, 1], "kernel": null, "in_var_name_list": ["129", "", "", "", "", ""], "out_var_name_list": ["130"]}, "131": {"index": 131, "var_name": "131", "api": "convolutional", "attr_count": 6, "_input_count": 6, "_output_count": 1, "dim": [13, 13, 320], "data_type": "float32", "bias": [1280], "weight": [320, 1280, 1, 1], "kernel": null, "in_var_name_list": ["130", "", "", "", "", ""], "out_var_name_list": ["131"]}, "132": {"index": 132, "var_name": "132", "api": "convolutional", "attr_count": 6, "_input_count": 6, "_output_count": 1, "dim": [13, 13, 1280], "data_type": "float32", "bias": [256], "weight": [1280, 256, 1, 1], "kernel": null, "in_var_name_list": ["131", "", "", "", "", ""], "out_var_name_list": ["132"]}, "133": {"index": 133, "var_name": "133", "api": "convolutional", "attr_count": 6, "_input_count": 6, "_output_count": 1, "dim": [13, 13, 256], "data_type": "float32", "bias": [256], "weight": [256, 256, 3, 3], "kernel": null, "in_var_name_list": ["132", "", "", "", "", ""], "out_var_name_list": ["133"]}, "134": {"index": 134, "var_name": "134", "api": "shortcut", "attr_count": 1, "_input_count": 1, "_output_count": 1, "dim": [13, 13, 256], "data_type": "float32", "bias": null, "weight": null, "kernel": null, "in_var_name_list": ["133"], "out_var_name_list": ["134"]}, "135": {"index": 135, "var_name": "135", "api": "convolutional", "attr_count": 5, "_input_count": 3, "_output_count": 1, "dim": [13, 13, 256], "data_type": "float32", "bias": [255], "weight": [256, 255, 1, 1], "kernel": null, "in_var_name_list": ["134", "", ""], "out_var_name_list": ["135"]}, "136": {"index": 136, "var_name": "136", "api": "yolo", "attr_count": 8, "_input_count": 1, "_output_count": 1, "dim": [13, 13, 255], "data_type": "float32", "bias": null, "weight": null, "kernel": null, "in_var_name_list": ["135"], "out_var_name_list": ["136"]}, "137": {"index": 137, "var_name": "137", "api": "route", "attr_count": 0, "_input_count": 1, "_output_count": 1, "dim": [13, 13, 256], "data_type": "float32", "bias": null, "weight": null, "kernel": null, "in_var_name_list": ["133"], "out_var_name_list": ["137"]}, "138": {"index": 138, "var_name": "138", "api": "convolutional", "attr_count": 6, "_input_count": 6, "_output_count": 1, "dim": [13, 13, 256], "data_type": "float32", "bias": [128], "weight": [256, 128, 1, 1], "kernel": null, "in_var_name_list": ["137", "", "", "", "", ""], "out_var_name_list": ["138"]}, "139": {"index": 139, "var_name": "139", "api": "upsample", "attr_count": 1, "_input_count": 1, "_output_count": 1, "dim": [13, 13, 128], "data_type": "float32", "bias": null, "weight": null, "kernel": null, "in_var_name_list": ["138"], "out_var_name_list": ["139"]}, "140": {"index": 140, "var_name": "140", "api": "shortcut", "attr_count": 1, "_input_count": 1, "_output_count": 1, "dim": [26, 26, 128], "data_type": "float32", "bias": null, "weight": null, "kernel": null, "in_var_name_list": ["139"], "out_var_name_list": ["140"]}, "141": {"index": 141, "var_name": "141", "api": "convolutional", "attr_count": 6, "_input_count": 6, "_output_count": 1, "dim": [26, 26, 128], "data_type": "float32", "bias": [128], "weight": [128, 128, 3, 3], "kernel": null, "in_var_name_list": ["140", "", "", "", "", ""], "out_var_name_list": ["141"]}, "142": {"index": 142, "var_name": "142", "api": "shortcut", "attr_count": 1, "_input_count": 1, "_output_count": 1, "dim": [26, 26, 128], "data_type": "float32", "bias": null, "weight": null, "kernel": null, "in_var_name_list": ["141"], "out_var_name_list": ["142"]}, "143": {"index": 143, "var_name": "143", "api": "shortcut", "attr_count": 1, "_input_count": 1, "_output_count": 1, "dim": [26, 26, 128], "data_type": "float32", "bias": null, "weight": null, "kernel": null, "in_var_name_list": ["142"], "out_var_name_list": ["143"]}, "144": {"index": 144, "var_name": "144", "api": "convolutional", "attr_count": 5, "_input_count": 3, "_output_count": 1, "dim": [26, 26, 128], "data_type": "float32", "bias": [255], "weight": [128, 255, 1, 1], "kernel": null, "in_var_name_list": ["143", "", ""], "out_var_name_list": ["144"]}, "145": {"index": 145, "var_name": "145", "api": "yolo", "attr_count": 8, "_input_count": 1, "_output_count": 1, "dim": [26, 26, 255], "data_type": "float32", "bias": null, "weight": null, "kernel": null, "in_var_name_list": ["144"], "out_var_name_list": ["145"]}}, "node_count": 146, "edge_list": [{"from": ["73", "convolutional"], "to": ["74", "avgpool"]}, {"from": ["48", "convolutional"], "to": ["49", "avgpool"]}, {"from": ["20", "scale_channels"], "to": ["21", "convolutional"]}, {"from": ["92", "avgpool"], "to": ["93", "convolutional"]}, {"from": ["131", "convolutional"], "to": ["132", "convolutional"]}, {"from": ["143", "shortcut"], "to": ["144", "convolutional"]}, {"from": ["45", "scale_channels"], "to": ["46", "convolutional"]}, {"from": ["74", "avgpool"], "to": ["75", "convolutional"]}, {"from": ["116", "convolutional"], "to": ["117", "avgpool"]}, {"from": ["142", "shortcut"], "to": ["143", "shortcut"]}, {"from": ["111", "scale_channels"], "to": ["112", "convolutional"]}, {"from": ["19", "convolutional"], "to": ["20", "scale_channels"]}, {"from": ["42", "avgpool"], "to": ["43", "convolutional"]}, {"from": ["137", "route"], "to": ["138", "convolutional"]}, {"from": ["12", "convolutional"], "to": ["13", "scale_channels"]}, {"from": ["99", "avgpool"], "to": ["100", "convolutional"]}, {"from": ["112", "convolutional"], "to": ["113", "dropout"]}, {"from": ["31", "convolutional"], "to": ["32", "convolutional"]}, {"from": ["32", "convolutional"], "to": ["33", "avgpool"]}, {"from": ["139", "upsample"], "to": ["140", "shortcut"]}, {"from": ["10", "avgpool"], "to": ["11", "convolutional"]}, {"from": ["132", "convolutional"], "to": ["133", "convolutional"]}, {"from": ["43", "convolutional"], "to": ["44", "convolutional"]}, {"from": ["98", "convolutional"], "to": ["99", "avgpool"]}, {"from": ["121", "convolutional"], "to": ["122", "dropout"]}, {"from": ["69", "convolutional"], "to": ["70", "scale_channels"]}, {"from": ["77", "scale_channels"], "to": ["78", "convolutional"]}, {"from": ["84", "convolutional"], "to": ["85", "convolutional"]}, {"from": ["88", "dropout"], "to": ["89", "shortcut"]}, {"from": ["0", "convolutional"], "to": ["1", "convolutional"]}, {"from": ["58", "avgpool"], "to": ["59", "convolutional"]}, {"from": ["101", "convolutional"], "to": ["102", "scale_channels"]}, {"from": ["4", "convolutional"], "to": ["5", "convolutional"]}, {"from": ["117", "avgpool"], "to": ["118", "convolutional"]}, {"from": ["54", "dropout"], "to": ["55", "shortcut"]}, {"from": ["134", "shortcut"], "to": ["135", "convolutional"]}, {"from": ["129", "scale_channels"], "to": ["130", "convolutional"]}, {"from": ["8", "convolutional"], "to": ["9", "convolutional"]}, {"from": ["110", "convolutional"], "to": ["111", "scale_channels"]}, {"from": ["41", "convolutional"], "to": ["42", "avgpool"]}, {"from": ["109", "convolutional"], "to": ["110", "convolutional"]}, {"from": ["22", "dropout"], "to": ["23", "shortcut"]}, {"from": ["81", "convolutional"], "to": ["82", "convolutional"]}, {"from": ["90", "convolutional"], "to": ["91", "convolutional"]}, {"from": ["21", "convolutional"], "to": ["22", "dropout"]}, {"from": ["28", "convolutional"], "to": ["29", "scale_channels"]}, {"from": ["11", "convolutional"], "to": ["12", "convolutional"]}, {"from": ["55", "shortcut"], "to": ["56", "convolutional"]}, {"from": ["25", "convolutional"], "to": ["26", "avgpool"]}, {"from": ["24", "convolutional"], "to": ["25", "convolutional"]}, {"from": ["6", "scale_channels"], "to": ["7", "convolutional"]}, {"from": ["103", "convolutional"], "to": ["104", "dropout"]}, {"from": ["107", "convolutional"], "to": ["108", "avgpool"]}, {"from": ["79", "dropout"], "to": ["80", "shortcut"]}, {"from": ["85", "convolutional"], "to": ["86", "scale_channels"]}, {"from": ["35", "convolutional"], "to": ["36", "scale_channels"]}, {"from": ["60", "convolutional"], "to": ["61", "scale_channels"]}, {"from": ["63", "dropout"], "to": ["64", "shortcut"]}, {"from": ["86", "scale_channels"], "to": ["87", "convolutional"]}, {"from": ["108", "avgpool"], "to": ["109", "convolutional"]}, {"from": ["104", "dropout"], "to": ["105", "shortcut"]}, {"from": ["122", "dropout"], "to": ["123", "shortcut"]}, {"from": ["83", "avgpool"], "to": ["84", "convolutional"]}, {"from": ["119", "convolutional"], "to": ["120", "scale_channels"]}, {"from": ["105", "shortcut"], "to": ["106", "convolutional"]}, {"from": ["30", "convolutional"], "to": ["31", "convolutional"]}, {"from": ["50", "convolutional"], "to": ["51", "convolutional"]}, {"from": ["133", "convolutional"], "to": ["137", "route"]}, {"from": ["2", "convolutional"], "to": ["3", "avgpool"]}, {"from": ["62", "convolutional"], "to": ["63", "dropout"]}, {"from": ["59", "convolutional"], "to": ["60", "convolutional"]}, {"from": ["39", "shortcut"], "to": ["40", "convolutional"]}, {"from": ["113", "dropout"], "to": ["114", "shortcut"]}, {"from": ["14", "convolutional"], "to": ["15", "convolutional"]}, {"from": ["47", "convolutional"], "to": ["48", "convolutional"]}, {"from": ["133", "convolutional"], "to": ["134", "shortcut"]}, {"from": ["66", "convolutional"], "to": ["67", "avgpool"]}, {"from": ["51", "convolutional"], "to": ["52", "scale_channels"]}, {"from": ["34", "convolutional"], "to": ["35", "convolutional"]}, {"from": ["13", "scale_channels"], "to": ["14", "convolutional"]}, {"from": ["67", "avgpool"], "to": ["68", "convolutional"]}, {"from": ["7", "convolutional"], "to": ["8", "convolutional"]}, {"from": ["46", "convolutional"], "to": ["47", "convolutional"]}, {"from": ["9", "convolutional"], "to": ["10", "avgpool"]}, {"from": ["3", "avgpool"], "to": ["4", "convolutional"]}, {"from": ["115", "convolutional"], "to": ["116", "convolutional"]}, {"from": ["91", "convolutional"], "to": ["92", "avgpool"]}, {"from": ["138", "convolutional"], "to": ["139", "upsample"]}, {"from": ["75", "convolutional"], "to": ["76", "convolutional"]}, {"from": ["23", "shortcut"], "to": ["24", "convolutional"]}, {"from": ["118", "convolutional"], "to": ["119", "convolutional"]}, {"from": ["120", "scale_channels"], "to": ["121", "convolutional"]}, {"from": ["144", "convolutional"], "to": ["145", "yolo"]}, {"from": ["1", "convolutional"], "to": ["2", "convolutional"]}, {"from": ["106", "convolutional"], "to": ["107", "convolutional"]}, {"from": ["95", "scale_channels"], "to": ["96", "convolutional"]}, {"from": ["33", "avgpool"], "to": ["34", "convolutional"]}, {"from": ["29", "scale_channels"], "to": ["30", "convolutional"]}, {"from": ["68", "convolutional"], "to": ["69", "convolutional"]}, {"from": ["141", "convolutional"], "to": ["142", "shortcut"]}, {"from": ["123", "shortcut"], "to": ["124", "convolutional"]}, {"from": ["140", "shortcut"], "to": ["141", "convolutional"]}, {"from": ["36", "scale_channels"], "to": ["37", "convolutional"]}, {"from": ["76", "convolutional"], "to": ["77", "scale_channels"]}, {"from": ["15", "convolutional"], "to": ["16", "convolutional"]}, {"from": ["65", "convolutional"], "to": ["66", "convolutional"]}, {"from": ["16", "convolutional"], "to": ["17", "avgpool"]}, {"from": ["72", "convolutional"], "to": ["73", "convolutional"]}, {"from": ["93", "convolutional"], "to": ["94", "convolutional"]}, {"from": ["38", "dropout"], "to": ["39", "shortcut"]}, {"from": ["64", "shortcut"], "to": ["65", "convolutional"]}, {"from": ["49", "avgpool"], "to": ["50", "convolutional"]}, {"from": ["94", "convolutional"], "to": ["95", "scale_channels"]}, {"from": ["135", "convolutional"], "to": ["136", "yolo"]}, {"from": ["26", "avgpool"], "to": ["27", "convolutional"]}, {"from": ["125", "convolutional"], "to": ["126", "avgpool"]}, {"from": ["87", "convolutional"], "to": ["88", "dropout"]}, {"from": ["78", "convolutional"], "to": ["79", "dropout"]}, {"from": ["57", "convolutional"], "to": ["58", "avgpool"]}, {"from": ["70", "scale_channels"], "to": ["71", "convolutional"]}, {"from": ["17", "avgpool"], "to": ["18", "convolutional"]}, {"from": ["96", "convolutional"], "to": ["97", "convolutional"]}, {"from": ["126", "avgpool"], "to": ["127", "convolutional"]}, {"from": ["5", "convolutional"], "to": ["6", "scale_channels"]}, {"from": ["130", "convolutional"], "to": ["131", "convolutional"]}, {"from": ["53", "convolutional"], "to": ["54", "dropout"]}, {"from": ["89", "shortcut"], "to": ["90", "convolutional"]}, {"from": ["124", "convolutional"], "to": ["125", "convolutional"]}, {"from": ["61", "scale_channels"], "to": ["62", "convolutional"]}, {"from": ["102", "scale_channels"], "to": ["103", "convolutional"]}, {"from": ["97", "convolutional"], "to": ["98", "convolutional"]}, {"from": ["128", "convolutional"], "to": ["129", "scale_channels"]}, {"from": ["80", "shortcut"], "to": ["81", "convolutional"]}, {"from": ["27", "convolutional"], "to": ["28", "convolutional"]}, {"from": ["100", "convolutional"], "to": ["101", "convolutional"]}, {"from": ["56", "convolutional"], "to": ["57", "convolutional"]}, {"from": ["114", "shortcut"], "to": ["115", "convolutional"]}, {"from": ["40", "convolutional"], "to": ["41", "convolutional"]}, {"from": ["71", "convolutional"], "to": ["72", "convolutional"]}, {"from": ["44", "convolutional"], "to": ["45", "scale_channels"]}, {"from": ["82", "convolutional"], "to": ["83", "avgpool"]}, {"from": ["37", "convolutional"], "to": ["38", "dropout"]}, {"from": ["52", "scale_channels"], "to": ["53", "convolutional"]}, {"from": ["127", "convolutional"], "to": ["128", "convolutional"]}, {"from": ["18", "convolutional"], "to": ["19", "convolutional"]}], "edge_count": 145}