{"filename": "rickyHong__@@__py-faster-rcnn-repl__@@__23__@@__stage2_fast_rcnn_train.pt", "original_file_size": 8337, "netron_file_size": 363416, "input_dict": {}, "output_dict": {}, "node_dict": {"data": {"index": 0, "var_name": "data", "api": "Python", "attr_count": 3, "_input_count": 0, "_output_count": 6, "dim": null, "data_type": null, "bias": null, "weight": null, "kernel": null, "in_var_name_list": [], "out_var_name_list": ["data", "rois", "labels", "bbox_targets", "bbox_inside_weights", "bbox_outside_weights"]}, "conv1_1": {"index": 1, "var_name": "conv1_1", "api": "Convolution", "attr_count": 5, "_input_count": 3, "_output_count": 1, "dim": null, "data_type": null, "bias": null, "weight": null, "kernel": null, "in_var_name_list": ["data", "filter", "bias"], "out_var_name_list": ["conv1_1"]}, "conv1_2": {"index": 2, "var_name": "conv1_2", "api": "Convolution", "attr_count": 5, "_input_count": 3, "_output_count": 1, "dim": null, "data_type": null, "bias": null, "weight": null, "kernel": null, "in_var_name_list": ["conv1_1", "filter", "bias"], "out_var_name_list": ["conv1_2"]}, "pool1": {"index": 3, "var_name": "pool1", "api": "Pooling", "attr_count": 2, "_input_count": 1, "_output_count": 1, "dim": null, "data_type": null, "bias": null, "weight": null, "kernel": null, "in_var_name_list": ["conv1_2"], "out_var_name_list": ["pool1"]}, "conv2_1": {"index": 4, "var_name": "conv2_1", "api": "Convolution", "attr_count": 5, "_input_count": 3, "_output_count": 1, "dim": null, "data_type": null, "bias": null, "weight": null, "kernel": null, "in_var_name_list": ["pool1", "filter", "bias"], "out_var_name_list": ["conv2_1"]}, "conv2_2": {"index": 5, "var_name": "conv2_2", "api": "Convolution", "attr_count": 5, "_input_count": 3, "_output_count": 1, "dim": null, "data_type": null, "bias": null, "weight": null, "kernel": null, "in_var_name_list": ["conv2_1", "filter", "bias"], "out_var_name_list": ["conv2_2"]}, "pool2": {"index": 6, "var_name": "pool2", "api": "Pooling", "attr_count": 2, "_input_count": 1, "_output_count": 1, "dim": null, "data_type": null, "bias": null, "weight": null, "kernel": null, "in_var_name_list": ["conv2_2"], "out_var_name_list": ["pool2"]}, "conv3_1": {"index": 7, "var_name": "conv3_1", "api": "Convolution", "attr_count": 5, "_input_count": 3, "_output_count": 1, "dim": null, "data_type": null, "bias": null, "weight": null, "kernel": null, "in_var_name_list": ["pool2", "filter", "bias"], "out_var_name_list": ["conv3_1"]}, "conv3_2": {"index": 8, "var_name": "conv3_2", "api": "Convolution", "attr_count": 5, "_input_count": 3, "_output_count": 1, "dim": null, "data_type": null, "bias": null, "weight": null, "kernel": null, "in_var_name_list": ["conv3_1", "filter", "bias"], "out_var_name_list": ["conv3_2"]}, "conv3_3": {"index": 9, "var_name": "conv3_3", "api": "Convolution", "attr_count": 5, "_input_count": 3, "_output_count": 1, "dim": null, "data_type": null, "bias": null, "weight": null, "kernel": null, "in_var_name_list": ["conv3_2", "filter", "bias"], "out_var_name_list": ["conv3_3"]}, "pool3": {"index": 10, "var_name": "pool3", "api": "Pooling", "attr_count": 2, "_input_count": 1, "_output_count": 1, "dim": null, "data_type": null, "bias": null, "weight": null, "kernel": null, "in_var_name_list": ["conv3_3"], "out_var_name_list": ["pool3"]}, "conv4_1": {"index": 11, "var_name": "conv4_1", "api": "Convolution", "attr_count": 5, "_input_count": 3, "_output_count": 1, "dim": null, "data_type": null, "bias": null, "weight": null, "kernel": null, "in_var_name_list": ["pool3", "filter", "bias"], "out_var_name_list": ["conv4_1"]}, "conv4_2": {"index": 12, "var_name": "conv4_2", "api": "Convolution", "attr_count": 5, "_input_count": 3, "_output_count": 1, "dim": null, "data_type": null, "bias": null, "weight": null, "kernel": null, "in_var_name_list": ["conv4_1", "filter", "bias"], "out_var_name_list": ["conv4_2"]}, "conv4_3": {"index": 13, "var_name": "conv4_3", "api": "Convolution", "attr_count": 5, "_input_count": 3, "_output_count": 1, "dim": null, "data_type": null, "bias": null, "weight": null, "kernel": null, "in_var_name_list": ["conv4_2", "filter", "bias"], "out_var_name_list": ["conv4_3"]}, "pool4": {"index": 14, "var_name": "pool4", "api": "Pooling", "attr_count": 2, "_input_count": 1, "_output_count": 1, "dim": null, "data_type": null, "bias": null, "weight": null, "kernel": null, "in_var_name_list": ["conv4_3"], "out_var_name_list": ["pool4"]}, "conv5_1": {"index": 15, "var_name": "conv5_1", "api": "Convolution", "attr_count": 5, "_input_count": 3, "_output_count": 1, "dim": null, "data_type": null, "bias": null, "weight": null, "kernel": null, "in_var_name_list": ["pool4", "filter", "bias"], "out_var_name_list": ["conv5_1"]}, "conv5_2": {"index": 16, "var_name": "conv5_2", "api": "Convolution", "attr_count": 5, "_input_count": 3, "_output_count": 1, "dim": null, "data_type": null, "bias": null, "weight": null, "kernel": null, "in_var_name_list": ["conv5_1", "filter", "bias"], "out_var_name_list": ["conv5_2"]}, "conv5_3": {"index": 17, "var_name": "conv5_3", "api": "Convolution", "attr_count": 5, "_input_count": 3, "_output_count": 1, "dim": null, "data_type": null, "bias": null, "weight": null, "kernel": null, "in_var_name_list": ["conv5_2", "filter", "bias"], "out_var_name_list": ["conv5_3"]}, "roi_pool5": {"index": 18, "var_name": "roi_pool5", "api": "ROIPooling", "attr_count": 3, "_input_count": 2, "_output_count": 1, "dim": null, "data_type": null, "bias": null, "weight": null, "kernel": null, "in_var_name_list": ["conv5_3", "rois"], "out_var_name_list": ["pool5"]}, "fc6": {"index": 19, "var_name": "fc6", "api": "InnerProduct", "attr_count": 1, "_input_count": 3, "_output_count": 1, "dim": null, "data_type": null, "bias": null, "weight": null, "kernel": null, "in_var_name_list": ["pool5", "weights", "bias"], "out_var_name_list": ["fc6"]}, "fc7": {"index": 20, "var_name": "fc7", "api": "InnerProduct", "attr_count": 1, "_input_count": 3, "_output_count": 1, "dim": null, "data_type": null, "bias": null, "weight": null, "kernel": null, "in_var_name_list": ["fc6", "weights", "bias"], "out_var_name_list": ["fc7"]}, "cls_score": {"index": 21, "var_name": "cls_score", "api": "InnerProduct", "attr_count": 3, "_input_count": 3, "_output_count": 1, "dim": null, "data_type": null, "bias": null, "weight": null, "kernel": null, "in_var_name_list": ["fc7", "weights", "bias"], "out_var_name_list": ["cls_score"]}, "bbox_pred": {"index": 22, "var_name": "bbox_pred", "api": "InnerProduct", "attr_count": 3, "_input_count": 3, "_output_count": 1, "dim": null, "data_type": null, "bias": null, "weight": null, "kernel": null, "in_var_name_list": ["fc7", "weights", "bias"], "out_var_name_list": ["bbox_pred"]}, "loss_cls": {"index": 23, "var_name": "loss_cls", "api": "SoftmaxWithLoss", "attr_count": 0, "_input_count": 2, "_output_count": 1, "dim": null, "data_type": null, "bias": null, "weight": null, "kernel": null, "in_var_name_list": ["cls_score", "labels"], "out_var_name_list": ["loss_cls"]}, "loss_bbox": {"index": 24, "var_name": "loss_bbox", "api": "SmoothL1Loss", "attr_count": 0, "_input_count": 4, "_output_count": 1, "dim": null, "data_type": null, "bias": null, "weight": null, "kernel": null, "in_var_name_list": ["bbox_pred", "bbox_targets", "bbox_inside_weights", "bbox_outside_weights"], "out_var_name_list": ["loss_bbox"]}, "rpn_conv/3x3": {"index": 25, "var_name": "rpn_conv/3x3", "api": "Convolution", "attr_count": 7, "_input_count": 3, "_output_count": 1, "dim": null, "data_type": null, "bias": null, "weight": null, "kernel": null, "in_var_name_list": ["conv5_3", "filter", "bias"], "out_var_name_list": ["rpn/output"]}, "rpn_cls_score": {"index": 26, "var_name": "rpn_cls_score", "api": "Convolution", "attr_count": 7, "_input_count": 3, "_output_count": 1, "dim": null, "data_type": null, "bias": null, "weight": null, "kernel": null, "in_var_name_list": ["rpn/output", "filter", "bias"], "out_var_name_list": ["rpn_cls_score"]}, "rpn_bbox_pred": {"index": 27, "var_name": "rpn_bbox_pred", "api": "Convolution", "attr_count": 7, "_input_count": 3, "_output_count": 1, "dim": null, "data_type": null, "bias": null, "weight": null, "kernel": null, "in_var_name_list": ["rpn/output", "filter", "bias"], "out_var_name_list": ["rpn_bbox_pred"]}, "silence_rpn_cls_score": {"index": 28, "var_name": "silence_rpn_cls_score", "api": "Silence", "attr_count": 0, "_input_count": 1, "_output_count": 0, "dim": null, "data_type": null, "bias": null, "weight": null, "kernel": null, "in_var_name_list": ["rpn_cls_score"], "out_var_name_list": []}, "silence_rpn_bbox_pred": {"index": 29, "var_name": "silence_rpn_bbox_pred", "api": "Silence", "attr_count": 0, "_input_count": 1, "_output_count": 0, "dim": null, "data_type": null, "bias": null, "weight": null, "kernel": null, "in_var_name_list": ["rpn_bbox_pred"], "out_var_name_list": []}}, "node_count": 30, "edge_list": [{"from": ["conv5_2", "Convolution"], "to": ["conv5_3", "Convolution"]}, {"from": ["conv2_1", "Convolution"], "to": ["conv2_2", "Convolution"]}, {"from": ["fc7", "InnerProduct"], "to": ["cls_score", "InnerProduct"]}, {"from": ["conv4_1", "Convolution"], "to": ["conv4_2", "Convolution"]}, {"from": ["fc6", "InnerProduct"], "to": ["fc7", "InnerProduct"]}, {"from": ["data", "Python"], "to": ["loss_bbox", "SmoothL1Loss"]}, {"from": ["conv2_2", "Convolution"], "to": ["pool2", "Pooling"]}, {"from": ["rpn_conv/3x3", "Convolution"], "to": ["rpn_cls_score", "Convolution"]}, {"from": ["rpn_cls_score", "Convolution"], "to": ["silence_rpn_cls_score", "Silence"]}, {"from": ["pool2", "Pooling"], "to": ["conv3_1", "Convolution"]}, {"from": ["conv3_2", "Convolution"], "to": ["conv3_3", "Convolution"]}, {"from": ["fc7", "InnerProduct"], "to": ["bbox_pred", "InnerProduct"]}, {"from": ["conv5_3", "Convolution"], "to": ["roi_pool5", "ROIPooling"]}, {"from": ["data", "Python"], "to": ["roi_pool5", "ROIPooling"]}, {"from": ["rpn_bbox_pred", "Convolution"], "to": ["silence_rpn_bbox_pred", "Silence"]}, {"from": ["cls_score", "InnerProduct"], "to": ["loss_cls", "SoftmaxWithLoss"]}, {"from": ["rpn_conv/3x3", "Convolution"], "to": ["rpn_bbox_pred", "Convolution"]}, {"from": ["conv3_1", "Convolution"], "to": ["conv3_2", "Convolution"]}, {"from": ["conv3_3", "Convolution"], "to": ["pool3", "Pooling"]}, {"from": ["roi_pool5", "ROIPooling"], "to": ["fc6", "InnerProduct"]}, {"from": ["data", "Python"], "to": ["loss_cls", "SoftmaxWithLoss"]}, {"from": ["pool4", "Pooling"], "to": ["conv5_1", "Convolution"]}, {"from": ["conv5_1", "Convolution"], "to": ["conv5_2", "Convolution"]}, {"from": ["bbox_pred", "InnerProduct"], "to": ["loss_bbox", "SmoothL1Loss"]}, {"from": ["conv1_1", "Convolution"], "to": ["conv1_2", "Convolution"]}, {"from": ["conv5_3", "Convolution"], "to": ["rpn_conv/3x3", "Convolution"]}, {"from": ["pool3", "Pooling"], "to": ["conv4_1", "Convolution"]}, {"from": ["conv1_2", "Convolution"], "to": ["pool1", "Pooling"]}, {"from": ["conv4_2", "Convolution"], "to": ["conv4_3", "Convolution"]}, {"from": ["pool1", "Pooling"], "to": ["conv2_1", "Convolution"]}, {"from": ["conv4_3", "Convolution"], "to": ["pool4", "Pooling"]}, {"from": ["data", "Python"], "to": ["conv1_1", "Convolution"]}], "edge_count": 32}