{"filename": "rickyHong__@@__FPN-repl__@@__39__@@__linreg.prototxt", "original_file_size": 1302, "netron_file_size": 35525, "input_dict": {}, "output_dict": {}, "node_dict": {"x": {"index": 0, "var_name": "x", "api": "DummyData", "attr_count": 6, "_input_count": 0, "_output_count": 1, "dim": null, "data_type": null, "bias": null, "weight": null, "kernel": null, "in_var_name_list": [], "out_var_name_list": ["x"]}, "y": {"index": 1, "var_name": "y", "api": "DummyData", "attr_count": 6, "_input_count": 0, "_output_count": 1, "dim": null, "data_type": null, "bias": null, "weight": null, "kernel": null, "in_var_name_list": [], "out_var_name_list": ["y"]}, "ipx": {"index": 2, "var_name": "ipx", "api": "InnerProduct", "attr_count": 2, "_input_count": 3, "_output_count": 1, "dim": null, "data_type": null, "bias": null, "weight": null, "kernel": null, "in_var_name_list": ["x", "weights", "bias"], "out_var_name_list": ["ipx"]}, "ipy": {"index": 3, "var_name": "ipy", "api": "InnerProduct", "attr_count": 2, "_input_count": 3, "_output_count": 1, "dim": null, "data_type": null, "bias": null, "weight": null, "kernel": null, "in_var_name_list": ["y", "weights", "bias"], "out_var_name_list": ["ipy"]}, "loss": {"index": 4, "var_name": "loss", "api": "Python", "attr_count": 2, "_input_count": 2, "_output_count": 1, "dim": null, "data_type": null, "bias": null, "weight": null, "kernel": null, "in_var_name_list": ["ipx", "ipy"], "out_var_name_list": ["loss"]}}, "node_count": 5, "edge_list": [{"from": ["x", "DummyData"], "to": ["ipx", "InnerProduct"]}, {"from": ["y", "DummyData"], "to": ["ipy", "InnerProduct"]}, {"from": ["ipx", "InnerProduct"], "to": ["loss", "Python"]}, {"from": ["ipy", "InnerProduct"], "to": ["loss", "Python"]}], "edge_count": 4}