{"filename": "ruyueshuo__@@__YOLOv4_Deployment__@@__28__@@__efficientnet-lite3.cfg", "original_file_size": 12615, "netron_file_size": 160689, "input_dict": {"input": {"data_type": "float32", "dim": [288, 288, 3]}}, "output_dict": {}, "node_dict": {"0": {"index": 0, "var_name": "0", "api": "convolutional", "attr_count": 6, "_input_count": 6, "_output_count": 1, "dim": [288, 288, 3], "data_type": "float32", "bias": [40], "weight": [3, 40, 3, 3], "kernel": null, "in_var_name_list": ["input", "", "", "", "", ""], "out_var_name_list": ["0"]}, "1": {"index": 1, "var_name": "1", "api": "convolutional", "attr_count": 6, "_input_count": 6, "_output_count": 1, "dim": [144, 144, 40], "data_type": "float32", "bias": [40], "weight": [40, 40, 1, 1], "kernel": null, "in_var_name_list": ["0", "", "", "", "", ""], "out_var_name_list": ["1"]}, "2": {"index": 2, "var_name": "2", "api": "convolutional", "attr_count": 7, "_input_count": 6, "_output_count": 1, "dim": [144, 144, 40], "data_type": "float32", "bias": [40], "weight": [1, 40, 3, 3], "kernel": null, "in_var_name_list": ["1", "", "", "", "", ""], "out_var_name_list": ["2"]}, "3": {"index": 3, "var_name": "3", "api": "convolutional", "attr_count": 6, "_input_count": 6, "_output_count": 1, "dim": [144, 144, 40], "data_type": "float32", "bias": [16], "weight": [40, 16, 1, 1], "kernel": null, "in_var_name_list": ["2", "", "", "", "", ""], "out_var_name_list": ["3"]}, "4": {"index": 4, "var_name": "4", "api": "convolutional", "attr_count": 6, "_input_count": 6, "_output_count": 1, "dim": [144, 144, 16], "data_type": "float32", "bias": [40], "weight": [16, 40, 1, 1], "kernel": null, "in_var_name_list": ["3", "", "", "", "", ""], "out_var_name_list": ["4"]}, "5": {"index": 5, "var_name": "5", "api": "convolutional", "attr_count": 7, "_input_count": 6, "_output_count": 1, "dim": [144, 144, 40], "data_type": "float32", "bias": [40], "weight": [1, 40, 3, 3], "kernel": null, "in_var_name_list": ["4", "", "", "", "", ""], "out_var_name_list": ["5"]}, "6": {"index": 6, "var_name": "6", "api": "convolutional", "attr_count": 6, "_input_count": 6, "_output_count": 1, "dim": [144, 144, 40], "data_type": "float32", "bias": [16], "weight": [40, 16, 1, 1], "kernel": null, "in_var_name_list": ["5", "", "", "", "", ""], "out_var_name_list": ["6"]}, "7": {"index": 7, "var_name": "7", "api": "dropout", "attr_count": 1, "_input_count": 1, "_output_count": 1, "dim": [144, 144, 16], "data_type": "float32", "bias": null, "weight": null, "kernel": null, "in_var_name_list": ["6"], "out_var_name_list": ["7"]}, "8": {"index": 8, "var_name": "8", "api": "shortcut", "attr_count": 1, "_input_count": 1, "_output_count": 1, "dim": [144, 144, 16], "data_type": "float32", "bias": null, "weight": null, "kernel": null, "in_var_name_list": ["7"], "out_var_name_list": ["8"]}, "9": {"index": 9, "var_name": "9", "api": "convolutional", "attr_count": 6, "_input_count": 6, "_output_count": 1, "dim": [144, 144, 16], "data_type": "float32", "bias": [112], "weight": [16, 112, 1, 1], "kernel": null, "in_var_name_list": ["8", "", "", "", "", ""], "out_var_name_list": ["9"]}, "10": {"index": 10, "var_name": "10", "api": "convolutional", "attr_count": 7, "_input_count": 6, "_output_count": 1, "dim": [144, 144, 112], "data_type": "float32", "bias": [112], "weight": [1, 112, 3, 3], "kernel": null, "in_var_name_list": ["9", "", "", "", "", ""], "out_var_name_list": ["10"]}, "11": {"index": 11, "var_name": "11", "api": "convolutional", "attr_count": 6, "_input_count": 6, "_output_count": 1, "dim": [72, 72, 112], "data_type": "float32", "bias": [32], "weight": [112, 32, 1, 1], "kernel": null, "in_var_name_list": ["10", "", "", "", "", ""], "out_var_name_list": ["11"]}, "12": {"index": 12, "var_name": "12", "api": "convolutional", "attr_count": 6, "_input_count": 6, "_output_count": 1, "dim": [72, 72, 32], "data_type": "float32", "bias": [176], "weight": [32, 176, 1, 1], "kernel": null, "in_var_name_list": ["11", "", "", "", "", ""], "out_var_name_list": ["12"]}, "13": {"index": 13, "var_name": "13", "api": "convolutional", "attr_count": 7, "_input_count": 6, "_output_count": 1, "dim": [72, 72, 176], "data_type": "float32", "bias": [176], "weight": [1, 176, 3, 3], "kernel": null, "in_var_name_list": ["12", "", "", "", "", ""], "out_var_name_list": ["13"]}, "14": {"index": 14, "var_name": "14", "api": "convolutional", "attr_count": 6, "_input_count": 6, "_output_count": 1, "dim": [72, 72, 176], "data_type": "float32", "bias": [32], "weight": [176, 32, 1, 1], "kernel": null, "in_var_name_list": ["13", "", "", "", "", ""], "out_var_name_list": ["14"]}, "15": {"index": 15, "var_name": "15", "api": "dropout", "attr_count": 1, "_input_count": 1, "_output_count": 1, "dim": [72, 72, 32], "data_type": "float32", "bias": null, "weight": null, "kernel": null, "in_var_name_list": ["14"], "out_var_name_list": ["15"]}, "16": {"index": 16, "var_name": "16", "api": "shortcut", "attr_count": 1, "_input_count": 1, "_output_count": 1, "dim": [72, 72, 32], "data_type": "float32", "bias": null, "weight": null, "kernel": null, "in_var_name_list": ["15"], "out_var_name_list": ["16"]}, "17": {"index": 17, "var_name": "17", "api": "convolutional", "attr_count": 6, "_input_count": 6, "_output_count": 1, "dim": [72, 72, 32], "data_type": "float32", "bias": [176], "weight": [32, 176, 1, 1], "kernel": null, "in_var_name_list": ["16", "", "", "", "", ""], "out_var_name_list": ["17"]}, "18": {"index": 18, "var_name": "18", "api": "convolutional", "attr_count": 7, "_input_count": 6, "_output_count": 1, "dim": [72, 72, 176], "data_type": "float32", "bias": [176], "weight": [1, 176, 3, 3], "kernel": null, "in_var_name_list": ["17", "", "", "", "", ""], "out_var_name_list": ["18"]}, "19": {"index": 19, "var_name": "19", "api": "convolutional", "attr_count": 6, "_input_count": 6, "_output_count": 1, "dim": [72, 72, 176], "data_type": "float32", "bias": [32], "weight": [176, 32, 1, 1], "kernel": null, "in_var_name_list": ["18", "", "", "", "", ""], "out_var_name_list": ["19"]}, "20": {"index": 20, "var_name": "20", "api": "dropout", "attr_count": 1, "_input_count": 1, "_output_count": 1, "dim": [72, 72, 32], "data_type": "float32", "bias": null, "weight": null, "kernel": null, "in_var_name_list": ["19"], "out_var_name_list": ["20"]}, "21": {"index": 21, "var_name": "21", "api": "shortcut", "attr_count": 1, "_input_count": 1, "_output_count": 1, "dim": [72, 72, 32], "data_type": "float32", "bias": null, "weight": null, "kernel": null, "in_var_name_list": ["20"], "out_var_name_list": ["21"]}, "22": {"index": 22, "var_name": "22", "api": "convolutional", "attr_count": 6, "_input_count": 6, "_output_count": 1, "dim": [72, 72, 32], "data_type": "float32", "bias": [176], "weight": [32, 176, 1, 1], "kernel": null, "in_var_name_list": ["21", "", "", "", "", ""], "out_var_name_list": ["22"]}, "23": {"index": 23, "var_name": "23", "api": "convolutional", "attr_count": 7, "_input_count": 6, "_output_count": 1, "dim": [72, 72, 176], "data_type": "float32", "bias": [176], "weight": [1, 176, 5, 5], "kernel": null, "in_var_name_list": ["22", "", "", "", "", ""], "out_var_name_list": ["23"]}, "24": {"index": 24, "var_name": "24", "api": "convolutional", "attr_count": 6, "_input_count": 6, "_output_count": 1, "dim": [36, 36, 176], "data_type": "float32", "bias": [48], "weight": [176, 48, 1, 1], "kernel": null, "in_var_name_list": ["23", "", "", "", "", ""], "out_var_name_list": ["24"]}, "25": {"index": 25, "var_name": "25", "api": "convolutional", "attr_count": 6, "_input_count": 6, "_output_count": 1, "dim": [36, 36, 48], "data_type": "float32", "bias": [232], "weight": [48, 232, 1, 1], "kernel": null, "in_var_name_list": ["24", "", "", "", "", ""], "out_var_name_list": ["25"]}, "26": {"index": 26, "var_name": "26", "api": "convolutional", "attr_count": 7, "_input_count": 6, "_output_count": 1, "dim": [36, 36, 232], "data_type": "float32", "bias": [232], "weight": [1, 232, 5, 5], "kernel": null, "in_var_name_list": ["25", "", "", "", "", ""], "out_var_name_list": ["26"]}, "27": {"index": 27, "var_name": "27", "api": "convolutional", "attr_count": 6, "_input_count": 6, "_output_count": 1, "dim": [36, 36, 232], "data_type": "float32", "bias": [48], "weight": [232, 48, 1, 1], "kernel": null, "in_var_name_list": ["26", "", "", "", "", ""], "out_var_name_list": ["27"]}, "28": {"index": 28, "var_name": "28", "api": "dropout", "attr_count": 1, "_input_count": 1, "_output_count": 1, "dim": [36, 36, 48], "data_type": "float32", "bias": null, "weight": null, "kernel": null, "in_var_name_list": ["27"], "out_var_name_list": ["28"]}, "29": {"index": 29, "var_name": "29", "api": "shortcut", "attr_count": 1, "_input_count": 1, "_output_count": 1, "dim": [36, 36, 48], "data_type": "float32", "bias": null, "weight": null, "kernel": null, "in_var_name_list": ["28"], "out_var_name_list": ["29"]}, "30": {"index": 30, "var_name": "30", "api": "convolutional", "attr_count": 6, "_input_count": 6, "_output_count": 1, "dim": [36, 36, 48], "data_type": "float32", "bias": [232], "weight": [48, 232, 1, 1], "kernel": null, "in_var_name_list": ["29", "", "", "", "", ""], "out_var_name_list": ["30"]}, "31": {"index": 31, "var_name": "31", "api": "convolutional", "attr_count": 7, "_input_count": 6, "_output_count": 1, "dim": [36, 36, 232], "data_type": "float32", "bias": [232], "weight": [1, 232, 5, 5], "kernel": null, "in_var_name_list": ["30", "", "", "", "", ""], "out_var_name_list": ["31"]}, "32": {"index": 32, "var_name": "32", "api": "convolutional", "attr_count": 6, "_input_count": 6, "_output_count": 1, "dim": [36, 36, 232], "data_type": "float32", "bias": [48], "weight": [232, 48, 1, 1], "kernel": null, "in_var_name_list": ["31", "", "", "", "", ""], "out_var_name_list": ["32"]}, "33": {"index": 33, "var_name": "33", "api": "dropout", "attr_count": 1, "_input_count": 1, "_output_count": 1, "dim": [36, 36, 48], "data_type": "float32", "bias": null, "weight": null, "kernel": null, "in_var_name_list": ["32"], "out_var_name_list": ["33"]}, "34": {"index": 34, "var_name": "34", "api": "shortcut", "attr_count": 1, "_input_count": 1, "_output_count": 1, "dim": [36, 36, 48], "data_type": "float32", "bias": null, "weight": null, "kernel": null, "in_var_name_list": ["33"], "out_var_name_list": ["34"]}, "35": {"index": 35, "var_name": "35", "api": "convolutional", "attr_count": 6, "_input_count": 6, "_output_count": 1, "dim": [36, 36, 48], "data_type": "float32", "bias": [232], "weight": [48, 232, 1, 1], "kernel": null, "in_var_name_list": ["34", "", "", "", "", ""], "out_var_name_list": ["35"]}, "36": {"index": 36, "var_name": "36", "api": "convolutional", "attr_count": 7, "_input_count": 6, "_output_count": 1, "dim": [36, 36, 232], "data_type": "float32", "bias": [232], "weight": [1, 232, 3, 3], "kernel": null, "in_var_name_list": ["35", "", "", "", "", ""], "out_var_name_list": ["36"]}, "37": {"index": 37, "var_name": "37", "api": "convolutional", "attr_count": 6, "_input_count": 6, "_output_count": 1, "dim": [36, 36, 232], "data_type": "float32", "bias": [96], "weight": [232, 96, 1, 1], "kernel": null, "in_var_name_list": ["36", "", "", "", "", ""], "out_var_name_list": ["37"]}, "38": {"index": 38, "var_name": "38", "api": "convolutional", "attr_count": 6, "_input_count": 6, "_output_count": 1, "dim": [36, 36, 96], "data_type": "float32", "bias": [464], "weight": [96, 464, 1, 1], "kernel": null, "in_var_name_list": ["37", "", "", "", "", ""], "out_var_name_list": ["38"]}, "39": {"index": 39, "var_name": "39", "api": "convolutional", "attr_count": 7, "_input_count": 6, "_output_count": 1, "dim": [36, 36, 464], "data_type": "float32", "bias": [464], "weight": [1, 464, 3, 3], "kernel": null, "in_var_name_list": ["38", "", "", "", "", ""], "out_var_name_list": ["39"]}, "40": {"index": 40, "var_name": "40", "api": "convolutional", "attr_count": 6, "_input_count": 6, "_output_count": 1, "dim": [36, 36, 464], "data_type": "float32", "bias": [96], "weight": [464, 96, 1, 1], "kernel": null, "in_var_name_list": ["39", "", "", "", "", ""], "out_var_name_list": ["40"]}, "41": {"index": 41, "var_name": "41", "api": "dropout", "attr_count": 1, "_input_count": 1, "_output_count": 1, "dim": [36, 36, 96], "data_type": "float32", "bias": null, "weight": null, "kernel": null, "in_var_name_list": ["40"], "out_var_name_list": ["41"]}, "42": {"index": 42, "var_name": "42", "api": "shortcut", "attr_count": 1, "_input_count": 1, "_output_count": 1, "dim": [36, 36, 96], "data_type": "float32", "bias": null, "weight": null, "kernel": null, "in_var_name_list": ["41"], "out_var_name_list": ["42"]}, "43": {"index": 43, "var_name": "43", "api": "convolutional", "attr_count": 6, "_input_count": 6, "_output_count": 1, "dim": [36, 36, 96], "data_type": "float32", "bias": [464], "weight": [96, 464, 1, 1], "kernel": null, "in_var_name_list": ["42", "", "", "", "", ""], "out_var_name_list": ["43"]}, "44": {"index": 44, "var_name": "44", "api": "convolutional", "attr_count": 7, "_input_count": 6, "_output_count": 1, "dim": [36, 36, 464], "data_type": "float32", "bias": [464], "weight": [1, 464, 3, 3], "kernel": null, "in_var_name_list": ["43", "", "", "", "", ""], "out_var_name_list": ["44"]}, "45": {"index": 45, "var_name": "45", "api": "convolutional", "attr_count": 6, "_input_count": 6, "_output_count": 1, "dim": [36, 36, 464], "data_type": "float32", "bias": [96], "weight": [464, 96, 1, 1], "kernel": null, "in_var_name_list": ["44", "", "", "", "", ""], "out_var_name_list": ["45"]}, "46": {"index": 46, "var_name": "46", "api": "dropout", "attr_count": 1, "_input_count": 1, "_output_count": 1, "dim": [36, 36, 96], "data_type": "float32", "bias": null, "weight": null, "kernel": null, "in_var_name_list": ["45"], "out_var_name_list": ["46"]}, "47": {"index": 47, "var_name": "47", "api": "shortcut", "attr_count": 1, "_input_count": 1, "_output_count": 1, "dim": [36, 36, 96], "data_type": "float32", "bias": null, "weight": null, "kernel": null, "in_var_name_list": ["46"], "out_var_name_list": ["47"]}, "48": {"index": 48, "var_name": "48", "api": "convolutional", "attr_count": 6, "_input_count": 6, "_output_count": 1, "dim": [36, 36, 96], "data_type": "float32", "bias": [464], "weight": [96, 464, 1, 1], "kernel": null, "in_var_name_list": ["47", "", "", "", "", ""], "out_var_name_list": ["48"]}, "49": {"index": 49, "var_name": "49", "api": "convolutional", "attr_count": 7, "_input_count": 6, "_output_count": 1, "dim": [36, 36, 464], "data_type": "float32", "bias": [464], "weight": [1, 464, 3, 3], "kernel": null, "in_var_name_list": ["48", "", "", "", "", ""], "out_var_name_list": ["49"]}, "50": {"index": 50, "var_name": "50", "api": "convolutional", "attr_count": 6, "_input_count": 6, "_output_count": 1, "dim": [36, 36, 464], "data_type": "float32", "bias": [96], "weight": [464, 96, 1, 1], "kernel": null, "in_var_name_list": ["49", "", "", "", "", ""], "out_var_name_list": ["50"]}, "51": {"index": 51, "var_name": "51", "api": "dropout", "attr_count": 1, "_input_count": 1, "_output_count": 1, "dim": [36, 36, 96], "data_type": "float32", "bias": null, "weight": null, "kernel": null, "in_var_name_list": ["50"], "out_var_name_list": ["51"]}, "52": {"index": 52, "var_name": "52", "api": "shortcut", "attr_count": 1, "_input_count": 1, "_output_count": 1, "dim": [36, 36, 96], "data_type": "float32", "bias": null, "weight": null, "kernel": null, "in_var_name_list": ["51"], "out_var_name_list": ["52"]}, "53": {"index": 53, "var_name": "53", "api": "convolutional", "attr_count": 6, "_input_count": 6, "_output_count": 1, "dim": [36, 36, 96], "data_type": "float32", "bias": [464], "weight": [96, 464, 1, 1], "kernel": null, "in_var_name_list": ["52", "", "", "", "", ""], "out_var_name_list": ["53"]}, "54": {"index": 54, "var_name": "54", "api": "convolutional", "attr_count": 7, "_input_count": 6, "_output_count": 1, "dim": [36, 36, 464], "data_type": "float32", "bias": [464], "weight": [1, 464, 3, 3], "kernel": null, "in_var_name_list": ["53", "", "", "", "", ""], "out_var_name_list": ["54"]}, "55": {"index": 55, "var_name": "55", "api": "convolutional", "attr_count": 6, "_input_count": 6, "_output_count": 1, "dim": [36, 36, 464], "data_type": "float32", "bias": [96], "weight": [464, 96, 1, 1], "kernel": null, "in_var_name_list": ["54", "", "", "", "", ""], "out_var_name_list": ["55"]}, "56": {"index": 56, "var_name": "56", "api": "dropout", "attr_count": 1, "_input_count": 1, "_output_count": 1, "dim": [36, 36, 96], "data_type": "float32", "bias": null, "weight": null, "kernel": null, "in_var_name_list": ["55"], "out_var_name_list": ["56"]}, "57": {"index": 57, "var_name": "57", "api": "shortcut", "attr_count": 1, "_input_count": 1, "_output_count": 1, "dim": [36, 36, 96], "data_type": "float32", "bias": null, "weight": null, "kernel": null, "in_var_name_list": ["56"], "out_var_name_list": ["57"]}, "58": {"index": 58, "var_name": "58", "api": "convolutional", "attr_count": 6, "_input_count": 6, "_output_count": 1, "dim": [36, 36, 96], "data_type": "float32", "bias": [464], "weight": [96, 464, 1, 1], "kernel": null, "in_var_name_list": ["57", "", "", "", "", ""], "out_var_name_list": ["58"]}, "59": {"index": 59, "var_name": "59", "api": "convolutional", "attr_count": 7, "_input_count": 6, "_output_count": 1, "dim": [36, 36, 464], "data_type": "float32", "bias": [464], "weight": [1, 464, 5, 5], "kernel": null, "in_var_name_list": ["58", "", "", "", "", ""], "out_var_name_list": ["59"]}, "60": {"index": 60, "var_name": "60", "api": "convolutional", "attr_count": 6, "_input_count": 6, "_output_count": 1, "dim": [18, 18, 464], "data_type": "float32", "bias": [136], "weight": [464, 136, 1, 1], "kernel": null, "in_var_name_list": ["59", "", "", "", "", ""], "out_var_name_list": ["60"]}, "61": {"index": 61, "var_name": "61", "api": "convolutional", "attr_count": 6, "_input_count": 6, "_output_count": 1, "dim": [18, 18, 136], "data_type": "float32", "bias": [688], "weight": [136, 688, 1, 1], "kernel": null, "in_var_name_list": ["60", "", "", "", "", ""], "out_var_name_list": ["61"]}, "62": {"index": 62, "var_name": "62", "api": "convolutional", "attr_count": 7, "_input_count": 6, "_output_count": 1, "dim": [18, 18, 688], "data_type": "float32", "bias": [688], "weight": [1, 688, 5, 5], "kernel": null, "in_var_name_list": ["61", "", "", "", "", ""], "out_var_name_list": ["62"]}, "63": {"index": 63, "var_name": "63", "api": "convolutional", "attr_count": 6, "_input_count": 6, "_output_count": 1, "dim": [18, 18, 688], "data_type": "float32", "bias": [136], "weight": [688, 136, 1, 1], "kernel": null, "in_var_name_list": ["62", "", "", "", "", ""], "out_var_name_list": ["63"]}, "64": {"index": 64, "var_name": "64", "api": "dropout", "attr_count": 1, "_input_count": 1, "_output_count": 1, "dim": [18, 18, 136], "data_type": "float32", "bias": null, "weight": null, "kernel": null, "in_var_name_list": ["63"], "out_var_name_list": ["64"]}, "65": {"index": 65, "var_name": "65", "api": "shortcut", "attr_count": 1, "_input_count": 1, "_output_count": 1, "dim": [18, 18, 136], "data_type": "float32", "bias": null, "weight": null, "kernel": null, "in_var_name_list": ["64"], "out_var_name_list": ["65"]}, "66": {"index": 66, "var_name": "66", "api": "convolutional", "attr_count": 6, "_input_count": 6, "_output_count": 1, "dim": [18, 18, 136], "data_type": "float32", "bias": [688], "weight": [136, 688, 1, 1], "kernel": null, "in_var_name_list": ["65", "", "", "", "", ""], "out_var_name_list": ["66"]}, "67": {"index": 67, "var_name": "67", "api": "convolutional", "attr_count": 7, "_input_count": 6, "_output_count": 1, "dim": [18, 18, 688], "data_type": "float32", "bias": [688], "weight": [1, 688, 5, 5], "kernel": null, "in_var_name_list": ["66", "", "", "", "", ""], "out_var_name_list": ["67"]}, "68": {"index": 68, "var_name": "68", "api": "convolutional", "attr_count": 6, "_input_count": 6, "_output_count": 1, "dim": [18, 18, 688], "data_type": "float32", "bias": [136], "weight": [688, 136, 1, 1], "kernel": null, "in_var_name_list": ["67", "", "", "", "", ""], "out_var_name_list": ["68"]}, "69": {"index": 69, "var_name": "69", "api": "dropout", "attr_count": 1, "_input_count": 1, "_output_count": 1, "dim": [18, 18, 136], "data_type": "float32", "bias": null, "weight": null, "kernel": null, "in_var_name_list": ["68"], "out_var_name_list": ["69"]}, "70": {"index": 70, "var_name": "70", "api": "shortcut", "attr_count": 1, "_input_count": 1, "_output_count": 1, "dim": [18, 18, 136], "data_type": "float32", "bias": null, "weight": null, "kernel": null, "in_var_name_list": ["69"], "out_var_name_list": ["70"]}, "71": {"index": 71, "var_name": "71", "api": "convolutional", "attr_count": 6, "_input_count": 6, "_output_count": 1, "dim": [18, 18, 136], "data_type": "float32", "bias": [688], "weight": [136, 688, 1, 1], "kernel": null, "in_var_name_list": ["70", "", "", "", "", ""], "out_var_name_list": ["71"]}, "72": {"index": 72, "var_name": "72", "api": "convolutional", "attr_count": 7, "_input_count": 6, "_output_count": 1, "dim": [18, 18, 688], "data_type": "float32", "bias": [688], "weight": [1, 688, 5, 5], "kernel": null, "in_var_name_list": ["71", "", "", "", "", ""], "out_var_name_list": ["72"]}, "73": {"index": 73, "var_name": "73", "api": "convolutional", "attr_count": 6, "_input_count": 6, "_output_count": 1, "dim": [18, 18, 688], "data_type": "float32", "bias": [136], "weight": [688, 136, 1, 1], "kernel": null, "in_var_name_list": ["72", "", "", "", "", ""], "out_var_name_list": ["73"]}, "74": {"index": 74, "var_name": "74", "api": "dropout", "attr_count": 1, "_input_count": 1, "_output_count": 1, "dim": [18, 18, 136], "data_type": "float32", "bias": null, "weight": null, "kernel": null, "in_var_name_list": ["73"], "out_var_name_list": ["74"]}, "75": {"index": 75, "var_name": "75", "api": "shortcut", "attr_count": 1, "_input_count": 1, "_output_count": 1, "dim": [18, 18, 136], "data_type": "float32", "bias": null, "weight": null, "kernel": null, "in_var_name_list": ["74"], "out_var_name_list": ["75"]}, "76": {"index": 76, "var_name": "76", "api": "convolutional", "attr_count": 6, "_input_count": 6, "_output_count": 1, "dim": [18, 18, 136], "data_type": "float32", "bias": [688], "weight": [136, 688, 1, 1], "kernel": null, "in_var_name_list": ["75", "", "", "", "", ""], "out_var_name_list": ["76"]}, "77": {"index": 77, "var_name": "77", "api": "convolutional", "attr_count": 7, "_input_count": 6, "_output_count": 1, "dim": [18, 18, 688], "data_type": "float32", "bias": [688], "weight": [1, 688, 5, 5], "kernel": null, "in_var_name_list": ["76", "", "", "", "", ""], "out_var_name_list": ["77"]}, "78": {"index": 78, "var_name": "78", "api": "convolutional", "attr_count": 6, "_input_count": 6, "_output_count": 1, "dim": [18, 18, 688], "data_type": "float32", "bias": [136], "weight": [688, 136, 1, 1], "kernel": null, "in_var_name_list": ["77", "", "", "", "", ""], "out_var_name_list": ["78"]}, "79": {"index": 79, "var_name": "79", "api": "dropout", "attr_count": 1, "_input_count": 1, "_output_count": 1, "dim": [18, 18, 136], "data_type": "float32", "bias": null, "weight": null, "kernel": null, "in_var_name_list": ["78"], "out_var_name_list": ["79"]}, "80": {"index": 80, "var_name": "80", "api": "shortcut", "attr_count": 1, "_input_count": 1, "_output_count": 1, "dim": [18, 18, 136], "data_type": "float32", "bias": null, "weight": null, "kernel": null, "in_var_name_list": ["79"], "out_var_name_list": ["80"]}, "81": {"index": 81, "var_name": "81", "api": "convolutional", "attr_count": 6, "_input_count": 6, "_output_count": 1, "dim": [18, 18, 136], "data_type": "float32", "bias": [688], "weight": [136, 688, 1, 1], "kernel": null, "in_var_name_list": ["80", "", "", "", "", ""], "out_var_name_list": ["81"]}, "82": {"index": 82, "var_name": "82", "api": "convolutional", "attr_count": 7, "_input_count": 6, "_output_count": 1, "dim": [18, 18, 688], "data_type": "float32", "bias": [688], "weight": [1, 688, 5, 5], "kernel": null, "in_var_name_list": ["81", "", "", "", "", ""], "out_var_name_list": ["82"]}, "83": {"index": 83, "var_name": "83", "api": "convolutional", "attr_count": 6, "_input_count": 6, "_output_count": 1, "dim": [9, 9, 688], "data_type": "float32", "bias": [232], "weight": [688, 232, 1, 1], "kernel": null, "in_var_name_list": ["82", "", "", "", "", ""], "out_var_name_list": ["83"]}, "84": {"index": 84, "var_name": "84", "api": "convolutional", "attr_count": 6, "_input_count": 6, "_output_count": 1, "dim": [9, 9, 232], "data_type": "float32", "bias": [1152], "weight": [232, 1152, 1, 1], "kernel": null, "in_var_name_list": ["83", "", "", "", "", ""], "out_var_name_list": ["84"]}, "85": {"index": 85, "var_name": "85", "api": "convolutional", "attr_count": 7, "_input_count": 6, "_output_count": 1, "dim": [9, 9, 1152], "data_type": "float32", "bias": [1152], "weight": [1, 1152, 5, 5], "kernel": null, "in_var_name_list": ["84", "", "", "", "", ""], "out_var_name_list": ["85"]}, "86": {"index": 86, "var_name": "86", "api": "convolutional", "attr_count": 6, "_input_count": 6, "_output_count": 1, "dim": [9, 9, 1152], "data_type": "float32", "bias": [232], "weight": [1152, 232, 1, 1], "kernel": null, "in_var_name_list": ["85", "", "", "", "", ""], "out_var_name_list": ["86"]}, "87": {"index": 87, "var_name": "87", "api": "dropout", "attr_count": 1, "_input_count": 1, "_output_count": 1, "dim": [9, 9, 232], "data_type": "float32", "bias": null, "weight": null, "kernel": null, "in_var_name_list": ["86"], "out_var_name_list": ["87"]}, "88": {"index": 88, "var_name": "88", "api": "shortcut", "attr_count": 1, "_input_count": 1, "_output_count": 1, "dim": [9, 9, 232], "data_type": "float32", "bias": null, "weight": null, "kernel": null, "in_var_name_list": ["87"], "out_var_name_list": ["88"]}, "89": {"index": 89, "var_name": "89", "api": "convolutional", "attr_count": 6, "_input_count": 6, "_output_count": 1, "dim": [9, 9, 232], "data_type": "float32", "bias": [1152], "weight": [232, 1152, 1, 1], "kernel": null, "in_var_name_list": ["88", "", "", "", "", ""], "out_var_name_list": ["89"]}, "90": {"index": 90, "var_name": "90", "api": "convolutional", "attr_count": 7, "_input_count": 6, "_output_count": 1, "dim": [9, 9, 1152], "data_type": "float32", "bias": [1152], "weight": [1, 1152, 5, 5], "kernel": null, "in_var_name_list": ["89", "", "", "", "", ""], "out_var_name_list": ["90"]}, "91": {"index": 91, "var_name": "91", "api": "convolutional", "attr_count": 6, "_input_count": 6, "_output_count": 1, "dim": [9, 9, 1152], "data_type": "float32", "bias": [232], "weight": [1152, 232, 1, 1], "kernel": null, "in_var_name_list": ["90", "", "", "", "", ""], "out_var_name_list": ["91"]}, "92": {"index": 92, "var_name": "92", "api": "dropout", "attr_count": 1, "_input_count": 1, "_output_count": 1, "dim": [9, 9, 232], "data_type": "float32", "bias": null, "weight": null, "kernel": null, "in_var_name_list": ["91"], "out_var_name_list": ["92"]}, "93": {"index": 93, "var_name": "93", "api": "shortcut", "attr_count": 1, "_input_count": 1, "_output_count": 1, "dim": [9, 9, 232], "data_type": "float32", "bias": null, "weight": null, "kernel": null, "in_var_name_list": ["92"], "out_var_name_list": ["93"]}, "94": {"index": 94, "var_name": "94", "api": "convolutional", "attr_count": 6, "_input_count": 6, "_output_count": 1, "dim": [9, 9, 232], "data_type": "float32", "bias": [1152], "weight": [232, 1152, 1, 1], "kernel": null, "in_var_name_list": ["93", "", "", "", "", ""], "out_var_name_list": ["94"]}, "95": {"index": 95, "var_name": "95", "api": "convolutional", "attr_count": 7, "_input_count": 6, "_output_count": 1, "dim": [9, 9, 1152], "data_type": "float32", "bias": [1152], "weight": [1, 1152, 5, 5], "kernel": null, "in_var_name_list": ["94", "", "", "", "", ""], "out_var_name_list": ["95"]}, "96": {"index": 96, "var_name": "96", "api": "convolutional", "attr_count": 6, "_input_count": 6, "_output_count": 1, "dim": [9, 9, 1152], "data_type": "float32", "bias": [232], "weight": [1152, 232, 1, 1], "kernel": null, "in_var_name_list": ["95", "", "", "", "", ""], "out_var_name_list": ["96"]}, "97": {"index": 97, "var_name": "97", "api": "dropout", "attr_count": 1, "_input_count": 1, "_output_count": 1, "dim": [9, 9, 232], "data_type": "float32", "bias": null, "weight": null, "kernel": null, "in_var_name_list": ["96"], "out_var_name_list": ["97"]}, "98": {"index": 98, "var_name": "98", "api": "shortcut", "attr_count": 1, "_input_count": 1, "_output_count": 1, "dim": [9, 9, 232], "data_type": "float32", "bias": null, "weight": null, "kernel": null, "in_var_name_list": ["97"], "out_var_name_list": ["98"]}, "99": {"index": 99, "var_name": "99", "api": "convolutional", "attr_count": 6, "_input_count": 6, "_output_count": 1, "dim": [9, 9, 232], "data_type": "float32", "bias": [1152], "weight": [232, 1152, 1, 1], "kernel": null, "in_var_name_list": ["98", "", "", "", "", ""], "out_var_name_list": ["99"]}, "100": {"index": 100, "var_name": "100", "api": "convolutional", "attr_count": 7, "_input_count": 6, "_output_count": 1, "dim": [9, 9, 1152], "data_type": "float32", "bias": [1152], "weight": [1, 1152, 5, 5], "kernel": null, "in_var_name_list": ["99", "", "", "", "", ""], "out_var_name_list": ["100"]}, "101": {"index": 101, "var_name": "101", "api": "convolutional", "attr_count": 6, "_input_count": 6, "_output_count": 1, "dim": [9, 9, 1152], "data_type": "float32", "bias": [232], "weight": [1152, 232, 1, 1], "kernel": null, "in_var_name_list": ["100", "", "", "", "", ""], "out_var_name_list": ["101"]}, "102": {"index": 102, "var_name": "102", "api": "dropout", "attr_count": 1, "_input_count": 1, "_output_count": 1, "dim": [9, 9, 232], "data_type": "float32", "bias": null, "weight": null, "kernel": null, "in_var_name_list": ["101"], "out_var_name_list": ["102"]}, "103": {"index": 103, "var_name": "103", "api": "shortcut", "attr_count": 1, "_input_count": 1, "_output_count": 1, "dim": [9, 9, 232], "data_type": "float32", "bias": null, "weight": null, "kernel": null, "in_var_name_list": ["102"], "out_var_name_list": ["103"]}, "104": {"index": 104, "var_name": "104", "api": "convolutional", "attr_count": 6, "_input_count": 6, "_output_count": 1, "dim": [9, 9, 232], "data_type": "float32", "bias": [1152], "weight": [232, 1152, 1, 1], "kernel": null, "in_var_name_list": ["103", "", "", "", "", ""], "out_var_name_list": ["104"]}, "105": {"index": 105, "var_name": "105", "api": "convolutional", "attr_count": 7, "_input_count": 6, "_output_count": 1, "dim": [9, 9, 1152], "data_type": "float32", "bias": [1152], "weight": [1, 1152, 5, 5], "kernel": null, "in_var_name_list": ["104", "", "", "", "", ""], "out_var_name_list": ["105"]}, "106": {"index": 106, "var_name": "106", "api": "convolutional", "attr_count": 6, "_input_count": 6, "_output_count": 1, "dim": [9, 9, 1152], "data_type": "float32", "bias": [232], "weight": [1152, 232, 1, 1], "kernel": null, "in_var_name_list": ["105", "", "", "", "", ""], "out_var_name_list": ["106"]}, "107": {"index": 107, "var_name": "107", "api": "dropout", "attr_count": 1, "_input_count": 1, "_output_count": 1, "dim": [9, 9, 232], "data_type": "float32", "bias": null, "weight": null, "kernel": null, "in_var_name_list": ["106"], "out_var_name_list": ["107"]}, "108": {"index": 108, "var_name": "108", "api": "shortcut", "attr_count": 1, "_input_count": 1, "_output_count": 1, "dim": [9, 9, 232], "data_type": "float32", "bias": null, "weight": null, "kernel": null, "in_var_name_list": ["107"], "out_var_name_list": ["108"]}, "109": {"index": 109, "var_name": "109", "api": "convolutional", "attr_count": 6, "_input_count": 6, "_output_count": 1, "dim": [9, 9, 232], "data_type": "float32", "bias": [1152], "weight": [232, 1152, 1, 1], "kernel": null, "in_var_name_list": ["108", "", "", "", "", ""], "out_var_name_list": ["109"]}, "110": {"index": 110, "var_name": "110", "api": "convolutional", "attr_count": 7, "_input_count": 6, "_output_count": 1, "dim": [9, 9, 1152], "data_type": "float32", "bias": [1152], "weight": [1, 1152, 3, 3], "kernel": null, "in_var_name_list": ["109", "", "", "", "", ""], "out_var_name_list": ["110"]}, "111": {"index": 111, "var_name": "111", "api": "convolutional", "attr_count": 6, "_input_count": 6, "_output_count": 1, "dim": [9, 9, 1152], "data_type": "float32", "bias": [384], "weight": [1152, 384, 1, 1], "kernel": null, "in_var_name_list": ["110", "", "", "", "", ""], "out_var_name_list": ["111"]}, "112": {"index": 112, "var_name": "112", "api": "convolutional", "attr_count": 6, "_input_count": 6, "_output_count": 1, "dim": [9, 9, 384], "data_type": "float32", "bias": [1536], "weight": [384, 1536, 1, 1], "kernel": null, "in_var_name_list": ["111", "", "", "", "", ""], "out_var_name_list": ["112"]}, "113": {"index": 113, "var_name": "113", "api": "avgpool", "attr_count": 0, "_input_count": 1, "_output_count": 1, "dim": [9, 9, 1536], "data_type": "float32", "bias": null, "weight": null, "kernel": null, "in_var_name_list": ["112"], "out_var_name_list": ["113"]}, "114": {"index": 114, "var_name": "114", "api": "dropout", "attr_count": 1, "_input_count": 1, "_output_count": 1, "dim": [1, 1, 1536], "data_type": "float32", "bias": null, "weight": null, "kernel": null, "in_var_name_list": ["113"], "out_var_name_list": ["114"]}, "115": {"index": 115, "var_name": "115", "api": "convolutional", "attr_count": 5, "_input_count": 3, "_output_count": 1, "dim": [1, 1, 1536], "data_type": "float32", "bias": [1000], "weight": [1536, 1000, 1, 1], "kernel": null, "in_var_name_list": ["114", "", ""], "out_var_name_list": ["115"]}, "116": {"index": 116, "var_name": "116", "api": "softmax", "attr_count": 1, "_input_count": 1, "_output_count": 1, "dim": [1, 1, 1000], "data_type": "float32", "bias": null, "weight": null, "kernel": null, "in_var_name_list": ["115"], "out_var_name_list": ["116"]}}, "node_count": 117, "edge_list": [{"from": ["73", "convolutional"], "to": ["74", "dropout"]}, {"from": ["48", "convolutional"], "to": ["49", "convolutional"]}, {"from": ["20", "dropout"], "to": ["21", "shortcut"]}, {"from": ["92", "dropout"], "to": ["93", "shortcut"]}, {"from": ["45", "convolutional"], "to": ["46", "dropout"]}, {"from": ["74", "dropout"], "to": ["75", "shortcut"]}, {"from": ["111", "convolutional"], "to": ["112", "convolutional"]}, {"from": ["19", "convolutional"], "to": ["20", "dropout"]}, {"from": ["42", "shortcut"], "to": ["43", "convolutional"]}, {"from": ["12", "convolutional"], "to": ["13", "convolutional"]}, {"from": ["99", "convolutional"], "to": ["100", "convolutional"]}, {"from": ["112", "convolutional"], "to": ["113", "avgpool"]}, {"from": ["31", "convolutional"], "to": ["32", "convolutional"]}, {"from": ["32", "convolutional"], "to": ["33", "dropout"]}, {"from": ["10", "convolutional"], "to": ["11", "convolutional"]}, {"from": ["43", "convolutional"], "to": ["44", "convolutional"]}, {"from": ["98", "shortcut"], "to": ["99", "convolutional"]}, {"from": ["69", "dropout"], "to": ["70", "shortcut"]}, {"from": ["77", "convolutional"], "to": ["78", "convolutional"]}, {"from": ["84", "convolutional"], "to": ["85", "convolutional"]}, {"from": ["88", "shortcut"], "to": ["89", "convolutional"]}, {"from": ["0", "convolutional"], "to": ["1", "convolutional"]}, {"from": ["58", "convolutional"], "to": ["59", "convolutional"]}, {"from": ["101", "convolutional"], "to": ["102", "dropout"]}, {"from": ["4", "convolutional"], "to": ["5", "convolutional"]}, {"from": ["54", "convolutional"], "to": ["55", "convolutional"]}, {"from": ["8", "shortcut"], "to": ["9", "convolutional"]}, {"from": ["110", "convolutional"], "to": ["111", "convolutional"]}, {"from": ["41", "dropout"], "to": ["42", "shortcut"]}, {"from": ["109", "convolutional"], "to": ["110", "convolutional"]}, {"from": ["22", "convolutional"], "to": ["23", "convolutional"]}, {"from": ["81", "convolutional"], "to": ["82", "convolutional"]}, {"from": ["90", "convolutional"], "to": ["91", "convolutional"]}, {"from": ["21", "shortcut"], "to": ["22", "convolutional"]}, {"from": ["28", "dropout"], "to": ["29", "shortcut"]}, {"from": ["11", "convolutional"], "to": ["12", "convolutional"]}, {"from": ["55", "convolutional"], "to": ["56", "dropout"]}, {"from": ["25", "convolutional"], "to": ["26", "convolutional"]}, {"from": ["24", "convolutional"], "to": ["25", "convolutional"]}, {"from": ["6", "convolutional"], "to": ["7", "dropout"]}, {"from": ["103", "shortcut"], "to": ["104", "convolutional"]}, {"from": ["107", "dropout"], "to": ["108", "shortcut"]}, {"from": ["79", "dropout"], "to": ["80", "shortcut"]}, {"from": ["85", "convolutional"], "to": ["86", "convolutional"]}, {"from": ["35", "convolutional"], "to": ["36", "convolutional"]}, {"from": ["60", "convolutional"], "to": ["61", "convolutional"]}, {"from": ["63", "convolutional"], "to": ["64", "dropout"]}, {"from": ["86", "convolutional"], "to": ["87", "dropout"]}, {"from": ["108", "shortcut"], "to": ["109", "convolutional"]}, {"from": ["104", "convolutional"], "to": ["105", "convolutional"]}, {"from": ["83", "convolutional"], "to": ["84", "convolutional"]}, {"from": ["105", "convolutional"], "to": ["106", "convolutional"]}, {"from": ["30", "convolutional"], "to": ["31", "convolutional"]}, {"from": ["50", "convolutional"], "to": ["51", "dropout"]}, {"from": ["2", "convolutional"], "to": ["3", "convolutional"]}, {"from": ["62", "convolutional"], "to": ["63", "convolutional"]}, {"from": ["59", "convolutional"], "to": ["60", "convolutional"]}, {"from": ["39", "convolutional"], "to": ["40", "convolutional"]}, {"from": ["113", "avgpool"], "to": ["114", "dropout"]}, {"from": ["14", "convolutional"], "to": ["15", "dropout"]}, {"from": ["47", "shortcut"], "to": ["48", "convolutional"]}, {"from": ["66", "convolutional"], "to": ["67", "convolutional"]}, {"from": ["51", "dropout"], "to": ["52", "shortcut"]}, {"from": ["34", "shortcut"], "to": ["35", "convolutional"]}, {"from": ["13", "convolutional"], "to": ["14", "convolutional"]}, {"from": ["67", "convolutional"], "to": ["68", "convolutional"]}, {"from": ["7", "dropout"], "to": ["8", "shortcut"]}, {"from": ["46", "dropout"], "to": ["47", "shortcut"]}, {"from": ["9", "convolutional"], "to": ["10", "convolutional"]}, {"from": ["3", "convolutional"], "to": ["4", "convolutional"]}, {"from": ["115", "convolutional"], "to": ["116", "softmax"]}, {"from": ["91", "convolutional"], "to": ["92", "dropout"]}, {"from": ["75", "shortcut"], "to": ["76", "convolutional"]}, {"from": ["23", "convolutional"], "to": ["24", "convolutional"]}, {"from": ["1", "convolutional"], "to": ["2", "convolutional"]}, {"from": ["106", "convolutional"], "to": ["107", "dropout"]}, {"from": ["95", "convolutional"], "to": ["96", "convolutional"]}, {"from": ["33", "dropout"], "to": ["34", "shortcut"]}, {"from": ["29", "shortcut"], "to": ["30", "convolutional"]}, {"from": ["68", "convolutional"], "to": ["69", "dropout"]}, {"from": ["36", "convolutional"], "to": ["37", "convolutional"]}, {"from": ["76", "convolutional"], "to": ["77", "convolutional"]}, {"from": ["15", "dropout"], "to": ["16", "shortcut"]}, {"from": ["65", "shortcut"], "to": ["66", "convolutional"]}, {"from": ["16", "shortcut"], "to": ["17", "convolutional"]}, {"from": ["72", "convolutional"], "to": ["73", "convolutional"]}, {"from": ["93", "shortcut"], "to": ["94", "convolutional"]}, {"from": ["38", "convolutional"], "to": ["39", "convolutional"]}, {"from": ["64", "dropout"], "to": ["65", "shortcut"]}, {"from": ["49", "convolutional"], "to": ["50", "convolutional"]}, {"from": ["94", "convolutional"], "to": ["95", "convolutional"]}, {"from": ["26", "convolutional"], "to": ["27", "convolutional"]}, {"from": ["87", "dropout"], "to": ["88", "shortcut"]}, {"from": ["78", "convolutional"], "to": ["79", "dropout"]}, {"from": ["57", "shortcut"], "to": ["58", "convolutional"]}, {"from": ["70", "shortcut"], "to": ["71", "convolutional"]}, {"from": ["17", "convolutional"], "to": ["18", "convolutional"]}, {"from": ["96", "convolutional"], "to": ["97", "dropout"]}, {"from": ["5", "convolutional"], "to": ["6", "convolutional"]}, {"from": ["53", "convolutional"], "to": ["54", "convolutional"]}, {"from": ["89", "convolutional"], "to": ["90", "convolutional"]}, {"from": ["61", "convolutional"], "to": ["62", "convolutional"]}, {"from": ["102", "dropout"], "to": ["103", "shortcut"]}, {"from": ["97", "dropout"], "to": ["98", "shortcut"]}, {"from": ["80", "shortcut"], "to": ["81", "convolutional"]}, {"from": ["27", "convolutional"], "to": ["28", "dropout"]}, {"from": ["100", "convolutional"], "to": ["101", "convolutional"]}, {"from": ["56", "dropout"], "to": ["57", "shortcut"]}, {"from": ["114", "dropout"], "to": ["115", "convolutional"]}, {"from": ["40", "convolutional"], "to": ["41", "dropout"]}, {"from": ["71", "convolutional"], "to": ["72", "convolutional"]}, {"from": ["44", "convolutional"], "to": ["45", "convolutional"]}, {"from": ["82", "convolutional"], "to": ["83", "convolutional"]}, {"from": ["37", "convolutional"], "to": ["38", "convolutional"]}, {"from": ["52", "shortcut"], "to": ["53", "convolutional"]}, {"from": ["18", "convolutional"], "to": ["19", "convolutional"]}], "edge_count": 116}