{"filename": "Shraddha2013__@@__mydarknetyolo__@@__52__@@__writing.cfg", "original_file_size": 400, "netron_file_size": 4888, "input_dict": {"input": {"data_type": "float32", "dim": [256, 256, 3]}}, "output_dict": {}, "node_dict": {"0": {"index": 0, "var_name": "0", "api": "convolutional", "attr_count": 5, "_input_count": 3, "_output_count": 1, "dim": [256, 256, 3], "data_type": "float32", "bias": [32], "weight": [3, 32, 3, 3], "kernel": null, "in_var_name_list": ["input", "", ""], "out_var_name_list": ["0"]}, "1": {"index": 1, "var_name": "1", "api": "convolutional", "attr_count": 5, "_input_count": 3, "_output_count": 1, "dim": [256, 256, 32], "data_type": "float32", "bias": [32], "weight": [32, 32, 3, 3], "kernel": null, "in_var_name_list": ["0", "", ""], "out_var_name_list": ["1"]}, "2": {"index": 2, "var_name": "2", "api": "convolutional", "attr_count": 5, "_input_count": 3, "_output_count": 1, "dim": [256, 256, 32], "data_type": "float32", "bias": [32], "weight": [32, 32, 3, 3], "kernel": null, "in_var_name_list": ["1", "", ""], "out_var_name_list": ["2"]}, "3": {"index": 3, "var_name": "3", "api": "convolutional", "attr_count": 5, "_input_count": 3, "_output_count": 1, "dim": [256, 256, 32], "data_type": "float32", "bias": [1], "weight": [32, 1, 3, 3], "kernel": null, "in_var_name_list": ["2", "", ""], "out_var_name_list": ["3"]}, "4": {"index": 4, "var_name": "4", "api": "cost", "attr_count": 0, "_input_count": 1, "_output_count": 1, "dim": [256, 256, 1], "data_type": "float32", "bias": null, "weight": null, "kernel": null, "in_var_name_list": ["3"], "out_var_name_list": ["4"]}}, "node_count": 5, "edge_list": [{"from": ["2", "convolutional"], "to": ["3", "convolutional"]}, {"from": ["3", "convolutional"], "to": ["4", "cost"]}, {"from": ["0", "convolutional"], "to": ["1", "convolutional"]}, {"from": ["1", "convolutional"], "to": ["2", "convolutional"]}], "edge_count": 4}