{"filename": "TimVerion__@@__caffe_rfcn__@@__21__@@__lenet.prototxt", "original_file_size": 1738, "netron_file_size": 60808, "input_dict": {"data": {"data_type": 0, "dim": 0}}, "output_dict": {}, "node_dict": {"conv1": {"index": 0, "var_name": "conv1", "api": "Convolution", "attr_count": 7, "_input_count": 3, "_output_count": 1, "dim": null, "data_type": null, "bias": null, "weight": null, "kernel": null, "in_var_name_list": ["data", "filter", "bias"], "out_var_name_list": ["conv1"]}, "pool1": {"index": 1, "var_name": "pool1", "api": "Pooling", "attr_count": 2, "_input_count": 1, "_output_count": 1, "dim": null, "data_type": null, "bias": null, "weight": null, "kernel": null, "in_var_name_list": ["conv1"], "out_var_name_list": ["pool1"]}, "conv2": {"index": 2, "var_name": "conv2", "api": "Convolution", "attr_count": 7, "_input_count": 3, "_output_count": 1, "dim": null, "data_type": null, "bias": null, "weight": null, "kernel": null, "in_var_name_list": ["pool1", "filter", "bias"], "out_var_name_list": ["conv2"]}, "pool2": {"index": 3, "var_name": "pool2", "api": "Pooling", "attr_count": 2, "_input_count": 1, "_output_count": 1, "dim": null, "data_type": null, "bias": null, "weight": null, "kernel": null, "in_var_name_list": ["conv2"], "out_var_name_list": ["pool2"]}, "ip1": {"index": 4, "var_name": "ip1", "api": "InnerProduct", "attr_count": 3, "_input_count": 3, "_output_count": 1, "dim": null, "data_type": null, "bias": null, "weight": null, "kernel": null, "in_var_name_list": ["pool2", "weights", "bias"], "out_var_name_list": ["ip1"]}, "ip2": {"index": 5, "var_name": "ip2", "api": "InnerProduct", "attr_count": 3, "_input_count": 3, "_output_count": 1, "dim": null, "data_type": null, "bias": null, "weight": null, "kernel": null, "in_var_name_list": ["ip1", "weights", "bias"], "out_var_name_list": ["ip2"]}, "prob": {"index": 6, "var_name": "prob", "api": "Softmax", "attr_count": 0, "_input_count": 1, "_output_count": 1, "dim": null, "data_type": null, "bias": null, "weight": null, "kernel": null, "in_var_name_list": ["ip2"], "out_var_name_list": ["prob"]}}, "node_count": 7, "edge_list": [{"from": ["pool1", "Pooling"], "to": ["conv2", "Convolution"]}, {"from": ["ip2", "InnerProduct"], "to": ["prob", "Softmax"]}, {"from": ["conv2", "Convolution"], "to": ["pool2", "Pooling"]}, {"from": ["pool2", "Pooling"], "to": ["ip1", "InnerProduct"]}, {"from": ["ip1", "InnerProduct"], "to": ["ip2", "InnerProduct"]}, {"from": ["conv1", "Convolution"], "to": ["pool1", "Pooling"]}], "edge_count": 6}