{"filename": "Tinker-Twins__@@__MARL-Simulator__@@__1__@@__3DBall.nn", "original_file_size": 78149, "netron_file_size": 825232, "input_dict": {"vector_observation": {"data_type": 0, "dim": 0}}, "output_dict": {"action": {"data_type": 0, "dim": 0}, "action_probs": {"data_type": 0, "dim": 0}}, "node_dict": {"sub_2": {"index": 0, "var_name": "sub_2", "api": "Sub", "attr_count": 0, "_input_count": 1, "_output_count": 1, "dim": null, "data_type": null, "bias": null, "weight": null, "kernel": null, "in_var_name_list": ["vector_observation"], "out_var_name_list": ["sub_2"]}, "add_5": {"index": 1, "var_name": "add_5", "api": "Add", "attr_count": 0, "_input_count": 1, "_output_count": 1, "dim": [1, 1, 1, 1], "data_type": "float32", "bias": null, "weight": null, "kernel": null, "in_var_name_list": ["normalization_steps"], "out_var_name_list": ["add_5"]}, "truediv_1": {"index": 2, "var_name": "truediv_1", "api": "RealDiv", "attr_count": 0, "_input_count": 1, "_output_count": 1, "dim": [1, 1, 1, 8], "data_type": "float32", "bias": null, "weight": null, "kernel": null, "in_var_name_list": ["running_variance"], "out_var_name_list": ["truediv_1"]}, "Sqrt": {"index": 3, "var_name": "Sqrt", "api": "Sqrt", "attr_count": 0, "_input_count": 1, "_output_count": 1, "dim": null, "data_type": null, "bias": null, "weight": null, "kernel": null, "in_var_name_list": ["truediv_1"], "out_var_name_list": ["Sqrt"]}, "truediv_2": {"index": 4, "var_name": "truediv_2", "api": "RealDiv", "attr_count": 0, "_input_count": 1, "_output_count": 1, "dim": null, "data_type": null, "bias": null, "weight": null, "kernel": null, "in_var_name_list": ["sub_2"], "out_var_name_list": ["truediv_2"]}, "normalized_state/Minimum": {"index": 5, "var_name": "normalized_state/Minimum", "api": "Minimum", "attr_count": 0, "_input_count": 1, "_output_count": 1, "dim": null, "data_type": null, "bias": null, "weight": null, "kernel": null, "in_var_name_list": ["truediv_2"], "out_var_name_list": ["normalized_state/Minimum"]}, "normalized_state": {"index": 6, "var_name": "normalized_state", "api": "Maximum", "attr_count": 0, "_input_count": 1, "_output_count": 1, "dim": null, "data_type": null, "bias": null, "weight": null, "kernel": null, "in_var_name_list": ["normalized_state/Minimum"], "out_var_name_list": ["normalized_state"]}, "policy/main_graph_0/hidden_0/BiasAdd": {"index": 7, "var_name": "policy/main_graph_0/hidden_0/BiasAdd", "api": "Dense", "attr_count": 0, "_input_count": 3, "_output_count": 1, "dim": null, "data_type": null, "bias": [1, 1, 1, 128], "weight": null, "kernel": [8, 1, 1, 128], "in_var_name_list": ["normalized_state", "policy/main_graph_0/hidden_0/kernel", "policy/main_graph_0/hidden_0/bias"], "out_var_name_list": ["policy/main_graph_0/hidden_0/BiasAdd"]}, "policy/main_graph_0/hidden_0/Mul": {"index": 8, "var_name": "policy/main_graph_0/hidden_0/Mul", "api": "Swish", "attr_count": 0, "_input_count": 1, "_output_count": 1, "dim": null, "data_type": null, "bias": null, "weight": null, "kernel": null, "in_var_name_list": ["policy/main_graph_0/hidden_0/BiasAdd"], "out_var_name_list": ["policy/main_graph_0/hidden_0/Mul"]}, "policy/main_graph_0/hidden_1/BiasAdd": {"index": 9, "var_name": "policy/main_graph_0/hidden_1/BiasAdd", "api": "Dense", "attr_count": 0, "_input_count": 3, "_output_count": 1, "dim": null, "data_type": null, "bias": [1, 1, 1, 128], "weight": null, "kernel": [128, 1, 1, 128], "in_var_name_list": ["policy/main_graph_0/hidden_0/Mul", "policy/main_graph_0/hidden_1/kernel", "policy/main_graph_0/hidden_1/bias"], "out_var_name_list": ["policy/main_graph_0/hidden_1/BiasAdd"]}, "policy/main_graph_0/hidden_1/Mul": {"index": 10, "var_name": "policy/main_graph_0/hidden_1/Mul", "api": "Swish", "attr_count": 0, "_input_count": 1, "_output_count": 1, "dim": null, "data_type": null, "bias": null, "weight": null, "kernel": null, "in_var_name_list": ["policy/main_graph_0/hidden_1/BiasAdd"], "out_var_name_list": ["policy/main_graph_0/hidden_1/Mul"]}, "policy_1/mu/BiasAdd": {"index": 11, "var_name": "policy_1/mu/BiasAdd", "api": "Dense", "attr_count": 0, "_input_count": 3, "_output_count": 1, "dim": null, "data_type": null, "bias": [1, 1, 1, 2], "weight": null, "kernel": [128, 1, 1, 2], "in_var_name_list": ["policy/main_graph_0/hidden_1/Mul", "policy/mu/kernel", "policy/mu/bias"], "out_var_name_list": ["policy_1/mu/BiasAdd"]}, "policy_1/clip_by_value/Minimum": {"index": 12, "var_name": "policy_1/clip_by_value/Minimum", "api": "Minimum", "attr_count": 0, "_input_count": 1, "_output_count": 1, "dim": [1, 1, 1, 2], "data_type": "float32", "bias": null, "weight": null, "kernel": null, "in_var_name_list": ["policy/log_std"], "out_var_name_list": ["policy_1/clip_by_value/Minimum"]}, "policy_1/clip_by_value": {"index": 13, "var_name": "policy_1/clip_by_value", "api": "Maximum", "attr_count": 0, "_input_count": 1, "_output_count": 1, "dim": null, "data_type": null, "bias": null, "weight": null, "kernel": null, "in_var_name_list": ["policy_1/clip_by_value/Minimum"], "out_var_name_list": ["policy_1/clip_by_value"]}, "policy_1/Exp": {"index": 14, "var_name": "policy_1/Exp", "api": "Exp", "attr_count": 0, "_input_count": 1, "_output_count": 1, "dim": null, "data_type": null, "bias": null, "weight": null, "kernel": null, "in_var_name_list": ["policy_1/clip_by_value"], "out_var_name_list": ["policy_1/Exp"]}, "policy_1/random_normal/RandomStandardNormal": {"index": 15, "var_name": "policy_1/random_normal/RandomStandardNormal", "api": "RandomStandardNormal", "attr_count": 0, "_input_count": 1, "_output_count": 1, "dim": null, "data_type": null, "bias": null, "weight": null, "kernel": null, "in_var_name_list": ["policy_1/mu/BiasAdd"], "out_var_name_list": ["policy_1/random_normal/RandomStandardNormal"]}, "policy_1/random_normal/mul": {"index": 16, "var_name": "policy_1/random_normal/mul", "api": "Mul", "attr_count": 0, "_input_count": 1, "_output_count": 1, "dim": null, "data_type": null, "bias": null, "weight": null, "kernel": null, "in_var_name_list": ["policy_1/random_normal/RandomStandardNormal"], "out_var_name_list": ["policy_1/random_normal/mul"]}, "policy_1/random_normal": {"index": 17, "var_name": "policy_1/random_normal", "api": "Add", "attr_count": 0, "_input_count": 1, "_output_count": 1, "dim": null, "data_type": null, "bias": null, "weight": null, "kernel": null, "in_var_name_list": ["policy_1/random_normal/mul"], "out_var_name_list": ["policy_1/random_normal"]}, "policy_1/mul": {"index": 18, "var_name": "policy_1/mul", "api": "Mul", "attr_count": 0, "_input_count": 1, "_output_count": 1, "dim": null, "data_type": null, "bias": null, "weight": null, "kernel": null, "in_var_name_list": ["policy_1/Exp"], "out_var_name_list": ["policy_1/mul"]}, "policy_1/add": {"index": 19, "var_name": "policy_1/add", "api": "Add", "attr_count": 0, "_input_count": 1, "_output_count": 1, "dim": null, "data_type": null, "bias": null, "weight": null, "kernel": null, "in_var_name_list": ["policy_1/mu/BiasAdd"], "out_var_name_list": ["policy_1/add"]}, "policy_1/sub": {"index": 20, "var_name": "policy_1/sub", "api": "Sub", "attr_count": 0, "_input_count": 1, "_output_count": 1, "dim": null, "data_type": null, "bias": null, "weight": null, "kernel": null, "in_var_name_list": ["policy_1/add"], "out_var_name_list": ["policy_1/sub"]}, "policy_1/add_1": {"index": 21, "var_name": "policy_1/add_1", "api": "Add", "attr_count": 0, "_input_count": 1, "_output_count": 1, "dim": null, "data_type": null, "bias": null, "weight": null, "kernel": null, "in_var_name_list": ["policy_1/Exp"], "out_var_name_list": ["policy_1/add_1"]}, "policy_1/truediv": {"index": 22, "var_name": "policy_1/truediv", "api": "RealDiv", "attr_count": 0, "_input_count": 1, "_output_count": 1, "dim": null, "data_type": null, "bias": null, "weight": null, "kernel": null, "in_var_name_list": ["policy_1/sub"], "out_var_name_list": ["policy_1/truediv"]}, "policy_1/pow": {"index": 23, "var_name": "policy_1/pow", "api": "Pow", "attr_count": 0, "_input_count": 1, "_output_count": 1, "dim": null, "data_type": null, "bias": null, "weight": null, "kernel": null, "in_var_name_list": ["policy_1/truediv"], "out_var_name_list": ["policy_1/pow"]}, "policy_1/mul_1": {"index": 24, "var_name": "policy_1/mul_1", "api": "Mul", "attr_count": 0, "_input_count": 1, "_output_count": 1, "dim": [1, 1, 1, 1], "data_type": "float32", "bias": null, "weight": null, "kernel": null, "in_var_name_list": ["policy_1/mul_1/x"], "out_var_name_list": ["policy_1/mul_1"]}, "policy_1/add_2": {"index": 25, "var_name": "policy_1/add_2", "api": "Add", "attr_count": 0, "_input_count": 1, "_output_count": 1, "dim": null, "data_type": null, "bias": null, "weight": null, "kernel": null, "in_var_name_list": ["policy_1/pow"], "out_var_name_list": ["policy_1/add_2"]}, "policy_1/add_3": {"index": 26, "var_name": "policy_1/add_3", "api": "Add", "attr_count": 0, "_input_count": 1, "_output_count": 1, "dim": null, "data_type": null, "bias": null, "weight": null, "kernel": null, "in_var_name_list": ["policy_1/add_2"], "out_var_name_list": ["policy_1/add_3"]}, "policy_1/mul_2": {"index": 27, "var_name": "policy_1/mul_2", "api": "Mul", "attr_count": 0, "_input_count": 1, "_output_count": 1, "dim": [1, 1, 1, 1], "data_type": "float32", "bias": null, "weight": null, "kernel": null, "in_var_name_list": ["policy_1/mul_2/x"], "out_var_name_list": ["policy_1/mul_2"]}, "clip_by_value/Minimum": {"index": 28, "var_name": "clip_by_value/Minimum", "api": "Minimum", "attr_count": 0, "_input_count": 1, "_output_count": 1, "dim": null, "data_type": null, "bias": null, "weight": null, "kernel": null, "in_var_name_list": ["policy_1/add"], "out_var_name_list": ["clip_by_value/Minimum"]}, "clip_by_value": {"index": 29, "var_name": "clip_by_value", "api": "Maximum", "attr_count": 0, "_input_count": 1, "_output_count": 1, "dim": null, "data_type": null, "bias": null, "weight": null, "kernel": null, "in_var_name_list": ["clip_by_value/Minimum"], "out_var_name_list": ["clip_by_value"]}, "truediv_3": {"index": 30, "var_name": "truediv_3", "api": "RealDiv", "attr_count": 0, "_input_count": 1, "_output_count": 1, "dim": null, "data_type": null, "bias": null, "weight": null, "kernel": null, "in_var_name_list": ["clip_by_value"], "out_var_name_list": ["truediv_3"]}, "action": {"index": 31, "var_name": "action", "api": "Linear", "attr_count": 0, "_input_count": 1, "_output_count": 1, "dim": null, "data_type": null, "bias": null, "weight": null, "kernel": null, "in_var_name_list": ["truediv_3"], "out_var_name_list": ["action"]}, "action_probs": {"index": 32, "var_name": "action_probs", "api": "Linear", "attr_count": 0, "_input_count": 1, "_output_count": 1, "dim": null, "data_type": null, "bias": null, "weight": null, "kernel": null, "in_var_name_list": ["policy_1/mul_2"], "out_var_name_list": ["action_probs"]}}, "node_count": 33, "edge_list": [{"from": ["policy_1/Exp", "Exp"], "to": ["policy_1/add_1", "Add"]}, {"from": ["policy_1/clip_by_value/Minimum", "Minimum"], "to": ["policy_1/clip_by_value", "Maximum"]}, {"from": ["clip_by_value", "Maximum"], "to": ["truediv_3", "RealDiv"]}, {"from": ["sub_2", "Sub"], "to": ["truediv_2", "RealDiv"]}, {"from": ["policy_1/mu/BiasAdd", "Dense"], "to": ["policy_1/random_normal/RandomStandardNormal", "RandomStandardNormal"]}, {"from": ["policy_1/add_2", "Add"], "to": ["policy_1/add_3", "Add"]}, {"from": ["policy/main_graph_0/hidden_0/Mul", "Swish"], "to": ["policy/main_graph_0/hidden_1/BiasAdd", "Dense"]}, {"from": ["normalized_state/Minimum", "Minimum"], "to": ["normalized_state", "Maximum"]}, {"from": ["policy_1/pow", "Pow"], "to": ["policy_1/add_2", "Add"]}, {"from": ["policy/main_graph_0/hidden_0/BiasAdd", "Dense"], "to": ["policy/main_graph_0/hidden_0/Mul", "Swish"]}, {"from": ["policy_1/clip_by_value", "Maximum"], "to": ["policy_1/Exp", "Exp"]}, {"from": ["policy_1/truediv", "RealDiv"], "to": ["policy_1/pow", "Pow"]}, {"from": ["normalized_state", "Maximum"], "to": ["policy/main_graph_0/hidden_0/BiasAdd", "Dense"]}, {"from": ["policy_1/mul_2", "Mul"], "to": ["action_probs", "Linear"]}, {"from": ["policy_1/random_normal/RandomStandardNormal", "RandomStandardNormal"], "to": ["policy_1/random_normal/mul", "Mul"]}, {"from": ["truediv_3", "RealDiv"], "to": ["action", "Linear"]}, {"from": ["policy_1/sub", "Sub"], "to": ["policy_1/truediv", "RealDiv"]}, {"from": ["policy_1/random_normal/mul", "Mul"], "to": ["policy_1/random_normal", "Add"]}, {"from": ["policy_1/add", "Add"], "to": ["clip_by_value/Minimum", "Minimum"]}, {"from": ["truediv_1", "RealDiv"], "to": ["Sqrt", "Sqrt"]}, {"from": ["policy_1/mu/BiasAdd", "Dense"], "to": ["policy_1/add", "Add"]}, {"from": ["truediv_2", "RealDiv"], "to": ["normalized_state/Minimum", "Minimum"]}, {"from": ["policy/main_graph_0/hidden_1/Mul", "Swish"], "to": ["policy_1/mu/BiasAdd", "Dense"]}, {"from": ["clip_by_value/Minimum", "Minimum"], "to": ["clip_by_value", "Maximum"]}, {"from": ["policy_1/Exp", "Exp"], "to": ["policy_1/mul", "Mul"]}, {"from": ["policy_1/add", "Add"], "to": ["policy_1/sub", "Sub"]}, {"from": ["policy/main_graph_0/hidden_1/BiasAdd", "Dense"], "to": ["policy/main_graph_0/hidden_1/Mul", "Swish"]}], "edge_count": 27}