{"filename": "tops666__@@__volo-v4-__@@__83__@@__crnn.train.cfg", "original_file_size": 535, "netron_file_size": 13393, "input_dict": {"input": {"data_type": "float32", "dim": [256]}}, "output_dict": {}, "node_dict": {"0": {"index": 0, "var_name": "0", "api": "connected", "attr_count": 2, "_input_count": 3, "_output_count": 1, "dim": [256], "data_type": "float32", "bias": [256], "weight": [256, 256], "kernel": null, "in_var_name_list": ["input", "", ""], "out_var_name_list": ["0"]}, "1": {"index": 1, "var_name": "1", "api": "crnn", "attr_count": 6, "_input_count": 16, "_output_count": 1, "dim": [256], "data_type": "float32", "bias": [1024], "weight": [1024, 1024, 1, 1], "kernel": null, "in_var_name_list": ["0", "", "", "", "", "", "", "", "", "", "", "", "", "", "", ""], "out_var_name_list": ["1"]}, "2": {"index": 2, "var_name": "2", "api": "crnn", "attr_count": 6, "_input_count": 16, "_output_count": 1, "dim": [1, 1, 1024], "data_type": "float32", "bias": [1024], "weight": [1024, 1024, 1, 1], "kernel": null, "in_var_name_list": ["1", "", "", "", "", "", "", "", "", "", "", "", "", "", "", ""], "out_var_name_list": ["2"]}, "3": {"index": 3, "var_name": "3", "api": "crnn", "attr_count": 6, "_input_count": 16, "_output_count": 1, "dim": [1, 1, 1024], "data_type": "float32", "bias": [1024], "weight": [1024, 1024, 1, 1], "kernel": null, "in_var_name_list": ["2", "", "", "", "", "", "", "", "", "", "", "", "", "", "", ""], "out_var_name_list": ["3"]}, "4": {"index": 4, "var_name": "4", "api": "connected", "attr_count": 2, "_input_count": 3, "_output_count": 1, "dim": [1, 1, 1024], "data_type": "float32", "bias": [256], "weight": [1024, 256], "kernel": null, "in_var_name_list": ["3", "", ""], "out_var_name_list": ["4"]}, "5": {"index": 5, "var_name": "5", "api": "softmax", "attr_count": 0, "_input_count": 1, "_output_count": 1, "dim": [256], "data_type": "float32", "bias": null, "weight": null, "kernel": null, "in_var_name_list": ["4"], "out_var_name_list": ["5"]}, "6": {"index": 6, "var_name": "6", "api": "cost", "attr_count": 1, "_input_count": 1, "_output_count": 1, "dim": [256], "data_type": "float32", "bias": null, "weight": null, "kernel": null, "in_var_name_list": ["5"], "out_var_name_list": ["6"]}}, "node_count": 7, "edge_list": [{"from": ["4", "connected"], "to": ["5", "softmax"]}, {"from": ["2", "crnn"], "to": ["3", "crnn"]}, {"from": ["3", "crnn"], "to": ["4", "connected"]}, {"from": ["5", "softmax"], "to": ["6", "cost"]}, {"from": ["1", "crnn"], "to": ["2", "crnn"]}, {"from": ["0", "connected"], "to": ["1", "crnn"]}], "edge_count": 6}