{"filename": "toufiksk__@@__darknet__@@__30__@@__resnet50.cfg", "original_file_size": 5272, "netron_file_size": 101585, "input_dict": {"input": {"data_type": "float32", "dim": [256, 256, 3]}}, "output_dict": {}, "node_dict": {"0": {"index": 0, "var_name": "0", "api": "convolutional", "attr_count": 6, "_input_count": 6, "_output_count": 1, "dim": [256, 256, 3], "data_type": "float32", "bias": [64], "weight": [3, 64, 7, 7], "kernel": null, "in_var_name_list": ["input", "", "", "", "", ""], "out_var_name_list": ["0"]}, "1": {"index": 1, "var_name": "1", "api": "maxpool", "attr_count": 2, "_input_count": 1, "_output_count": 1, "dim": [128, 128, 64], "data_type": "float32", "bias": null, "weight": null, "kernel": null, "in_var_name_list": ["0"], "out_var_name_list": ["1"]}, "2": {"index": 2, "var_name": "2", "api": "convolutional", "attr_count": 6, "_input_count": 6, "_output_count": 1, "dim": [64, 64, 64], "data_type": "float32", "bias": [64], "weight": [64, 64, 1, 1], "kernel": null, "in_var_name_list": ["1", "", "", "", "", ""], "out_var_name_list": ["2"]}, "3": {"index": 3, "var_name": "3", "api": "convolutional", "attr_count": 6, "_input_count": 6, "_output_count": 1, "dim": [64, 64, 64], "data_type": "float32", "bias": [64], "weight": [64, 64, 3, 3], "kernel": null, "in_var_name_list": ["2", "", "", "", "", ""], "out_var_name_list": ["3"]}, "4": {"index": 4, "var_name": "4", "api": "convolutional", "attr_count": 6, "_input_count": 6, "_output_count": 1, "dim": [64, 64, 64], "data_type": "float32", "bias": [256], "weight": [64, 256, 1, 1], "kernel": null, "in_var_name_list": ["3", "", "", "", "", ""], "out_var_name_list": ["4"]}, "5": {"index": 5, "var_name": "5", "api": "shortcut", "attr_count": 1, "_input_count": 1, "_output_count": 1, "dim": [64, 64, 256], "data_type": "float32", "bias": null, "weight": null, "kernel": null, "in_var_name_list": ["4"], "out_var_name_list": ["5"]}, "6": {"index": 6, "var_name": "6", "api": "convolutional", "attr_count": 6, "_input_count": 6, "_output_count": 1, "dim": [64, 64, 256], "data_type": "float32", "bias": [64], "weight": [256, 64, 1, 1], "kernel": null, "in_var_name_list": ["5", "", "", "", "", ""], "out_var_name_list": ["6"]}, "7": {"index": 7, "var_name": "7", "api": "convolutional", "attr_count": 6, "_input_count": 6, "_output_count": 1, "dim": [64, 64, 64], "data_type": "float32", "bias": [64], "weight": [64, 64, 3, 3], "kernel": null, "in_var_name_list": ["6", "", "", "", "", ""], "out_var_name_list": ["7"]}, "8": {"index": 8, "var_name": "8", "api": "convolutional", "attr_count": 6, "_input_count": 6, "_output_count": 1, "dim": [64, 64, 64], "data_type": "float32", "bias": [256], "weight": [64, 256, 1, 1], "kernel": null, "in_var_name_list": ["7", "", "", "", "", ""], "out_var_name_list": ["8"]}, "9": {"index": 9, "var_name": "9", "api": "shortcut", "attr_count": 1, "_input_count": 1, "_output_count": 1, "dim": [64, 64, 256], "data_type": "float32", "bias": null, "weight": null, "kernel": null, "in_var_name_list": ["8"], "out_var_name_list": ["9"]}, "10": {"index": 10, "var_name": "10", "api": "convolutional", "attr_count": 6, "_input_count": 6, "_output_count": 1, "dim": [64, 64, 256], "data_type": "float32", "bias": [64], "weight": [256, 64, 1, 1], "kernel": null, "in_var_name_list": ["9", "", "", "", "", ""], "out_var_name_list": ["10"]}, "11": {"index": 11, "var_name": "11", "api": "convolutional", "attr_count": 6, "_input_count": 6, "_output_count": 1, "dim": [64, 64, 64], "data_type": "float32", "bias": [64], "weight": [64, 64, 3, 3], "kernel": null, "in_var_name_list": ["10", "", "", "", "", ""], "out_var_name_list": ["11"]}, "12": {"index": 12, "var_name": "12", "api": "convolutional", "attr_count": 6, "_input_count": 6, "_output_count": 1, "dim": [64, 64, 64], "data_type": "float32", "bias": [256], "weight": [64, 256, 1, 1], "kernel": null, "in_var_name_list": ["11", "", "", "", "", ""], "out_var_name_list": ["12"]}, "13": {"index": 13, "var_name": "13", "api": "shortcut", "attr_count": 1, "_input_count": 1, "_output_count": 1, "dim": [64, 64, 256], "data_type": "float32", "bias": null, "weight": null, "kernel": null, "in_var_name_list": ["12"], "out_var_name_list": ["13"]}, "14": {"index": 14, "var_name": "14", "api": "convolutional", "attr_count": 6, "_input_count": 6, "_output_count": 1, "dim": [64, 64, 256], "data_type": "float32", "bias": [128], "weight": [256, 128, 1, 1], "kernel": null, "in_var_name_list": ["13", "", "", "", "", ""], "out_var_name_list": ["14"]}, "15": {"index": 15, "var_name": "15", "api": "convolutional", "attr_count": 6, "_input_count": 6, "_output_count": 1, "dim": [64, 64, 128], "data_type": "float32", "bias": [128], "weight": [128, 128, 3, 3], "kernel": null, "in_var_name_list": ["14", "", "", "", "", ""], "out_var_name_list": ["15"]}, "16": {"index": 16, "var_name": "16", "api": "convolutional", "attr_count": 6, "_input_count": 6, "_output_count": 1, "dim": [32, 32, 128], "data_type": "float32", "bias": [512], "weight": [128, 512, 1, 1], "kernel": null, "in_var_name_list": ["15", "", "", "", "", ""], "out_var_name_list": ["16"]}, "17": {"index": 17, "var_name": "17", "api": "shortcut", "attr_count": 1, "_input_count": 1, "_output_count": 1, "dim": [32, 32, 512], "data_type": "float32", "bias": null, "weight": null, "kernel": null, "in_var_name_list": ["16"], "out_var_name_list": ["17"]}, "18": {"index": 18, "var_name": "18", "api": "convolutional", "attr_count": 6, "_input_count": 6, "_output_count": 1, "dim": [32, 32, 512], "data_type": "float32", "bias": [128], "weight": [512, 128, 1, 1], "kernel": null, "in_var_name_list": ["17", "", "", "", "", ""], "out_var_name_list": ["18"]}, "19": {"index": 19, "var_name": "19", "api": "convolutional", "attr_count": 6, "_input_count": 6, "_output_count": 1, "dim": [32, 32, 128], "data_type": "float32", "bias": [128], "weight": [128, 128, 3, 3], "kernel": null, "in_var_name_list": ["18", "", "", "", "", ""], "out_var_name_list": ["19"]}, "20": {"index": 20, "var_name": "20", "api": "convolutional", "attr_count": 6, "_input_count": 6, "_output_count": 1, "dim": [32, 32, 128], "data_type": "float32", "bias": [512], "weight": [128, 512, 1, 1], "kernel": null, "in_var_name_list": ["19", "", "", "", "", ""], "out_var_name_list": ["20"]}, "21": {"index": 21, "var_name": "21", "api": "shortcut", "attr_count": 1, "_input_count": 1, "_output_count": 1, "dim": [32, 32, 512], "data_type": "float32", "bias": null, "weight": null, "kernel": null, "in_var_name_list": ["20"], "out_var_name_list": ["21"]}, "22": {"index": 22, "var_name": "22", "api": "convolutional", "attr_count": 6, "_input_count": 6, "_output_count": 1, "dim": [32, 32, 512], "data_type": "float32", "bias": [128], "weight": [512, 128, 1, 1], "kernel": null, "in_var_name_list": ["21", "", "", "", "", ""], "out_var_name_list": ["22"]}, "23": {"index": 23, "var_name": "23", "api": "convolutional", "attr_count": 6, "_input_count": 6, "_output_count": 1, "dim": [32, 32, 128], "data_type": "float32", "bias": [128], "weight": [128, 128, 3, 3], "kernel": null, "in_var_name_list": ["22", "", "", "", "", ""], "out_var_name_list": ["23"]}, "24": {"index": 24, "var_name": "24", "api": "convolutional", "attr_count": 6, "_input_count": 6, "_output_count": 1, "dim": [32, 32, 128], "data_type": "float32", "bias": [512], "weight": [128, 512, 1, 1], "kernel": null, "in_var_name_list": ["23", "", "", "", "", ""], "out_var_name_list": ["24"]}, "25": {"index": 25, "var_name": "25", "api": "shortcut", "attr_count": 1, "_input_count": 1, "_output_count": 1, "dim": [32, 32, 512], "data_type": "float32", "bias": null, "weight": null, "kernel": null, "in_var_name_list": ["24"], "out_var_name_list": ["25"]}, "26": {"index": 26, "var_name": "26", "api": "convolutional", "attr_count": 6, "_input_count": 6, "_output_count": 1, "dim": [32, 32, 512], "data_type": "float32", "bias": [128], "weight": [512, 128, 1, 1], "kernel": null, "in_var_name_list": ["25", "", "", "", "", ""], "out_var_name_list": ["26"]}, "27": {"index": 27, "var_name": "27", "api": "convolutional", "attr_count": 6, "_input_count": 6, "_output_count": 1, "dim": [32, 32, 128], "data_type": "float32", "bias": [128], "weight": [128, 128, 3, 3], "kernel": null, "in_var_name_list": ["26", "", "", "", "", ""], "out_var_name_list": ["27"]}, "28": {"index": 28, "var_name": "28", "api": "convolutional", "attr_count": 6, "_input_count": 6, "_output_count": 1, "dim": [32, 32, 128], "data_type": "float32", "bias": [512], "weight": [128, 512, 1, 1], "kernel": null, "in_var_name_list": ["27", "", "", "", "", ""], "out_var_name_list": ["28"]}, "29": {"index": 29, "var_name": "29", "api": "shortcut", "attr_count": 1, "_input_count": 1, "_output_count": 1, "dim": [32, 32, 512], "data_type": "float32", "bias": null, "weight": null, "kernel": null, "in_var_name_list": ["28"], "out_var_name_list": ["29"]}, "30": {"index": 30, "var_name": "30", "api": "convolutional", "attr_count": 6, "_input_count": 6, "_output_count": 1, "dim": [32, 32, 512], "data_type": "float32", "bias": [256], "weight": [512, 256, 1, 1], "kernel": null, "in_var_name_list": ["29", "", "", "", "", ""], "out_var_name_list": ["30"]}, "31": {"index": 31, "var_name": "31", "api": "convolutional", "attr_count": 6, "_input_count": 6, "_output_count": 1, "dim": [32, 32, 256], "data_type": "float32", "bias": [256], "weight": [256, 256, 3, 3], "kernel": null, "in_var_name_list": ["30", "", "", "", "", ""], "out_var_name_list": ["31"]}, "32": {"index": 32, "var_name": "32", "api": "convolutional", "attr_count": 6, "_input_count": 6, "_output_count": 1, "dim": [16, 16, 256], "data_type": "float32", "bias": [1024], "weight": [256, 1024, 1, 1], "kernel": null, "in_var_name_list": ["31", "", "", "", "", ""], "out_var_name_list": ["32"]}, "33": {"index": 33, "var_name": "33", "api": "shortcut", "attr_count": 1, "_input_count": 1, "_output_count": 1, "dim": [16, 16, 1024], "data_type": "float32", "bias": null, "weight": null, "kernel": null, "in_var_name_list": ["32"], "out_var_name_list": ["33"]}, "34": {"index": 34, "var_name": "34", "api": "convolutional", "attr_count": 6, "_input_count": 6, "_output_count": 1, "dim": [16, 16, 1024], "data_type": "float32", "bias": [256], "weight": [1024, 256, 1, 1], "kernel": null, "in_var_name_list": ["33", "", "", "", "", ""], "out_var_name_list": ["34"]}, "35": {"index": 35, "var_name": "35", "api": "convolutional", "attr_count": 6, "_input_count": 6, "_output_count": 1, "dim": [16, 16, 256], "data_type": "float32", "bias": [256], "weight": [256, 256, 3, 3], "kernel": null, "in_var_name_list": ["34", "", "", "", "", ""], "out_var_name_list": ["35"]}, "36": {"index": 36, "var_name": "36", "api": "convolutional", "attr_count": 6, "_input_count": 6, "_output_count": 1, "dim": [16, 16, 256], "data_type": "float32", "bias": [1024], "weight": [256, 1024, 1, 1], "kernel": null, "in_var_name_list": ["35", "", "", "", "", ""], "out_var_name_list": ["36"]}, "37": {"index": 37, "var_name": "37", "api": "shortcut", "attr_count": 1, "_input_count": 1, "_output_count": 1, "dim": [16, 16, 1024], "data_type": "float32", "bias": null, "weight": null, "kernel": null, "in_var_name_list": ["36"], "out_var_name_list": ["37"]}, "38": {"index": 38, "var_name": "38", "api": "convolutional", "attr_count": 6, "_input_count": 6, "_output_count": 1, "dim": [16, 16, 1024], "data_type": "float32", "bias": [256], "weight": [1024, 256, 1, 1], "kernel": null, "in_var_name_list": ["37", "", "", "", "", ""], "out_var_name_list": ["38"]}, "39": {"index": 39, "var_name": "39", "api": "convolutional", "attr_count": 6, "_input_count": 6, "_output_count": 1, "dim": [16, 16, 256], "data_type": "float32", "bias": [256], "weight": [256, 256, 3, 3], "kernel": null, "in_var_name_list": ["38", "", "", "", "", ""], "out_var_name_list": ["39"]}, "40": {"index": 40, "var_name": "40", "api": "convolutional", "attr_count": 6, "_input_count": 6, "_output_count": 1, "dim": [16, 16, 256], "data_type": "float32", "bias": [1024], "weight": [256, 1024, 1, 1], "kernel": null, "in_var_name_list": ["39", "", "", "", "", ""], "out_var_name_list": ["40"]}, "41": {"index": 41, "var_name": "41", "api": "shortcut", "attr_count": 1, "_input_count": 1, "_output_count": 1, "dim": [16, 16, 1024], "data_type": "float32", "bias": null, "weight": null, "kernel": null, "in_var_name_list": ["40"], "out_var_name_list": ["41"]}, "42": {"index": 42, "var_name": "42", "api": "convolutional", "attr_count": 6, "_input_count": 6, "_output_count": 1, "dim": [16, 16, 1024], "data_type": "float32", "bias": [256], "weight": [1024, 256, 1, 1], "kernel": null, "in_var_name_list": ["41", "", "", "", "", ""], "out_var_name_list": ["42"]}, "43": {"index": 43, "var_name": "43", "api": "convolutional", "attr_count": 6, "_input_count": 6, "_output_count": 1, "dim": [16, 16, 256], "data_type": "float32", "bias": [256], "weight": [256, 256, 3, 3], "kernel": null, "in_var_name_list": ["42", "", "", "", "", ""], "out_var_name_list": ["43"]}, "44": {"index": 44, "var_name": "44", "api": "convolutional", "attr_count": 6, "_input_count": 6, "_output_count": 1, "dim": [16, 16, 256], "data_type": "float32", "bias": [1024], "weight": [256, 1024, 1, 1], "kernel": null, "in_var_name_list": ["43", "", "", "", "", ""], "out_var_name_list": ["44"]}, "45": {"index": 45, "var_name": "45", "api": "shortcut", "attr_count": 1, "_input_count": 1, "_output_count": 1, "dim": [16, 16, 1024], "data_type": "float32", "bias": null, "weight": null, "kernel": null, "in_var_name_list": ["44"], "out_var_name_list": ["45"]}, "46": {"index": 46, "var_name": "46", "api": "convolutional", "attr_count": 6, "_input_count": 6, "_output_count": 1, "dim": [16, 16, 1024], "data_type": "float32", "bias": [256], "weight": [1024, 256, 1, 1], "kernel": null, "in_var_name_list": ["45", "", "", "", "", ""], "out_var_name_list": ["46"]}, "47": {"index": 47, "var_name": "47", "api": "convolutional", "attr_count": 6, "_input_count": 6, "_output_count": 1, "dim": [16, 16, 256], "data_type": "float32", "bias": [256], "weight": [256, 256, 3, 3], "kernel": null, "in_var_name_list": ["46", "", "", "", "", ""], "out_var_name_list": ["47"]}, "48": {"index": 48, "var_name": "48", "api": "convolutional", "attr_count": 6, "_input_count": 6, "_output_count": 1, "dim": [16, 16, 256], "data_type": "float32", "bias": [1024], "weight": [256, 1024, 1, 1], "kernel": null, "in_var_name_list": ["47", "", "", "", "", ""], "out_var_name_list": ["48"]}, "49": {"index": 49, "var_name": "49", "api": "shortcut", "attr_count": 1, "_input_count": 1, "_output_count": 1, "dim": [16, 16, 1024], "data_type": "float32", "bias": null, "weight": null, "kernel": null, "in_var_name_list": ["48"], "out_var_name_list": ["49"]}, "50": {"index": 50, "var_name": "50", "api": "convolutional", "attr_count": 6, "_input_count": 6, "_output_count": 1, "dim": [16, 16, 1024], "data_type": "float32", "bias": [256], "weight": [1024, 256, 1, 1], "kernel": null, "in_var_name_list": ["49", "", "", "", "", ""], "out_var_name_list": ["50"]}, "51": {"index": 51, "var_name": "51", "api": "convolutional", "attr_count": 6, "_input_count": 6, "_output_count": 1, "dim": [16, 16, 256], "data_type": "float32", "bias": [256], "weight": [256, 256, 3, 3], "kernel": null, "in_var_name_list": ["50", "", "", "", "", ""], "out_var_name_list": ["51"]}, "52": {"index": 52, "var_name": "52", "api": "convolutional", "attr_count": 6, "_input_count": 6, "_output_count": 1, "dim": [16, 16, 256], "data_type": "float32", "bias": [1024], "weight": [256, 1024, 1, 1], "kernel": null, "in_var_name_list": ["51", "", "", "", "", ""], "out_var_name_list": ["52"]}, "53": {"index": 53, "var_name": "53", "api": "shortcut", "attr_count": 1, "_input_count": 1, "_output_count": 1, "dim": [16, 16, 1024], "data_type": "float32", "bias": null, "weight": null, "kernel": null, "in_var_name_list": ["52"], "out_var_name_list": ["53"]}, "54": {"index": 54, "var_name": "54", "api": "convolutional", "attr_count": 6, "_input_count": 6, "_output_count": 1, "dim": [16, 16, 1024], "data_type": "float32", "bias": [512], "weight": [1024, 512, 1, 1], "kernel": null, "in_var_name_list": ["53", "", "", "", "", ""], "out_var_name_list": ["54"]}, "55": {"index": 55, "var_name": "55", "api": "convolutional", "attr_count": 6, "_input_count": 6, "_output_count": 1, "dim": [16, 16, 512], "data_type": "float32", "bias": [512], "weight": [512, 512, 3, 3], "kernel": null, "in_var_name_list": ["54", "", "", "", "", ""], "out_var_name_list": ["55"]}, "56": {"index": 56, "var_name": "56", "api": "convolutional", "attr_count": 6, "_input_count": 6, "_output_count": 1, "dim": [8, 8, 512], "data_type": "float32", "bias": [2048], "weight": [512, 2048, 1, 1], "kernel": null, "in_var_name_list": ["55", "", "", "", "", ""], "out_var_name_list": ["56"]}, "57": {"index": 57, "var_name": "57", "api": "shortcut", "attr_count": 1, "_input_count": 1, "_output_count": 1, "dim": [8, 8, 2048], "data_type": "float32", "bias": null, "weight": null, "kernel": null, "in_var_name_list": ["56"], "out_var_name_list": ["57"]}, "58": {"index": 58, "var_name": "58", "api": "convolutional", "attr_count": 6, "_input_count": 6, "_output_count": 1, "dim": [8, 8, 2048], "data_type": "float32", "bias": [512], "weight": [2048, 512, 1, 1], "kernel": null, "in_var_name_list": ["57", "", "", "", "", ""], "out_var_name_list": ["58"]}, "59": {"index": 59, "var_name": "59", "api": "convolutional", "attr_count": 6, "_input_count": 6, "_output_count": 1, "dim": [8, 8, 512], "data_type": "float32", "bias": [512], "weight": [512, 512, 3, 3], "kernel": null, "in_var_name_list": ["58", "", "", "", "", ""], "out_var_name_list": ["59"]}, "60": {"index": 60, "var_name": "60", "api": "convolutional", "attr_count": 6, "_input_count": 6, "_output_count": 1, "dim": [8, 8, 512], "data_type": "float32", "bias": [2048], "weight": [512, 2048, 1, 1], "kernel": null, "in_var_name_list": ["59", "", "", "", "", ""], "out_var_name_list": ["60"]}, "61": {"index": 61, "var_name": "61", "api": "shortcut", "attr_count": 1, "_input_count": 1, "_output_count": 1, "dim": [8, 8, 2048], "data_type": "float32", "bias": null, "weight": null, "kernel": null, "in_var_name_list": ["60"], "out_var_name_list": ["61"]}, "62": {"index": 62, "var_name": "62", "api": "convolutional", "attr_count": 6, "_input_count": 6, "_output_count": 1, "dim": [8, 8, 2048], "data_type": "float32", "bias": [512], "weight": [2048, 512, 1, 1], "kernel": null, "in_var_name_list": ["61", "", "", "", "", ""], "out_var_name_list": ["62"]}, "63": {"index": 63, "var_name": "63", "api": "convolutional", "attr_count": 6, "_input_count": 6, "_output_count": 1, "dim": [8, 8, 512], "data_type": "float32", "bias": [512], "weight": [512, 512, 3, 3], "kernel": null, "in_var_name_list": ["62", "", "", "", "", ""], "out_var_name_list": ["63"]}, "64": {"index": 64, "var_name": "64", "api": "convolutional", "attr_count": 6, "_input_count": 6, "_output_count": 1, "dim": [8, 8, 512], "data_type": "float32", "bias": [2048], "weight": [512, 2048, 1, 1], "kernel": null, "in_var_name_list": ["63", "", "", "", "", ""], "out_var_name_list": ["64"]}, "65": {"index": 65, "var_name": "65", "api": "shortcut", "attr_count": 1, "_input_count": 1, "_output_count": 1, "dim": [8, 8, 2048], "data_type": "float32", "bias": null, "weight": null, "kernel": null, "in_var_name_list": ["64"], "out_var_name_list": ["65"]}, "66": {"index": 66, "var_name": "66", "api": "convolutional", "attr_count": 5, "_input_count": 3, "_output_count": 1, "dim": [8, 8, 2048], "data_type": "float32", "bias": [1000], "weight": [2048, 1000, 1, 1], "kernel": null, "in_var_name_list": ["65", "", ""], "out_var_name_list": ["66"]}, "67": {"index": 67, "var_name": "67", "api": "avgpool", "attr_count": 0, "_input_count": 1, "_output_count": 1, "dim": [8, 8, 1000], "data_type": "float32", "bias": null, "weight": null, "kernel": null, "in_var_name_list": ["66"], "out_var_name_list": ["67"]}, "68": {"index": 68, "var_name": "68", "api": "softmax", "attr_count": 1, "_input_count": 1, "_output_count": 1, "dim": [1, 1, 1000], "data_type": "float32", "bias": null, "weight": null, "kernel": null, "in_var_name_list": ["67"], "out_var_name_list": ["68"]}, "69": {"index": 69, "var_name": "69", "api": "cost", "attr_count": 1, "_input_count": 1, "_output_count": 1, "dim": [1000], "data_type": "float32", "bias": null, "weight": null, "kernel": null, "in_var_name_list": ["68"], "out_var_name_list": ["69"]}}, "node_count": 70, "edge_list": [{"from": ["13", "shortcut"], "to": ["14", "convolutional"]}, {"from": ["67", "avgpool"], "to": ["68", "softmax"]}, {"from": ["48", "convolutional"], "to": ["49", "shortcut"]}, {"from": ["7", "convolutional"], "to": ["8", "convolutional"]}, {"from": ["20", "convolutional"], "to": ["21", "shortcut"]}, {"from": ["46", "convolutional"], "to": ["47", "convolutional"]}, {"from": ["57", "shortcut"], "to": ["58", "convolutional"]}, {"from": ["9", "shortcut"], "to": ["10", "convolutional"]}, {"from": ["3", "convolutional"], "to": ["4", "convolutional"]}, {"from": ["17", "shortcut"], "to": ["18", "convolutional"]}, {"from": ["22", "convolutional"], "to": ["23", "convolutional"]}, {"from": ["45", "shortcut"], "to": ["46", "convolutional"]}, {"from": ["21", "shortcut"], "to": ["22", "convolutional"]}, {"from": ["5", "shortcut"], "to": ["6", "convolutional"]}, {"from": ["28", "convolutional"], "to": ["29", "shortcut"]}, {"from": ["11", "convolutional"], "to": ["12", "convolutional"]}, {"from": ["55", "convolutional"], "to": ["56", "convolutional"]}, {"from": ["25", "shortcut"], "to": ["26", "convolutional"]}, {"from": ["53", "shortcut"], "to": ["54", "convolutional"]}, {"from": ["24", "convolutional"], "to": ["25", "shortcut"]}, {"from": ["6", "convolutional"], "to": ["7", "convolutional"]}, {"from": ["19", "convolutional"], "to": ["20", "convolutional"]}, {"from": ["42", "convolutional"], "to": ["43", "convolutional"]}, {"from": ["61", "shortcut"], "to": ["62", "convolutional"]}, {"from": ["23", "convolutional"], "to": ["24", "convolutional"]}, {"from": ["12", "convolutional"], "to": ["13", "shortcut"]}, {"from": ["35", "convolutional"], "to": ["36", "convolutional"]}, {"from": ["1", "maxpool"], "to": ["2", "convolutional"]}, {"from": ["60", "convolutional"], "to": ["61", "shortcut"]}, {"from": ["63", "convolutional"], "to": ["64", "convolutional"]}, {"from": ["31", "convolutional"], "to": ["32", "convolutional"]}, {"from": ["32", "convolutional"], "to": ["33", "shortcut"]}, {"from": ["10", "convolutional"], "to": ["11", "convolutional"]}, {"from": ["27", "convolutional"], "to": ["28", "convolutional"]}, {"from": ["29", "shortcut"], "to": ["30", "convolutional"]}, {"from": ["33", "shortcut"], "to": ["34", "convolutional"]}, {"from": ["68", "softmax"], "to": ["69", "cost"]}, {"from": ["43", "convolutional"], "to": ["44", "convolutional"]}, {"from": ["56", "convolutional"], "to": ["57", "shortcut"]}, {"from": ["36", "convolutional"], "to": ["37", "shortcut"]}, {"from": ["40", "convolutional"], "to": ["41", "shortcut"]}, {"from": ["0", "convolutional"], "to": ["1", "maxpool"]}, {"from": ["58", "convolutional"], "to": ["59", "convolutional"]}, {"from": ["30", "convolutional"], "to": ["31", "convolutional"]}, {"from": ["15", "convolutional"], "to": ["16", "convolutional"]}, {"from": ["4", "convolutional"], "to": ["5", "shortcut"]}, {"from": ["50", "convolutional"], "to": ["51", "convolutional"]}, {"from": ["16", "convolutional"], "to": ["17", "shortcut"]}, {"from": ["65", "shortcut"], "to": ["66", "convolutional"]}, {"from": ["66", "convolutional"], "to": ["67", "avgpool"]}, {"from": ["38", "convolutional"], "to": ["39", "convolutional"]}, {"from": ["44", "convolutional"], "to": ["45", "shortcut"]}, {"from": ["64", "convolutional"], "to": ["65", "shortcut"]}, {"from": ["49", "shortcut"], "to": ["50", "convolutional"]}, {"from": ["2", "convolutional"], "to": ["3", "convolutional"]}, {"from": ["54", "convolutional"], "to": ["55", "convolutional"]}, {"from": ["62", "convolutional"], "to": ["63", "convolutional"]}, {"from": ["37", "shortcut"], "to": ["38", "convolutional"]}, {"from": ["52", "convolutional"], "to": ["53", "shortcut"]}, {"from": ["39", "convolutional"], "to": ["40", "convolutional"]}, {"from": ["59", "convolutional"], "to": ["60", "convolutional"]}, {"from": ["47", "convolutional"], "to": ["48", "convolutional"]}, {"from": ["8", "convolutional"], "to": ["9", "shortcut"]}, {"from": ["18", "convolutional"], "to": ["19", "convolutional"]}, {"from": ["26", "convolutional"], "to": ["27", "convolutional"]}, {"from": ["14", "convolutional"], "to": ["15", "convolutional"]}, {"from": ["41", "shortcut"], "to": ["42", "convolutional"]}, {"from": ["51", "convolutional"], "to": ["52", "convolutional"]}, {"from": ["34", "convolutional"], "to": ["35", "convolutional"]}], "edge_count": 69}