{"filename": "unsky__@@__FPN__@@__1__@@__cifar10_full.prototxt", "original_file_size": 2128, "netron_file_size": 100103, "input_dict": {"data": {"data_type": 0, "dim": 0}}, "output_dict": {}, "node_dict": {"conv1": {"index": 0, "var_name": "conv1", "api": "Convolution", "attr_count": 5, "_input_count": 3, "_output_count": 1, "dim": null, "data_type": null, "bias": null, "weight": null, "kernel": null, "in_var_name_list": ["data", "filter", "bias"], "out_var_name_list": ["conv1"]}, "pool1": {"index": 1, "var_name": "pool1", "api": "Pooling", "attr_count": 2, "_input_count": 1, "_output_count": 1, "dim": null, "data_type": null, "bias": null, "weight": null, "kernel": null, "in_var_name_list": ["conv1"], "out_var_name_list": ["pool1"]}, "norm1": {"index": 2, "var_name": "norm1", "api": "LRN", "attr_count": 3, "_input_count": 1, "_output_count": 1, "dim": null, "data_type": null, "bias": null, "weight": null, "kernel": null, "in_var_name_list": ["pool1"], "out_var_name_list": ["norm1"]}, "conv2": {"index": 3, "var_name": "conv2", "api": "Convolution", "attr_count": 5, "_input_count": 3, "_output_count": 1, "dim": null, "data_type": null, "bias": null, "weight": null, "kernel": null, "in_var_name_list": ["norm1", "filter", "bias"], "out_var_name_list": ["conv2"]}, "pool2": {"index": 4, "var_name": "pool2", "api": "Pooling", "attr_count": 3, "_input_count": 1, "_output_count": 1, "dim": null, "data_type": null, "bias": null, "weight": null, "kernel": null, "in_var_name_list": ["conv2"], "out_var_name_list": ["pool2"]}, "norm2": {"index": 5, "var_name": "norm2", "api": "LRN", "attr_count": 3, "_input_count": 1, "_output_count": 1, "dim": null, "data_type": null, "bias": null, "weight": null, "kernel": null, "in_var_name_list": ["pool2"], "out_var_name_list": ["norm2"]}, "conv3": {"index": 6, "var_name": "conv3", "api": "Convolution", "attr_count": 5, "_input_count": 3, "_output_count": 1, "dim": null, "data_type": null, "bias": null, "weight": null, "kernel": null, "in_var_name_list": ["norm2", "filter", "bias"], "out_var_name_list": ["conv3"]}, "pool3": {"index": 7, "var_name": "pool3", "api": "Pooling", "attr_count": 3, "_input_count": 1, "_output_count": 1, "dim": null, "data_type": null, "bias": null, "weight": null, "kernel": null, "in_var_name_list": ["conv3"], "out_var_name_list": ["pool3"]}, "ip1": {"index": 8, "var_name": "ip1", "api": "InnerProduct", "attr_count": 1, "_input_count": 3, "_output_count": 1, "dim": null, "data_type": null, "bias": null, "weight": null, "kernel": null, "in_var_name_list": ["pool3", "weights", "bias"], "out_var_name_list": ["ip1"]}, "prob": {"index": 9, "var_name": "prob", "api": "Softmax", "attr_count": 0, "_input_count": 1, "_output_count": 1, "dim": null, "data_type": null, "bias": null, "weight": null, "kernel": null, "in_var_name_list": ["ip1"], "out_var_name_list": ["prob"]}}, "node_count": 10, "edge_list": [{"from": ["conv3", "Convolution"], "to": ["pool3", "Pooling"]}, {"from": ["ip1", "InnerProduct"], "to": ["prob", "Softmax"]}, {"from": ["conv2", "Convolution"], "to": ["pool2", "Pooling"]}, {"from": ["pool3", "Pooling"], "to": ["ip1", "InnerProduct"]}, {"from": ["pool2", "Pooling"], "to": ["norm2", "LRN"]}, {"from": ["pool1", "Pooling"], "to": ["norm1", "LRN"]}, {"from": ["norm1", "LRN"], "to": ["conv2", "Convolution"]}, {"from": ["norm2", "LRN"], "to": ["conv3", "Convolution"]}, {"from": ["conv1", "Convolution"], "to": ["pool1", "Pooling"]}], "edge_count": 9}