{"filename": "willwx__@@__XDream__@@__8__@@__generator_no_batch.prototxt", "original_file_size": 4952, "netron_file_size": 177396, "input_dict": {"feat": {"data_type": 0, "dim": 0}}, "output_dict": {}, "node_dict": {"Rconv6": {"index": 0, "var_name": "Rconv6", "api": "Convolution", "attr_count": 5, "_input_count": 3, "_output_count": 1, "dim": null, "data_type": null, "bias": null, "weight": null, "kernel": null, "in_var_name_list": ["feat", "filter", "bias"], "out_var_name_list": ["Rconv6"]}, "Rconv7": {"index": 1, "var_name": "Rconv7", "api": "Convolution", "attr_count": 5, "_input_count": 3, "_output_count": 1, "dim": null, "data_type": null, "bias": null, "weight": null, "kernel": null, "in_var_name_list": ["Rconv6", "filter", "bias"], "out_var_name_list": ["Rconv7"]}, "Rconv8": {"index": 2, "var_name": "Rconv8", "api": "Convolution", "attr_count": 5, "_input_count": 3, "_output_count": 1, "dim": null, "data_type": null, "bias": null, "weight": null, "kernel": null, "in_var_name_list": ["Rconv7", "filter", "bias"], "out_var_name_list": ["Rconv8"]}, "deconv5": {"index": 3, "var_name": "deconv5", "api": "Deconvolution", "attr_count": 6, "_input_count": 3, "_output_count": 1, "dim": null, "data_type": null, "bias": null, "weight": null, "kernel": null, "in_var_name_list": ["Rconv8", "filter", "bias"], "out_var_name_list": ["deconv5"]}, "conv5_1": {"index": 4, "var_name": "conv5_1", "api": "Deconvolution", "attr_count": 6, "_input_count": 3, "_output_count": 1, "dim": null, "data_type": null, "bias": null, "weight": null, "kernel": null, "in_var_name_list": ["deconv5", "filter", "bias"], "out_var_name_list": ["conv5_1"]}, "deconv4": {"index": 5, "var_name": "deconv4", "api": "Deconvolution", "attr_count": 6, "_input_count": 3, "_output_count": 1, "dim": null, "data_type": null, "bias": null, "weight": null, "kernel": null, "in_var_name_list": ["conv5_1", "filter", "bias"], "out_var_name_list": ["deconv4"]}, "conv4_1": {"index": 6, "var_name": "conv4_1", "api": "Deconvolution", "attr_count": 6, "_input_count": 3, "_output_count": 1, "dim": null, "data_type": null, "bias": null, "weight": null, "kernel": null, "in_var_name_list": ["deconv4", "filter", "bias"], "out_var_name_list": ["conv4_1"]}, "deconv3": {"index": 7, "var_name": "deconv3", "api": "Deconvolution", "attr_count": 6, "_input_count": 3, "_output_count": 1, "dim": null, "data_type": null, "bias": null, "weight": null, "kernel": null, "in_var_name_list": ["conv4_1", "filter", "bias"], "out_var_name_list": ["deconv3"]}, "conv3_1": {"index": 8, "var_name": "conv3_1", "api": "Deconvolution", "attr_count": 6, "_input_count": 3, "_output_count": 1, "dim": null, "data_type": null, "bias": null, "weight": null, "kernel": null, "in_var_name_list": ["deconv3", "filter", "bias"], "out_var_name_list": ["conv3_1"]}, "deconv2": {"index": 9, "var_name": "deconv2", "api": "Deconvolution", "attr_count": 6, "_input_count": 3, "_output_count": 1, "dim": null, "data_type": null, "bias": null, "weight": null, "kernel": null, "in_var_name_list": ["conv3_1", "filter", "bias"], "out_var_name_list": ["deconv2"]}, "deconv1": {"index": 10, "var_name": "deconv1", "api": "Deconvolution", "attr_count": 6, "_input_count": 3, "_output_count": 1, "dim": null, "data_type": null, "bias": null, "weight": null, "kernel": null, "in_var_name_list": ["deconv2", "filter", "bias"], "out_var_name_list": ["deconv1"]}, "deconv0": {"index": 11, "var_name": "deconv0", "api": "Deconvolution", "attr_count": 6, "_input_count": 3, "_output_count": 1, "dim": null, "data_type": null, "bias": null, "weight": null, "kernel": null, "in_var_name_list": ["deconv1", "filter", "bias"], "out_var_name_list": ["generated"]}}, "node_count": 12, "edge_list": [{"from": ["deconv3", "Deconvolution"], "to": ["conv3_1", "Deconvolution"]}, {"from": ["Rconv6", "Convolution"], "to": ["Rconv7", "Convolution"]}, {"from": ["Rconv7", "Convolution"], "to": ["Rconv8", "Convolution"]}, {"from": ["conv4_1", "Deconvolution"], "to": ["deconv3", "Deconvolution"]}, {"from": ["conv5_1", "Deconvolution"], "to": ["deconv4", "Deconvolution"]}, {"from": ["deconv4", "Deconvolution"], "to": ["conv4_1", "Deconvolution"]}, {"from": ["deconv5", "Deconvolution"], "to": ["conv5_1", "Deconvolution"]}, {"from": ["deconv2", "Deconvolution"], "to": ["deconv1", "Deconvolution"]}, {"from": ["conv3_1", "Deconvolution"], "to": ["deconv2", "Deconvolution"]}, {"from": ["deconv1", "Deconvolution"], "to": ["deconv0", "Deconvolution"]}, {"from": ["Rconv8", "Convolution"], "to": ["deconv5", "Deconvolution"]}], "edge_count": 11}