{"filename": "WongKinYiu__@@__CrossStagePartialNetworks__@@__30__@@__csresnext50-elastic-panet-spp.cfg", "original_file_size": 16116, "netron_file_size": 247876, "input_dict": {"input": {"data_type": "float32", "dim": [416, 416, 3]}}, "output_dict": {}, "node_dict": {"0": {"index": 0, "var_name": "0", "api": "convolutional", "attr_count": 6, "_input_count": 6, "_output_count": 1, "dim": [416, 416, 3], "data_type": "float32", "bias": [64], "weight": [3, 64, 7, 7], "kernel": null, "in_var_name_list": ["input", "", "", "", "", ""], "out_var_name_list": ["0"]}, "1": {"index": 1, "var_name": "1", "api": "maxpool", "attr_count": 2, "_input_count": 1, "_output_count": 1, "dim": [208, 208, 64], "data_type": "float32", "bias": null, "weight": null, "kernel": null, "in_var_name_list": ["0"], "out_var_name_list": ["1"]}, "2": {"index": 2, "var_name": "2", "api": "convolutional", "attr_count": 6, "_input_count": 6, "_output_count": 1, "dim": [104, 104, 64], "data_type": "float32", "bias": [128], "weight": [64, 128, 1, 1], "kernel": null, "in_var_name_list": ["1", "", "", "", "", ""], "out_var_name_list": ["2"]}, "3": {"index": 3, "var_name": "3", "api": "route", "attr_count": 0, "_input_count": 1, "_output_count": 1, "dim": [104, 104, 64], "data_type": "float32", "bias": null, "weight": null, "kernel": null, "in_var_name_list": ["1"], "out_var_name_list": ["3"]}, "4": {"index": 4, "var_name": "4", "api": "convolutional", "attr_count": 6, "_input_count": 6, "_output_count": 1, "dim": [104, 104, 64], "data_type": "float32", "bias": [128], "weight": [64, 128, 1, 1], "kernel": null, "in_var_name_list": ["3", "", "", "", "", ""], "out_var_name_list": ["4"]}, "5": {"index": 5, "var_name": "5", "api": "route", "attr_count": 2, "_input_count": 1, "_output_count": 1, "dim": [104, 104, 128], "data_type": "float32", "bias": null, "weight": null, "kernel": null, "in_var_name_list": ["4"], "out_var_name_list": ["5"]}, "6": {"index": 6, "var_name": "6", "api": "convolutional", "attr_count": 6, "_input_count": 6, "_output_count": 1, "dim": [104, 104, 64], "data_type": "float32", "bias": [64], "weight": [64, 64, 1, 1], "kernel": null, "in_var_name_list": ["5", "", "", "", "", ""], "out_var_name_list": ["6"]}, "7": {"index": 7, "var_name": "7", "api": "convolutional", "attr_count": 7, "_input_count": 6, "_output_count": 1, "dim": [104, 104, 64], "data_type": "float32", "bias": [64], "weight": [4, 64, 3, 3], "kernel": null, "in_var_name_list": ["6", "", "", "", "", ""], "out_var_name_list": ["7"]}, "8": {"index": 8, "var_name": "8", "api": "convolutional", "attr_count": 6, "_input_count": 6, "_output_count": 1, "dim": [104, 104, 64], "data_type": "float32", "bias": [64], "weight": [64, 64, 1, 1], "kernel": null, "in_var_name_list": ["7", "", "", "", "", ""], "out_var_name_list": ["8"]}, "9": {"index": 9, "var_name": "9", "api": "route", "attr_count": 2, "_input_count": 1, "_output_count": 1, "dim": [104, 104, 128], "data_type": "float32", "bias": null, "weight": null, "kernel": null, "in_var_name_list": ["4"], "out_var_name_list": ["9"]}, "10": {"index": 10, "var_name": "10", "api": "maxpool", "attr_count": 2, "_input_count": 1, "_output_count": 1, "dim": [104, 104, 64], "data_type": "float32", "bias": null, "weight": null, "kernel": null, "in_var_name_list": ["9"], "out_var_name_list": ["10"]}, "11": {"index": 11, "var_name": "11", "api": "convolutional", "attr_count": 6, "_input_count": 6, "_output_count": 1, "dim": [52, 52, 64], "data_type": "float32", "bias": [64], "weight": [64, 64, 1, 1], "kernel": null, "in_var_name_list": ["10", "", "", "", "", ""], "out_var_name_list": ["11"]}, "12": {"index": 12, "var_name": "12", "api": "convolutional", "attr_count": 7, "_input_count": 6, "_output_count": 1, "dim": [52, 52, 64], "data_type": "float32", "bias": [64], "weight": [4, 64, 3, 3], "kernel": null, "in_var_name_list": ["11", "", "", "", "", ""], "out_var_name_list": ["12"]}, "13": {"index": 13, "var_name": "13", "api": "convolutional", "attr_count": 6, "_input_count": 6, "_output_count": 1, "dim": [52, 52, 64], "data_type": "float32", "bias": [64], "weight": [64, 64, 1, 1], "kernel": null, "in_var_name_list": ["12", "", "", "", "", ""], "out_var_name_list": ["13"]}, "14": {"index": 14, "var_name": "14", "api": "upsample", "attr_count": 1, "_input_count": 1, "_output_count": 1, "dim": [52, 52, 64], "data_type": "float32", "bias": null, "weight": null, "kernel": null, "in_var_name_list": ["13"], "out_var_name_list": ["14"]}, "15": {"index": 15, "var_name": "15", "api": "route", "attr_count": 0, "_input_count": 1, "_output_count": 1, "dim": [104, 104, 64], "data_type": "float32", "bias": null, "weight": null, "kernel": null, "in_var_name_list": ["8"], "out_var_name_list": ["15"]}, "16": {"index": 16, "var_name": "16", "api": "shortcut", "attr_count": 1, "_input_count": 1, "_output_count": 1, "dim": [104, 104, 128], "data_type": "float32", "bias": null, "weight": null, "kernel": null, "in_var_name_list": ["15"], "out_var_name_list": ["16"]}, "17": {"index": 17, "var_name": "17", "api": "route", "attr_count": 2, "_input_count": 1, "_output_count": 1, "dim": [104, 104, 128], "data_type": "float32", "bias": null, "weight": null, "kernel": null, "in_var_name_list": ["16"], "out_var_name_list": ["17"]}, "18": {"index": 18, "var_name": "18", "api": "convolutional", "attr_count": 6, "_input_count": 6, "_output_count": 1, "dim": [104, 104, 64], "data_type": "float32", "bias": [64], "weight": [64, 64, 1, 1], "kernel": null, "in_var_name_list": ["17", "", "", "", "", ""], "out_var_name_list": ["18"]}, "19": {"index": 19, "var_name": "19", "api": "convolutional", "attr_count": 7, "_input_count": 6, "_output_count": 1, "dim": [104, 104, 64], "data_type": "float32", "bias": [64], "weight": [4, 64, 3, 3], "kernel": null, "in_var_name_list": ["18", "", "", "", "", ""], "out_var_name_list": ["19"]}, "20": {"index": 20, "var_name": "20", "api": "convolutional", "attr_count": 6, "_input_count": 6, "_output_count": 1, "dim": [104, 104, 64], "data_type": "float32", "bias": [64], "weight": [64, 64, 1, 1], "kernel": null, "in_var_name_list": ["19", "", "", "", "", ""], "out_var_name_list": ["20"]}, "21": {"index": 21, "var_name": "21", "api": "route", "attr_count": 2, "_input_count": 1, "_output_count": 1, "dim": [104, 104, 128], "data_type": "float32", "bias": null, "weight": null, "kernel": null, "in_var_name_list": ["16"], "out_var_name_list": ["21"]}, "22": {"index": 22, "var_name": "22", "api": "maxpool", "attr_count": 2, "_input_count": 1, "_output_count": 1, "dim": [104, 104, 64], "data_type": "float32", "bias": null, "weight": null, "kernel": null, "in_var_name_list": ["21"], "out_var_name_list": ["22"]}, "23": {"index": 23, "var_name": "23", "api": "convolutional", "attr_count": 6, "_input_count": 6, "_output_count": 1, "dim": [52, 52, 64], "data_type": "float32", "bias": [64], "weight": [64, 64, 1, 1], "kernel": null, "in_var_name_list": ["22", "", "", "", "", ""], "out_var_name_list": ["23"]}, "24": {"index": 24, "var_name": "24", "api": "convolutional", "attr_count": 7, "_input_count": 6, "_output_count": 1, "dim": [52, 52, 64], "data_type": "float32", "bias": [64], "weight": [4, 64, 3, 3], "kernel": null, "in_var_name_list": ["23", "", "", "", "", ""], "out_var_name_list": ["24"]}, "25": {"index": 25, "var_name": "25", "api": "convolutional", "attr_count": 6, "_input_count": 6, "_output_count": 1, "dim": [52, 52, 64], "data_type": "float32", "bias": [64], "weight": [64, 64, 1, 1], "kernel": null, "in_var_name_list": ["24", "", "", "", "", ""], "out_var_name_list": ["25"]}, "26": {"index": 26, "var_name": "26", "api": "upsample", "attr_count": 1, "_input_count": 1, "_output_count": 1, "dim": [52, 52, 64], "data_type": "float32", "bias": null, "weight": null, "kernel": null, "in_var_name_list": ["25"], "out_var_name_list": ["26"]}, "27": {"index": 27, "var_name": "27", "api": "route", "attr_count": 0, "_input_count": 1, "_output_count": 1, "dim": [104, 104, 64], "data_type": "float32", "bias": null, "weight": null, "kernel": null, "in_var_name_list": ["20"], "out_var_name_list": ["27"]}, "28": {"index": 28, "var_name": "28", "api": "shortcut", "attr_count": 1, "_input_count": 1, "_output_count": 1, "dim": [104, 104, 128], "data_type": "float32", "bias": null, "weight": null, "kernel": null, "in_var_name_list": ["27"], "out_var_name_list": ["28"]}, "29": {"index": 29, "var_name": "29", "api": "route", "attr_count": 2, "_input_count": 1, "_output_count": 1, "dim": [104, 104, 128], "data_type": "float32", "bias": null, "weight": null, "kernel": null, "in_var_name_list": ["28"], "out_var_name_list": ["29"]}, "30": {"index": 30, "var_name": "30", "api": "convolutional", "attr_count": 6, "_input_count": 6, "_output_count": 1, "dim": [104, 104, 64], "data_type": "float32", "bias": [64], "weight": [64, 64, 1, 1], "kernel": null, "in_var_name_list": ["29", "", "", "", "", ""], "out_var_name_list": ["30"]}, "31": {"index": 31, "var_name": "31", "api": "convolutional", "attr_count": 7, "_input_count": 6, "_output_count": 1, "dim": [104, 104, 64], "data_type": "float32", "bias": [64], "weight": [4, 64, 3, 3], "kernel": null, "in_var_name_list": ["30", "", "", "", "", ""], "out_var_name_list": ["31"]}, "32": {"index": 32, "var_name": "32", "api": "convolutional", "attr_count": 6, "_input_count": 6, "_output_count": 1, "dim": [104, 104, 64], "data_type": "float32", "bias": [64], "weight": [64, 64, 1, 1], "kernel": null, "in_var_name_list": ["31", "", "", "", "", ""], "out_var_name_list": ["32"]}, "33": {"index": 33, "var_name": "33", "api": "route", "attr_count": 2, "_input_count": 1, "_output_count": 1, "dim": [104, 104, 128], "data_type": "float32", "bias": null, "weight": null, "kernel": null, "in_var_name_list": ["28"], "out_var_name_list": ["33"]}, "34": {"index": 34, "var_name": "34", "api": "maxpool", "attr_count": 2, "_input_count": 1, "_output_count": 1, "dim": [104, 104, 64], "data_type": "float32", "bias": null, "weight": null, "kernel": null, "in_var_name_list": ["33"], "out_var_name_list": ["34"]}, "35": {"index": 35, "var_name": "35", "api": "convolutional", "attr_count": 6, "_input_count": 6, "_output_count": 1, "dim": [52, 52, 64], "data_type": "float32", "bias": [64], "weight": [64, 64, 1, 1], "kernel": null, "in_var_name_list": ["34", "", "", "", "", ""], "out_var_name_list": ["35"]}, "36": {"index": 36, "var_name": "36", "api": "convolutional", "attr_count": 7, "_input_count": 6, "_output_count": 1, "dim": [52, 52, 64], "data_type": "float32", "bias": [64], "weight": [4, 64, 3, 3], "kernel": null, "in_var_name_list": ["35", "", "", "", "", ""], "out_var_name_list": ["36"]}, "37": {"index": 37, "var_name": "37", "api": "convolutional", "attr_count": 6, "_input_count": 6, "_output_count": 1, "dim": [52, 52, 64], "data_type": "float32", "bias": [64], "weight": [64, 64, 1, 1], "kernel": null, "in_var_name_list": ["36", "", "", "", "", ""], "out_var_name_list": ["37"]}, "38": {"index": 38, "var_name": "38", "api": "upsample", "attr_count": 1, "_input_count": 1, "_output_count": 1, "dim": [52, 52, 64], "data_type": "float32", "bias": null, "weight": null, "kernel": null, "in_var_name_list": ["37"], "out_var_name_list": ["38"]}, "39": {"index": 39, "var_name": "39", "api": "route", "attr_count": 0, "_input_count": 1, "_output_count": 1, "dim": [104, 104, 64], "data_type": "float32", "bias": null, "weight": null, "kernel": null, "in_var_name_list": ["32"], "out_var_name_list": ["39"]}, "40": {"index": 40, "var_name": "40", "api": "shortcut", "attr_count": 1, "_input_count": 1, "_output_count": 1, "dim": [104, 104, 128], "data_type": "float32", "bias": null, "weight": null, "kernel": null, "in_var_name_list": ["39"], "out_var_name_list": ["40"]}, "41": {"index": 41, "var_name": "41", "api": "convolutional", "attr_count": 6, "_input_count": 6, "_output_count": 1, "dim": [104, 104, 128], "data_type": "float32", "bias": [128], "weight": [128, 128, 1, 1], "kernel": null, "in_var_name_list": ["40", "", "", "", "", ""], "out_var_name_list": ["41"]}, "42": {"index": 42, "var_name": "42", "api": "route", "attr_count": 0, "_input_count": 1, "_output_count": 1, "dim": [104, 104, 128], "data_type": "float32", "bias": null, "weight": null, "kernel": null, "in_var_name_list": ["41"], "out_var_name_list": ["42"]}, "43": {"index": 43, "var_name": "43", "api": "convolutional", "attr_count": 6, "_input_count": 6, "_output_count": 1, "dim": [104, 104, 256], "data_type": "float32", "bias": [256], "weight": [256, 256, 1, 1], "kernel": null, "in_var_name_list": ["42", "", "", "", "", ""], "out_var_name_list": ["43"]}, "44": {"index": 44, "var_name": "44", "api": "convolutional", "attr_count": 7, "_input_count": 6, "_output_count": 1, "dim": [104, 104, 256], "data_type": "float32", "bias": [256], "weight": [8, 256, 3, 3], "kernel": null, "in_var_name_list": ["43", "", "", "", "", ""], "out_var_name_list": ["44"]}, "45": {"index": 45, "var_name": "45", "api": "convolutional", "attr_count": 6, "_input_count": 6, "_output_count": 1, "dim": [52, 52, 256], "data_type": "float32", "bias": [256], "weight": [256, 256, 1, 1], "kernel": null, "in_var_name_list": ["44", "", "", "", "", ""], "out_var_name_list": ["45"]}, "46": {"index": 46, "var_name": "46", "api": "route", "attr_count": 0, "_input_count": 1, "_output_count": 1, "dim": [52, 52, 256], "data_type": "float32", "bias": null, "weight": null, "kernel": null, "in_var_name_list": ["44"], "out_var_name_list": ["46"]}, "47": {"index": 47, "var_name": "47", "api": "convolutional", "attr_count": 6, "_input_count": 6, "_output_count": 1, "dim": [52, 52, 256], "data_type": "float32", "bias": [256], "weight": [256, 256, 1, 1], "kernel": null, "in_var_name_list": ["46", "", "", "", "", ""], "out_var_name_list": ["47"]}, "48": {"index": 48, "var_name": "48", "api": "route", "attr_count": 2, "_input_count": 1, "_output_count": 1, "dim": [52, 52, 256], "data_type": "float32", "bias": null, "weight": null, "kernel": null, "in_var_name_list": ["47"], "out_var_name_list": ["48"]}, "49": {"index": 49, "var_name": "49", "api": "convolutional", "attr_count": 6, "_input_count": 6, "_output_count": 1, "dim": [52, 52, 128], "data_type": "float32", "bias": [128], "weight": [128, 128, 1, 1], "kernel": null, "in_var_name_list": ["48", "", "", "", "", ""], "out_var_name_list": ["49"]}, "50": {"index": 50, "var_name": "50", "api": "convolutional", "attr_count": 7, "_input_count": 6, "_output_count": 1, "dim": [52, 52, 128], "data_type": "float32", "bias": [128], "weight": [8, 128, 3, 3], "kernel": null, "in_var_name_list": ["49", "", "", "", "", ""], "out_var_name_list": ["50"]}, "51": {"index": 51, "var_name": "51", "api": "convolutional", "attr_count": 6, "_input_count": 6, "_output_count": 1, "dim": [52, 52, 128], "data_type": "float32", "bias": [128], "weight": [128, 128, 1, 1], "kernel": null, "in_var_name_list": ["50", "", "", "", "", ""], "out_var_name_list": ["51"]}, "52": {"index": 52, "var_name": "52", "api": "route", "attr_count": 2, "_input_count": 1, "_output_count": 1, "dim": [52, 52, 256], "data_type": "float32", "bias": null, "weight": null, "kernel": null, "in_var_name_list": ["47"], "out_var_name_list": ["52"]}, "53": {"index": 53, "var_name": "53", "api": "maxpool", "attr_count": 2, "_input_count": 1, "_output_count": 1, "dim": [52, 52, 128], "data_type": "float32", "bias": null, "weight": null, "kernel": null, "in_var_name_list": ["52"], "out_var_name_list": ["53"]}, "54": {"index": 54, "var_name": "54", "api": "convolutional", "attr_count": 6, "_input_count": 6, "_output_count": 1, "dim": [26, 26, 128], "data_type": "float32", "bias": [128], "weight": [128, 128, 1, 1], "kernel": null, "in_var_name_list": ["53", "", "", "", "", ""], "out_var_name_list": ["54"]}, "55": {"index": 55, "var_name": "55", "api": "convolutional", "attr_count": 7, "_input_count": 6, "_output_count": 1, "dim": [26, 26, 128], "data_type": "float32", "bias": [128], "weight": [8, 128, 3, 3], "kernel": null, "in_var_name_list": ["54", "", "", "", "", ""], "out_var_name_list": ["55"]}, "56": {"index": 56, "var_name": "56", "api": "convolutional", "attr_count": 6, "_input_count": 6, "_output_count": 1, "dim": [26, 26, 128], "data_type": "float32", "bias": [128], "weight": [128, 128, 1, 1], "kernel": null, "in_var_name_list": ["55", "", "", "", "", ""], "out_var_name_list": ["56"]}, "57": {"index": 57, "var_name": "57", "api": "upsample", "attr_count": 1, "_input_count": 1, "_output_count": 1, "dim": [26, 26, 128], "data_type": "float32", "bias": null, "weight": null, "kernel": null, "in_var_name_list": ["56"], "out_var_name_list": ["57"]}, "58": {"index": 58, "var_name": "58", "api": "route", "attr_count": 0, "_input_count": 1, "_output_count": 1, "dim": [52, 52, 128], "data_type": "float32", "bias": null, "weight": null, "kernel": null, "in_var_name_list": ["51"], "out_var_name_list": ["58"]}, "59": {"index": 59, "var_name": "59", "api": "shortcut", "attr_count": 1, "_input_count": 1, "_output_count": 1, "dim": [52, 52, 256], "data_type": "float32", "bias": null, "weight": null, "kernel": null, "in_var_name_list": ["58"], "out_var_name_list": ["59"]}, "60": {"index": 60, "var_name": "60", "api": "route", "attr_count": 2, "_input_count": 1, "_output_count": 1, "dim": [52, 52, 256], "data_type": "float32", "bias": null, "weight": null, "kernel": null, "in_var_name_list": ["59"], "out_var_name_list": ["60"]}, "61": {"index": 61, "var_name": "61", "api": "convolutional", "attr_count": 6, "_input_count": 6, "_output_count": 1, "dim": [52, 52, 128], "data_type": "float32", "bias": [128], "weight": [128, 128, 1, 1], "kernel": null, "in_var_name_list": ["60", "", "", "", "", ""], "out_var_name_list": ["61"]}, "62": {"index": 62, "var_name": "62", "api": "convolutional", "attr_count": 7, "_input_count": 6, "_output_count": 1, "dim": [52, 52, 128], "data_type": "float32", "bias": [128], "weight": [8, 128, 3, 3], "kernel": null, "in_var_name_list": ["61", "", "", "", "", ""], "out_var_name_list": ["62"]}, "63": {"index": 63, "var_name": "63", "api": "convolutional", "attr_count": 6, "_input_count": 6, "_output_count": 1, "dim": [52, 52, 128], "data_type": "float32", "bias": [128], "weight": [128, 128, 1, 1], "kernel": null, "in_var_name_list": ["62", "", "", "", "", ""], "out_var_name_list": ["63"]}, "64": {"index": 64, "var_name": "64", "api": "route", "attr_count": 2, "_input_count": 1, "_output_count": 1, "dim": [52, 52, 256], "data_type": "float32", "bias": null, "weight": null, "kernel": null, "in_var_name_list": ["59"], "out_var_name_list": ["64"]}, "65": {"index": 65, "var_name": "65", "api": "maxpool", "attr_count": 2, "_input_count": 1, "_output_count": 1, "dim": [52, 52, 128], "data_type": "float32", "bias": null, "weight": null, "kernel": null, "in_var_name_list": ["64"], "out_var_name_list": ["65"]}, "66": {"index": 66, "var_name": "66", "api": "convolutional", "attr_count": 6, "_input_count": 6, "_output_count": 1, "dim": [26, 26, 128], "data_type": "float32", "bias": [128], "weight": [128, 128, 1, 1], "kernel": null, "in_var_name_list": ["65", "", "", "", "", ""], "out_var_name_list": ["66"]}, "67": {"index": 67, "var_name": "67", "api": "convolutional", "attr_count": 7, "_input_count": 6, "_output_count": 1, "dim": [26, 26, 128], "data_type": "float32", "bias": [128], "weight": [8, 128, 3, 3], "kernel": null, "in_var_name_list": ["66", "", "", "", "", ""], "out_var_name_list": ["67"]}, "68": {"index": 68, "var_name": "68", "api": "convolutional", "attr_count": 6, "_input_count": 6, "_output_count": 1, "dim": [26, 26, 128], "data_type": "float32", "bias": [128], "weight": [128, 128, 1, 1], "kernel": null, "in_var_name_list": ["67", "", "", "", "", ""], "out_var_name_list": ["68"]}, "69": {"index": 69, "var_name": "69", "api": "upsample", "attr_count": 1, "_input_count": 1, "_output_count": 1, "dim": [26, 26, 128], "data_type": "float32", "bias": null, "weight": null, "kernel": null, "in_var_name_list": ["68"], "out_var_name_list": ["69"]}, "70": {"index": 70, "var_name": "70", "api": "route", "attr_count": 0, "_input_count": 1, "_output_count": 1, "dim": [52, 52, 128], "data_type": "float32", "bias": null, "weight": null, "kernel": null, "in_var_name_list": ["63"], "out_var_name_list": ["70"]}, "71": {"index": 71, "var_name": "71", "api": "shortcut", "attr_count": 1, "_input_count": 1, "_output_count": 1, "dim": [52, 52, 256], "data_type": "float32", "bias": null, "weight": null, "kernel": null, "in_var_name_list": ["70"], "out_var_name_list": ["71"]}, "72": {"index": 72, "var_name": "72", "api": "route", "attr_count": 2, "_input_count": 1, "_output_count": 1, "dim": [52, 52, 256], "data_type": "float32", "bias": null, "weight": null, "kernel": null, "in_var_name_list": ["71"], "out_var_name_list": ["72"]}, "73": {"index": 73, "var_name": "73", "api": "convolutional", "attr_count": 6, "_input_count": 6, "_output_count": 1, "dim": [52, 52, 128], "data_type": "float32", "bias": [128], "weight": [128, 128, 1, 1], "kernel": null, "in_var_name_list": ["72", "", "", "", "", ""], "out_var_name_list": ["73"]}, "74": {"index": 74, "var_name": "74", "api": "convolutional", "attr_count": 7, "_input_count": 6, "_output_count": 1, "dim": [52, 52, 128], "data_type": "float32", "bias": [128], "weight": [8, 128, 3, 3], "kernel": null, "in_var_name_list": ["73", "", "", "", "", ""], "out_var_name_list": ["74"]}, "75": {"index": 75, "var_name": "75", "api": "convolutional", "attr_count": 6, "_input_count": 6, "_output_count": 1, "dim": [52, 52, 128], "data_type": "float32", "bias": [128], "weight": [128, 128, 1, 1], "kernel": null, "in_var_name_list": ["74", "", "", "", "", ""], "out_var_name_list": ["75"]}, "76": {"index": 76, "var_name": "76", "api": "route", "attr_count": 2, "_input_count": 1, "_output_count": 1, "dim": [52, 52, 256], "data_type": "float32", "bias": null, "weight": null, "kernel": null, "in_var_name_list": ["71"], "out_var_name_list": ["76"]}, "77": {"index": 77, "var_name": "77", "api": "maxpool", "attr_count": 2, "_input_count": 1, "_output_count": 1, "dim": [52, 52, 128], "data_type": "float32", "bias": null, "weight": null, "kernel": null, "in_var_name_list": ["76"], "out_var_name_list": ["77"]}, "78": {"index": 78, "var_name": "78", "api": "convolutional", "attr_count": 6, "_input_count": 6, "_output_count": 1, "dim": [26, 26, 128], "data_type": "float32", "bias": [128], "weight": [128, 128, 1, 1], "kernel": null, "in_var_name_list": ["77", "", "", "", "", ""], "out_var_name_list": ["78"]}, "79": {"index": 79, "var_name": "79", "api": "convolutional", "attr_count": 7, "_input_count": 6, "_output_count": 1, "dim": [26, 26, 128], "data_type": "float32", "bias": [128], "weight": [8, 128, 3, 3], "kernel": null, "in_var_name_list": ["78", "", "", "", "", ""], "out_var_name_list": ["79"]}, "80": {"index": 80, "var_name": "80", "api": "convolutional", "attr_count": 6, "_input_count": 6, "_output_count": 1, "dim": [26, 26, 128], "data_type": "float32", "bias": [128], "weight": [128, 128, 1, 1], "kernel": null, "in_var_name_list": ["79", "", "", "", "", ""], "out_var_name_list": ["80"]}, "81": {"index": 81, "var_name": "81", "api": "upsample", "attr_count": 1, "_input_count": 1, "_output_count": 1, "dim": [26, 26, 128], "data_type": "float32", "bias": null, "weight": null, "kernel": null, "in_var_name_list": ["80"], "out_var_name_list": ["81"]}, "82": {"index": 82, "var_name": "82", "api": "route", "attr_count": 0, "_input_count": 1, "_output_count": 1, "dim": [52, 52, 128], "data_type": "float32", "bias": null, "weight": null, "kernel": null, "in_var_name_list": ["75"], "out_var_name_list": ["82"]}, "83": {"index": 83, "var_name": "83", "api": "shortcut", "attr_count": 1, "_input_count": 1, "_output_count": 1, "dim": [52, 52, 256], "data_type": "float32", "bias": null, "weight": null, "kernel": null, "in_var_name_list": ["82"], "out_var_name_list": ["83"]}, "84": {"index": 84, "var_name": "84", "api": "convolutional", "attr_count": 6, "_input_count": 6, "_output_count": 1, "dim": [52, 52, 256], "data_type": "float32", "bias": [256], "weight": [256, 256, 1, 1], "kernel": null, "in_var_name_list": ["83", "", "", "", "", ""], "out_var_name_list": ["84"]}, "85": {"index": 85, "var_name": "85", "api": "route", "attr_count": 0, "_input_count": 1, "_output_count": 1, "dim": [52, 52, 256], "data_type": "float32", "bias": null, "weight": null, "kernel": null, "in_var_name_list": ["84"], "out_var_name_list": ["85"]}, "86": {"index": 86, "var_name": "86", "api": "convolutional", "attr_count": 6, "_input_count": 6, "_output_count": 1, "dim": [52, 52, 512], "data_type": "float32", "bias": [512], "weight": [512, 512, 1, 1], "kernel": null, "in_var_name_list": ["85", "", "", "", "", ""], "out_var_name_list": ["86"]}, "87": {"index": 87, "var_name": "87", "api": "convolutional", "attr_count": 7, "_input_count": 6, "_output_count": 1, "dim": [52, 52, 512], "data_type": "float32", "bias": [512], "weight": [16, 512, 3, 3], "kernel": null, "in_var_name_list": ["86", "", "", "", "", ""], "out_var_name_list": ["87"]}, "88": {"index": 88, "var_name": "88", "api": "convolutional", "attr_count": 6, "_input_count": 6, "_output_count": 1, "dim": [26, 26, 512], "data_type": "float32", "bias": [512], "weight": [512, 512, 1, 1], "kernel": null, "in_var_name_list": ["87", "", "", "", "", ""], "out_var_name_list": ["88"]}, "89": {"index": 89, "var_name": "89", "api": "route", "attr_count": 0, "_input_count": 1, "_output_count": 1, "dim": [26, 26, 512], "data_type": "float32", "bias": null, "weight": null, "kernel": null, "in_var_name_list": ["87"], "out_var_name_list": ["89"]}, "90": {"index": 90, "var_name": "90", "api": "convolutional", "attr_count": 6, "_input_count": 6, "_output_count": 1, "dim": [26, 26, 512], "data_type": "float32", "bias": [512], "weight": [512, 512, 1, 1], "kernel": null, "in_var_name_list": ["89", "", "", "", "", ""], "out_var_name_list": ["90"]}, "91": {"index": 91, "var_name": "91", "api": "route", "attr_count": 2, "_input_count": 1, "_output_count": 1, "dim": [26, 26, 512], "data_type": "float32", "bias": null, "weight": null, "kernel": null, "in_var_name_list": ["90"], "out_var_name_list": ["91"]}, "92": {"index": 92, "var_name": "92", "api": "convolutional", "attr_count": 6, "_input_count": 6, "_output_count": 1, "dim": [26, 26, 256], "data_type": "float32", "bias": [256], "weight": [256, 256, 1, 1], "kernel": null, "in_var_name_list": ["91", "", "", "", "", ""], "out_var_name_list": ["92"]}, "93": {"index": 93, "var_name": "93", "api": "convolutional", "attr_count": 7, "_input_count": 6, "_output_count": 1, "dim": [26, 26, 256], "data_type": "float32", "bias": [256], "weight": [16, 256, 3, 3], "kernel": null, "in_var_name_list": ["92", "", "", "", "", ""], "out_var_name_list": ["93"]}, "94": {"index": 94, "var_name": "94", "api": "convolutional", "attr_count": 6, "_input_count": 6, "_output_count": 1, "dim": [26, 26, 256], "data_type": "float32", "bias": [256], "weight": [256, 256, 1, 1], "kernel": null, "in_var_name_list": ["93", "", "", "", "", ""], "out_var_name_list": ["94"]}, "95": {"index": 95, "var_name": "95", "api": "route", "attr_count": 2, "_input_count": 1, "_output_count": 1, "dim": [26, 26, 512], "data_type": "float32", "bias": null, "weight": null, "kernel": null, "in_var_name_list": ["90"], "out_var_name_list": ["95"]}, "96": {"index": 96, "var_name": "96", "api": "maxpool", "attr_count": 2, "_input_count": 1, "_output_count": 1, "dim": [26, 26, 256], "data_type": "float32", "bias": null, "weight": null, "kernel": null, "in_var_name_list": ["95"], "out_var_name_list": ["96"]}, "97": {"index": 97, "var_name": "97", "api": "convolutional", "attr_count": 6, "_input_count": 6, "_output_count": 1, "dim": [13, 13, 256], "data_type": "float32", "bias": [256], "weight": [256, 256, 1, 1], "kernel": null, "in_var_name_list": ["96", "", "", "", "", ""], "out_var_name_list": ["97"]}, "98": {"index": 98, "var_name": "98", "api": "convolutional", "attr_count": 7, "_input_count": 6, "_output_count": 1, "dim": [13, 13, 256], "data_type": "float32", "bias": [256], "weight": [16, 256, 3, 3], "kernel": null, "in_var_name_list": ["97", "", "", "", "", ""], "out_var_name_list": ["98"]}, "99": {"index": 99, "var_name": "99", "api": "convolutional", "attr_count": 6, "_input_count": 6, "_output_count": 1, "dim": [13, 13, 256], "data_type": "float32", "bias": [256], "weight": [256, 256, 1, 1], "kernel": null, "in_var_name_list": ["98", "", "", "", "", ""], "out_var_name_list": ["99"]}, "100": {"index": 100, "var_name": "100", "api": "upsample", "attr_count": 1, "_input_count": 1, "_output_count": 1, "dim": [13, 13, 256], "data_type": "float32", "bias": null, "weight": null, "kernel": null, "in_var_name_list": ["99"], "out_var_name_list": ["100"]}, "101": {"index": 101, "var_name": "101", "api": "route", "attr_count": 0, "_input_count": 1, "_output_count": 1, "dim": [26, 26, 256], "data_type": "float32", "bias": null, "weight": null, "kernel": null, "in_var_name_list": ["94"], "out_var_name_list": ["101"]}, "102": {"index": 102, "var_name": "102", "api": "shortcut", "attr_count": 1, "_input_count": 1, "_output_count": 1, "dim": [26, 26, 512], "data_type": "float32", "bias": null, "weight": null, "kernel": null, "in_var_name_list": ["101"], "out_var_name_list": ["102"]}, "103": {"index": 103, "var_name": "103", "api": "route", "attr_count": 2, "_input_count": 1, "_output_count": 1, "dim": [26, 26, 512], "data_type": "float32", "bias": null, "weight": null, "kernel": null, "in_var_name_list": ["102"], "out_var_name_list": ["103"]}, "104": {"index": 104, "var_name": "104", "api": "convolutional", "attr_count": 6, "_input_count": 6, "_output_count": 1, "dim": [26, 26, 256], "data_type": "float32", "bias": [256], "weight": [256, 256, 1, 1], "kernel": null, "in_var_name_list": ["103", "", "", "", "", ""], "out_var_name_list": ["104"]}, "105": {"index": 105, "var_name": "105", "api": "convolutional", "attr_count": 7, "_input_count": 6, "_output_count": 1, "dim": [26, 26, 256], "data_type": "float32", "bias": [256], "weight": [16, 256, 3, 3], "kernel": null, "in_var_name_list": ["104", "", "", "", "", ""], "out_var_name_list": ["105"]}, "106": {"index": 106, "var_name": "106", "api": "convolutional", "attr_count": 6, "_input_count": 6, "_output_count": 1, "dim": [26, 26, 256], "data_type": "float32", "bias": [256], "weight": [256, 256, 1, 1], "kernel": null, "in_var_name_list": ["105", "", "", "", "", ""], "out_var_name_list": ["106"]}, "107": {"index": 107, "var_name": "107", "api": "route", "attr_count": 2, "_input_count": 1, "_output_count": 1, "dim": [26, 26, 512], "data_type": "float32", "bias": null, "weight": null, "kernel": null, "in_var_name_list": ["102"], "out_var_name_list": ["107"]}, "108": {"index": 108, "var_name": "108", "api": "maxpool", "attr_count": 2, "_input_count": 1, "_output_count": 1, "dim": [26, 26, 256], "data_type": "float32", "bias": null, "weight": null, "kernel": null, "in_var_name_list": ["107"], "out_var_name_list": ["108"]}, "109": {"index": 109, "var_name": "109", "api": "convolutional", "attr_count": 6, "_input_count": 6, "_output_count": 1, "dim": [13, 13, 256], "data_type": "float32", "bias": [256], "weight": [256, 256, 1, 1], "kernel": null, "in_var_name_list": ["108", "", "", "", "", ""], "out_var_name_list": ["109"]}, "110": {"index": 110, "var_name": "110", "api": "convolutional", "attr_count": 7, "_input_count": 6, "_output_count": 1, "dim": [13, 13, 256], "data_type": "float32", "bias": [256], "weight": [16, 256, 3, 3], "kernel": null, "in_var_name_list": ["109", "", "", "", "", ""], "out_var_name_list": ["110"]}, "111": {"index": 111, "var_name": "111", "api": "convolutional", "attr_count": 6, "_input_count": 6, "_output_count": 1, "dim": [13, 13, 256], "data_type": "float32", "bias": [256], "weight": [256, 256, 1, 1], "kernel": null, "in_var_name_list": ["110", "", "", "", "", ""], "out_var_name_list": ["111"]}, "112": {"index": 112, "var_name": "112", "api": "upsample", "attr_count": 1, "_input_count": 1, "_output_count": 1, "dim": [13, 13, 256], "data_type": "float32", "bias": null, "weight": null, "kernel": null, "in_var_name_list": ["111"], "out_var_name_list": ["112"]}, "113": {"index": 113, "var_name": "113", "api": "route", "attr_count": 0, "_input_count": 1, "_output_count": 1, "dim": [26, 26, 256], "data_type": "float32", "bias": null, "weight": null, "kernel": null, "in_var_name_list": ["106"], "out_var_name_list": ["113"]}, "114": {"index": 114, "var_name": "114", "api": "shortcut", "attr_count": 1, "_input_count": 1, "_output_count": 1, "dim": [26, 26, 512], "data_type": "float32", "bias": null, "weight": null, "kernel": null, "in_var_name_list": ["113"], "out_var_name_list": ["114"]}, "115": {"index": 115, "var_name": "115", "api": "route", "attr_count": 2, "_input_count": 1, "_output_count": 1, "dim": [26, 26, 512], "data_type": "float32", "bias": null, "weight": null, "kernel": null, "in_var_name_list": ["114"], "out_var_name_list": ["115"]}, "116": {"index": 116, "var_name": "116", "api": "convolutional", "attr_count": 6, "_input_count": 6, "_output_count": 1, "dim": [26, 26, 256], "data_type": "float32", "bias": [256], "weight": [256, 256, 1, 1], "kernel": null, "in_var_name_list": ["115", "", "", "", "", ""], "out_var_name_list": ["116"]}, "117": {"index": 117, "var_name": "117", "api": "convolutional", "attr_count": 7, "_input_count": 6, "_output_count": 1, "dim": [26, 26, 256], "data_type": "float32", "bias": [256], "weight": [16, 256, 3, 3], "kernel": null, "in_var_name_list": ["116", "", "", "", "", ""], "out_var_name_list": ["117"]}, "118": {"index": 118, "var_name": "118", "api": "convolutional", "attr_count": 6, "_input_count": 6, "_output_count": 1, "dim": [26, 26, 256], "data_type": "float32", "bias": [256], "weight": [256, 256, 1, 1], "kernel": null, "in_var_name_list": ["117", "", "", "", "", ""], "out_var_name_list": ["118"]}, "119": {"index": 119, "var_name": "119", "api": "route", "attr_count": 2, "_input_count": 1, "_output_count": 1, "dim": [26, 26, 512], "data_type": "float32", "bias": null, "weight": null, "kernel": null, "in_var_name_list": ["114"], "out_var_name_list": ["119"]}, "120": {"index": 120, "var_name": "120", "api": "maxpool", "attr_count": 2, "_input_count": 1, "_output_count": 1, "dim": [26, 26, 256], "data_type": "float32", "bias": null, "weight": null, "kernel": null, "in_var_name_list": ["119"], "out_var_name_list": ["120"]}, "121": {"index": 121, "var_name": "121", "api": "convolutional", "attr_count": 6, "_input_count": 6, "_output_count": 1, "dim": [13, 13, 256], "data_type": "float32", "bias": [256], "weight": [256, 256, 1, 1], "kernel": null, "in_var_name_list": ["120", "", "", "", "", ""], "out_var_name_list": ["121"]}, "122": {"index": 122, "var_name": "122", "api": "convolutional", "attr_count": 7, "_input_count": 6, "_output_count": 1, "dim": [13, 13, 256], "data_type": "float32", "bias": [256], "weight": [16, 256, 3, 3], "kernel": null, "in_var_name_list": ["121", "", "", "", "", ""], "out_var_name_list": ["122"]}, "123": {"index": 123, "var_name": "123", "api": "convolutional", "attr_count": 6, "_input_count": 6, "_output_count": 1, "dim": [13, 13, 256], "data_type": "float32", "bias": [256], "weight": [256, 256, 1, 1], "kernel": null, "in_var_name_list": ["122", "", "", "", "", ""], "out_var_name_list": ["123"]}, "124": {"index": 124, "var_name": "124", "api": "upsample", "attr_count": 1, "_input_count": 1, "_output_count": 1, "dim": [13, 13, 256], "data_type": "float32", "bias": null, "weight": null, "kernel": null, "in_var_name_list": ["123"], "out_var_name_list": ["124"]}, "125": {"index": 125, "var_name": "125", "api": "route", "attr_count": 0, "_input_count": 1, "_output_count": 1, "dim": [26, 26, 256], "data_type": "float32", "bias": null, "weight": null, "kernel": null, "in_var_name_list": ["118"], "out_var_name_list": ["125"]}, "126": {"index": 126, "var_name": "126", "api": "shortcut", "attr_count": 1, "_input_count": 1, "_output_count": 1, "dim": [26, 26, 512], "data_type": "float32", "bias": null, "weight": null, "kernel": null, "in_var_name_list": ["125"], "out_var_name_list": ["126"]}, "127": {"index": 127, "var_name": "127", "api": "route", "attr_count": 2, "_input_count": 1, "_output_count": 1, "dim": [26, 26, 512], "data_type": "float32", "bias": null, "weight": null, "kernel": null, "in_var_name_list": ["126"], "out_var_name_list": ["127"]}, "128": {"index": 128, "var_name": "128", "api": "convolutional", "attr_count": 6, "_input_count": 6, "_output_count": 1, "dim": [26, 26, 256], "data_type": "float32", "bias": [256], "weight": [256, 256, 1, 1], "kernel": null, "in_var_name_list": ["127", "", "", "", "", ""], "out_var_name_list": ["128"]}, "129": {"index": 129, "var_name": "129", "api": "convolutional", "attr_count": 7, "_input_count": 6, "_output_count": 1, "dim": [26, 26, 256], "data_type": "float32", "bias": [256], "weight": [16, 256, 3, 3], "kernel": null, "in_var_name_list": ["128", "", "", "", "", ""], "out_var_name_list": ["129"]}, "130": {"index": 130, "var_name": "130", "api": "convolutional", "attr_count": 6, "_input_count": 6, "_output_count": 1, "dim": [26, 26, 256], "data_type": "float32", "bias": [256], "weight": [256, 256, 1, 1], "kernel": null, "in_var_name_list": ["129", "", "", "", "", ""], "out_var_name_list": ["130"]}, "131": {"index": 131, "var_name": "131", "api": "route", "attr_count": 2, "_input_count": 1, "_output_count": 1, "dim": [26, 26, 512], "data_type": "float32", "bias": null, "weight": null, "kernel": null, "in_var_name_list": ["126"], "out_var_name_list": ["131"]}, "132": {"index": 132, "var_name": "132", "api": "maxpool", "attr_count": 2, "_input_count": 1, "_output_count": 1, "dim": [26, 26, 256], "data_type": "float32", "bias": null, "weight": null, "kernel": null, "in_var_name_list": ["131"], "out_var_name_list": ["132"]}, "133": {"index": 133, "var_name": "133", "api": "convolutional", "attr_count": 6, "_input_count": 6, "_output_count": 1, "dim": [13, 13, 256], "data_type": "float32", "bias": [256], "weight": [256, 256, 1, 1], "kernel": null, "in_var_name_list": ["132", "", "", "", "", ""], "out_var_name_list": ["133"]}, "134": {"index": 134, "var_name": "134", "api": "convolutional", "attr_count": 7, "_input_count": 6, "_output_count": 1, "dim": [13, 13, 256], "data_type": "float32", "bias": [256], "weight": [16, 256, 3, 3], "kernel": null, "in_var_name_list": ["133", "", "", "", "", ""], "out_var_name_list": ["134"]}, "135": {"index": 135, "var_name": "135", "api": "convolutional", "attr_count": 6, "_input_count": 6, "_output_count": 1, "dim": [13, 13, 256], "data_type": "float32", "bias": [256], "weight": [256, 256, 1, 1], "kernel": null, "in_var_name_list": ["134", "", "", "", "", ""], "out_var_name_list": ["135"]}, "136": {"index": 136, "var_name": "136", "api": "upsample", "attr_count": 1, "_input_count": 1, "_output_count": 1, "dim": [13, 13, 256], "data_type": "float32", "bias": null, "weight": null, "kernel": null, "in_var_name_list": ["135"], "out_var_name_list": ["136"]}, "137": {"index": 137, "var_name": "137", "api": "route", "attr_count": 0, "_input_count": 1, "_output_count": 1, "dim": [26, 26, 256], "data_type": "float32", "bias": null, "weight": null, "kernel": null, "in_var_name_list": ["130"], "out_var_name_list": ["137"]}, "138": {"index": 138, "var_name": "138", "api": "shortcut", "attr_count": 1, "_input_count": 1, "_output_count": 1, "dim": [26, 26, 512], "data_type": "float32", "bias": null, "weight": null, "kernel": null, "in_var_name_list": ["137"], "out_var_name_list": ["138"]}, "139": {"index": 139, "var_name": "139", "api": "route", "attr_count": 2, "_input_count": 1, "_output_count": 1, "dim": [26, 26, 512], "data_type": "float32", "bias": null, "weight": null, "kernel": null, "in_var_name_list": ["138"], "out_var_name_list": ["139"]}, "140": {"index": 140, "var_name": "140", "api": "convolutional", "attr_count": 6, "_input_count": 6, "_output_count": 1, "dim": [26, 26, 256], "data_type": "float32", "bias": [256], "weight": [256, 256, 1, 1], "kernel": null, "in_var_name_list": ["139", "", "", "", "", ""], "out_var_name_list": ["140"]}, "141": {"index": 141, "var_name": "141", "api": "convolutional", "attr_count": 7, "_input_count": 6, "_output_count": 1, "dim": [26, 26, 256], "data_type": "float32", "bias": [256], "weight": [16, 256, 3, 3], "kernel": null, "in_var_name_list": ["140", "", "", "", "", ""], "out_var_name_list": ["141"]}, "142": {"index": 142, "var_name": "142", "api": "convolutional", "attr_count": 6, "_input_count": 6, "_output_count": 1, "dim": [26, 26, 256], "data_type": "float32", "bias": [256], "weight": [256, 256, 1, 1], "kernel": null, "in_var_name_list": ["141", "", "", "", "", ""], "out_var_name_list": ["142"]}, "143": {"index": 143, "var_name": "143", "api": "route", "attr_count": 2, "_input_count": 1, "_output_count": 1, "dim": [26, 26, 512], "data_type": "float32", "bias": null, "weight": null, "kernel": null, "in_var_name_list": ["138"], "out_var_name_list": ["143"]}, "144": {"index": 144, "var_name": "144", "api": "maxpool", "attr_count": 2, "_input_count": 1, "_output_count": 1, "dim": [26, 26, 256], "data_type": "float32", "bias": null, "weight": null, "kernel": null, "in_var_name_list": ["143"], "out_var_name_list": ["144"]}, "145": {"index": 145, "var_name": "145", "api": "convolutional", "attr_count": 6, "_input_count": 6, "_output_count": 1, "dim": [13, 13, 256], "data_type": "float32", "bias": [256], "weight": [256, 256, 1, 1], "kernel": null, "in_var_name_list": ["144", "", "", "", "", ""], "out_var_name_list": ["145"]}, "146": {"index": 146, "var_name": "146", "api": "convolutional", "attr_count": 7, "_input_count": 6, "_output_count": 1, "dim": [13, 13, 256], "data_type": "float32", "bias": [256], "weight": [16, 256, 3, 3], "kernel": null, "in_var_name_list": ["145", "", "", "", "", ""], "out_var_name_list": ["146"]}, "147": {"index": 147, "var_name": "147", "api": "convolutional", "attr_count": 6, "_input_count": 6, "_output_count": 1, "dim": [13, 13, 256], "data_type": "float32", "bias": [256], "weight": [256, 256, 1, 1], "kernel": null, "in_var_name_list": ["146", "", "", "", "", ""], "out_var_name_list": ["147"]}, "148": {"index": 148, "var_name": "148", "api": "upsample", "attr_count": 1, "_input_count": 1, "_output_count": 1, "dim": [13, 13, 256], "data_type": "float32", "bias": null, "weight": null, "kernel": null, "in_var_name_list": ["147"], "out_var_name_list": ["148"]}, "149": {"index": 149, "var_name": "149", "api": "route", "attr_count": 0, "_input_count": 1, "_output_count": 1, "dim": [26, 26, 256], "data_type": "float32", "bias": null, "weight": null, "kernel": null, "in_var_name_list": ["142"], "out_var_name_list": ["149"]}, "150": {"index": 150, "var_name": "150", "api": "shortcut", "attr_count": 1, "_input_count": 1, "_output_count": 1, "dim": [26, 26, 512], "data_type": "float32", "bias": null, "weight": null, "kernel": null, "in_var_name_list": ["149"], "out_var_name_list": ["150"]}, "151": {"index": 151, "var_name": "151", "api": "convolutional", "attr_count": 6, "_input_count": 6, "_output_count": 1, "dim": [26, 26, 512], "data_type": "float32", "bias": [512], "weight": [512, 512, 1, 1], "kernel": null, "in_var_name_list": ["150", "", "", "", "", ""], "out_var_name_list": ["151"]}, "152": {"index": 152, "var_name": "152", "api": "route", "attr_count": 0, "_input_count": 1, "_output_count": 1, "dim": [26, 26, 512], "data_type": "float32", "bias": null, "weight": null, "kernel": null, "in_var_name_list": ["151"], "out_var_name_list": ["152"]}, "153": {"index": 153, "var_name": "153", "api": "convolutional", "attr_count": 6, "_input_count": 6, "_output_count": 1, "dim": [26, 26, 1024], "data_type": "float32", "bias": [1024], "weight": [1024, 1024, 1, 1], "kernel": null, "in_var_name_list": ["152", "", "", "", "", ""], "out_var_name_list": ["153"]}, "154": {"index": 154, "var_name": "154", "api": "convolutional", "attr_count": 7, "_input_count": 6, "_output_count": 1, "dim": [26, 26, 1024], "data_type": "float32", "bias": [1024], "weight": [32, 1024, 3, 3], "kernel": null, "in_var_name_list": ["153", "", "", "", "", ""], "out_var_name_list": ["154"]}, "155": {"index": 155, "var_name": "155", "api": "convolutional", "attr_count": 6, "_input_count": 6, "_output_count": 1, "dim": [13, 13, 1024], "data_type": "float32", "bias": [1024], "weight": [1024, 1024, 1, 1], "kernel": null, "in_var_name_list": ["154", "", "", "", "", ""], "out_var_name_list": ["155"]}, "156": {"index": 156, "var_name": "156", "api": "route", "attr_count": 0, "_input_count": 1, "_output_count": 1, "dim": [13, 13, 1024], "data_type": "float32", "bias": null, "weight": null, "kernel": null, "in_var_name_list": ["154"], "out_var_name_list": ["156"]}, "157": {"index": 157, "var_name": "157", "api": "convolutional", "attr_count": 6, "_input_count": 6, "_output_count": 1, "dim": [13, 13, 1024], "data_type": "float32", "bias": [1024], "weight": [1024, 1024, 1, 1], "kernel": null, "in_var_name_list": ["156", "", "", "", "", ""], "out_var_name_list": ["157"]}, "158": {"index": 158, "var_name": "158", "api": "route", "attr_count": 2, "_input_count": 1, "_output_count": 1, "dim": [13, 13, 1024], "data_type": "float32", "bias": null, "weight": null, "kernel": null, "in_var_name_list": ["157"], "out_var_name_list": ["158"]}, "159": {"index": 159, "var_name": "159", "api": "convolutional", "attr_count": 6, "_input_count": 6, "_output_count": 1, "dim": [13, 13, 512], "data_type": "float32", "bias": [512], "weight": [512, 512, 1, 1], "kernel": null, "in_var_name_list": ["158", "", "", "", "", ""], "out_var_name_list": ["159"]}, "160": {"index": 160, "var_name": "160", "api": "convolutional", "attr_count": 7, "_input_count": 6, "_output_count": 1, "dim": [13, 13, 512], "data_type": "float32", "bias": [512], "weight": [32, 512, 3, 3], "kernel": null, "in_var_name_list": ["159", "", "", "", "", ""], "out_var_name_list": ["160"]}, "161": {"index": 161, "var_name": "161", "api": "convolutional", "attr_count": 6, "_input_count": 6, "_output_count": 1, "dim": [13, 13, 512], "data_type": "float32", "bias": [512], "weight": [512, 512, 1, 1], "kernel": null, "in_var_name_list": ["160", "", "", "", "", ""], "out_var_name_list": ["161"]}, "162": {"index": 162, "var_name": "162", "api": "route", "attr_count": 2, "_input_count": 1, "_output_count": 1, "dim": [13, 13, 1024], "data_type": "float32", "bias": null, "weight": null, "kernel": null, "in_var_name_list": ["157"], "out_var_name_list": ["162"]}, "163": {"index": 163, "var_name": "163", "api": "maxpool", "attr_count": 2, "_input_count": 1, "_output_count": 1, "dim": [13, 13, 512], "data_type": "float32", "bias": null, "weight": null, "kernel": null, "in_var_name_list": ["162"], "out_var_name_list": ["163"]}, "164": {"index": 164, "var_name": "164", "api": "convolutional", "attr_count": 6, "_input_count": 6, "_output_count": 1, "dim": [7, 7, 512], "data_type": "float32", "bias": [512], "weight": [512, 512, 1, 1], "kernel": null, "in_var_name_list": ["163", "", "", "", "", ""], "out_var_name_list": ["164"]}, "165": {"index": 165, "var_name": "165", "api": "convolutional", "attr_count": 7, "_input_count": 6, "_output_count": 1, "dim": [7, 7, 512], "data_type": "float32", "bias": [512], "weight": [32, 512, 3, 3], "kernel": null, "in_var_name_list": ["164", "", "", "", "", ""], "out_var_name_list": ["165"]}, "166": {"index": 166, "var_name": "166", "api": "convolutional", "attr_count": 6, "_input_count": 6, "_output_count": 1, "dim": [7, 7, 512], "data_type": "float32", "bias": [512], "weight": [512, 512, 1, 1], "kernel": null, "in_var_name_list": ["165", "", "", "", "", ""], "out_var_name_list": ["166"]}, "167": {"index": 167, "var_name": "167", "api": "upsample", "attr_count": 1, "_input_count": 1, "_output_count": 1, "dim": [7, 7, 512], "data_type": "float32", "bias": null, "weight": null, "kernel": null, "in_var_name_list": ["166"], "out_var_name_list": ["167"]}, "168": {"index": 168, "var_name": "168", "api": "route", "attr_count": 0, "_input_count": 1, "_output_count": 1, "dim": [13, 13, 512], "data_type": "float32", "bias": null, "weight": null, "kernel": null, "in_var_name_list": ["161"], "out_var_name_list": ["168"]}, "169": {"index": 169, "var_name": "169", "api": "shortcut", "attr_count": 1, "_input_count": 1, "_output_count": 1, "dim": null, "data_type": null, "bias": null, "weight": null, "kernel": null, "in_var_name_list": ["168"], "out_var_name_list": ["169"]}, "170": {"index": 170, "var_name": "170", "api": "route", "attr_count": 2, "_input_count": 1, "_output_count": 1, "dim": null, "data_type": null, "bias": null, "weight": null, "kernel": null, "in_var_name_list": ["169"], "out_var_name_list": ["170"]}, "171": {"index": 171, "var_name": "171", "api": "convolutional", "attr_count": 6, "_input_count": 1, "_output_count": 1, "dim": null, "data_type": null, "bias": null, "weight": null, "kernel": null, "in_var_name_list": ["170"], "out_var_name_list": ["171"]}, "172": {"index": 172, "var_name": "172", "api": "convolutional", "attr_count": 7, "_input_count": 1, "_output_count": 1, "dim": null, "data_type": null, "bias": null, "weight": null, "kernel": null, "in_var_name_list": ["171"], "out_var_name_list": ["172"]}, "173": {"index": 173, "var_name": "173", "api": "convolutional", "attr_count": 6, "_input_count": 1, "_output_count": 1, "dim": null, "data_type": null, "bias": null, "weight": null, "kernel": null, "in_var_name_list": ["172"], "out_var_name_list": ["173"]}, "174": {"index": 174, "var_name": "174", "api": "route", "attr_count": 2, "_input_count": 1, "_output_count": 1, "dim": null, "data_type": null, "bias": null, "weight": null, "kernel": null, "in_var_name_list": ["169"], "out_var_name_list": ["174"]}, "175": {"index": 175, "var_name": "175", "api": "maxpool", "attr_count": 2, "_input_count": 1, "_output_count": 1, "dim": null, "data_type": null, "bias": null, "weight": null, "kernel": null, "in_var_name_list": ["174"], "out_var_name_list": ["175"]}, "176": {"index": 176, "var_name": "176", "api": "convolutional", "attr_count": 6, "_input_count": 1, "_output_count": 1, "dim": null, "data_type": null, "bias": null, "weight": null, "kernel": null, "in_var_name_list": ["175"], "out_var_name_list": ["176"]}, "177": {"index": 177, "var_name": "177", "api": "convolutional", "attr_count": 7, "_input_count": 1, "_output_count": 1, "dim": null, "data_type": null, "bias": null, "weight": null, "kernel": null, "in_var_name_list": ["176"], "out_var_name_list": ["177"]}, "178": {"index": 178, "var_name": "178", "api": "convolutional", "attr_count": 6, "_input_count": 1, "_output_count": 1, "dim": null, "data_type": null, "bias": null, "weight": null, "kernel": null, "in_var_name_list": ["177"], "out_var_name_list": ["178"]}, "179": {"index": 179, "var_name": "179", "api": "upsample", "attr_count": 1, "_input_count": 1, "_output_count": 1, "dim": null, "data_type": null, "bias": null, "weight": null, "kernel": null, "in_var_name_list": ["178"], "out_var_name_list": ["179"]}, "180": {"index": 180, "var_name": "180", "api": "route", "attr_count": 0, "_input_count": 1, "_output_count": 1, "dim": null, "data_type": null, "bias": null, "weight": null, "kernel": null, "in_var_name_list": ["173"], "out_var_name_list": ["180"]}, "181": {"index": 181, "var_name": "181", "api": "shortcut", "attr_count": 1, "_input_count": 1, "_output_count": 1, "dim": null, "data_type": null, "bias": null, "weight": null, "kernel": null, "in_var_name_list": ["180"], "out_var_name_list": ["181"]}, "182": {"index": 182, "var_name": "182", "api": "convolutional", "attr_count": 6, "_input_count": 1, "_output_count": 1, "dim": null, "data_type": null, "bias": null, "weight": null, "kernel": null, "in_var_name_list": ["181"], "out_var_name_list": ["182"]}, "183": {"index": 183, "var_name": "183", "api": "route", "attr_count": 0, "_input_count": 1, "_output_count": 1, "dim": null, "data_type": null, "bias": null, "weight": null, "kernel": null, "in_var_name_list": ["182"], "out_var_name_list": ["183"]}, "184": {"index": 184, "var_name": "184", "api": "convolutional", "attr_count": 6, "_input_count": 1, "_output_count": 1, "dim": null, "data_type": null, "bias": null, "weight": null, "kernel": null, "in_var_name_list": ["183"], "out_var_name_list": ["184"]}, "185": {"index": 185, "var_name": "185", "api": "convolutional", "attr_count": 6, "_input_count": 1, "_output_count": 1, "dim": null, "data_type": null, "bias": null, "weight": null, "kernel": null, "in_var_name_list": ["184"], "out_var_name_list": ["185"]}, "186": {"index": 186, "var_name": "186", "api": "convolutional", "attr_count": 6, "_input_count": 1, "_output_count": 1, "dim": null, "data_type": null, "bias": null, "weight": null, "kernel": null, "in_var_name_list": ["185"], "out_var_name_list": ["186"]}, "187": {"index": 187, "var_name": "187", "api": "convolutional", "attr_count": 6, "_input_count": 1, "_output_count": 1, "dim": null, "data_type": null, "bias": null, "weight": null, "kernel": null, "in_var_name_list": ["186"], "out_var_name_list": ["187"]}, "188": {"index": 188, "var_name": "188", "api": "maxpool", "attr_count": 2, "_input_count": 1, "_output_count": 1, "dim": null, "data_type": null, "bias": null, "weight": null, "kernel": null, "in_var_name_list": ["187"], "out_var_name_list": ["188"]}, "189": {"index": 189, "var_name": "189", "api": "route", "attr_count": 0, "_input_count": 1, "_output_count": 1, "dim": null, "data_type": null, "bias": null, "weight": null, "kernel": null, "in_var_name_list": ["187"], "out_var_name_list": ["189"]}, "190": {"index": 190, "var_name": "190", "api": "maxpool", "attr_count": 2, "_input_count": 1, "_output_count": 1, "dim": null, "data_type": null, "bias": null, "weight": null, "kernel": null, "in_var_name_list": ["189"], "out_var_name_list": ["190"]}, "191": {"index": 191, "var_name": "191", "api": "route", "attr_count": 0, "_input_count": 1, "_output_count": 1, "dim": null, "data_type": null, "bias": null, "weight": null, "kernel": null, "in_var_name_list": ["187"], "out_var_name_list": ["191"]}, "192": {"index": 192, "var_name": "192", "api": "maxpool", "attr_count": 2, "_input_count": 1, "_output_count": 1, "dim": null, "data_type": null, "bias": null, "weight": null, "kernel": null, "in_var_name_list": ["191"], "out_var_name_list": ["192"]}, "193": {"index": 193, "var_name": "193", "api": "route", "attr_count": 0, "_input_count": 1, "_output_count": 1, "dim": null, "data_type": null, "bias": null, "weight": null, "kernel": null, "in_var_name_list": ["192"], "out_var_name_list": ["193"]}, "194": {"index": 194, "var_name": "194", "api": "convolutional", "attr_count": 6, "_input_count": 1, "_output_count": 1, "dim": null, "data_type": null, "bias": null, "weight": null, "kernel": null, "in_var_name_list": ["193"], "out_var_name_list": ["194"]}, "195": {"index": 195, "var_name": "195", "api": "convolutional", "attr_count": 6, "_input_count": 1, "_output_count": 1, "dim": null, "data_type": null, "bias": null, "weight": null, "kernel": null, "in_var_name_list": ["194"], "out_var_name_list": ["195"]}, "196": {"index": 196, "var_name": "196", "api": "convolutional", "attr_count": 6, "_input_count": 1, "_output_count": 1, "dim": null, "data_type": null, "bias": null, "weight": null, "kernel": null, "in_var_name_list": ["195"], "out_var_name_list": ["196"]}, "197": {"index": 197, "var_name": "197", "api": "convolutional", "attr_count": 6, "_input_count": 1, "_output_count": 1, "dim": null, "data_type": null, "bias": null, "weight": null, "kernel": null, "in_var_name_list": ["196"], "out_var_name_list": ["197"]}, "198": {"index": 198, "var_name": "198", "api": "upsample", "attr_count": 1, "_input_count": 1, "_output_count": 1, "dim": null, "data_type": null, "bias": null, "weight": null, "kernel": null, "in_var_name_list": ["197"], "out_var_name_list": ["198"]}, "199": {"index": 199, "var_name": "199", "api": "route", "attr_count": 0, "_input_count": 1, "_output_count": 1, "dim": [26, 26, 1024], "data_type": "float32", "bias": null, "weight": null, "kernel": null, "in_var_name_list": ["153"], "out_var_name_list": ["199"]}, "200": {"index": 200, "var_name": "200", "api": "convolutional", "attr_count": 6, "_input_count": 1, "_output_count": 1, "dim": null, "data_type": null, "bias": null, "weight": null, "kernel": null, "in_var_name_list": ["199"], "out_var_name_list": ["200"]}, "201": {"index": 201, "var_name": "201", "api": "route", "attr_count": 0, "_input_count": 1, "_output_count": 1, "dim": null, "data_type": null, "bias": null, "weight": null, "kernel": null, "in_var_name_list": ["200"], "out_var_name_list": ["201"]}, "202": {"index": 202, "var_name": "202", "api": "convolutional", "attr_count": 6, "_input_count": 1, "_output_count": 1, "dim": null, "data_type": null, "bias": null, "weight": null, "kernel": null, "in_var_name_list": ["201"], "out_var_name_list": ["202"]}, "203": {"index": 203, "var_name": "203", "api": "convolutional", "attr_count": 6, "_input_count": 1, "_output_count": 1, "dim": null, "data_type": null, "bias": null, "weight": null, "kernel": null, "in_var_name_list": ["202"], "out_var_name_list": ["203"]}, "204": {"index": 204, "var_name": "204", "api": "convolutional", "attr_count": 6, "_input_count": 1, "_output_count": 1, "dim": null, "data_type": null, "bias": null, "weight": null, "kernel": null, "in_var_name_list": ["203"], "out_var_name_list": ["204"]}, "205": {"index": 205, "var_name": "205", "api": "convolutional", "attr_count": 6, "_input_count": 1, "_output_count": 1, "dim": null, "data_type": null, "bias": null, "weight": null, "kernel": null, "in_var_name_list": ["204"], "out_var_name_list": ["205"]}, "206": {"index": 206, "var_name": "206", "api": "convolutional", "attr_count": 6, "_input_count": 1, "_output_count": 1, "dim": null, "data_type": null, "bias": null, "weight": null, "kernel": null, "in_var_name_list": ["205"], "out_var_name_list": ["206"]}, "207": {"index": 207, "var_name": "207", "api": "convolutional", "attr_count": 6, "_input_count": 1, "_output_count": 1, "dim": null, "data_type": null, "bias": null, "weight": null, "kernel": null, "in_var_name_list": ["206"], "out_var_name_list": ["207"]}, "208": {"index": 208, "var_name": "208", "api": "upsample", "attr_count": 1, "_input_count": 1, "_output_count": 1, "dim": null, "data_type": null, "bias": null, "weight": null, "kernel": null, "in_var_name_list": ["207"], "out_var_name_list": ["208"]}, "209": {"index": 209, "var_name": "209", "api": "route", "attr_count": 0, "_input_count": 1, "_output_count": 1, "dim": [52, 52, 512], "data_type": "float32", "bias": null, "weight": null, "kernel": null, "in_var_name_list": ["86"], "out_var_name_list": ["209"]}, "210": {"index": 210, "var_name": "210", "api": "convolutional", "attr_count": 6, "_input_count": 1, "_output_count": 1, "dim": null, "data_type": null, "bias": null, "weight": null, "kernel": null, "in_var_name_list": ["209"], "out_var_name_list": ["210"]}, "211": {"index": 211, "var_name": "211", "api": "route", "attr_count": 0, "_input_count": 1, "_output_count": 1, "dim": null, "data_type": null, "bias": null, "weight": null, "kernel": null, "in_var_name_list": ["210"], "out_var_name_list": ["211"]}, "212": {"index": 212, "var_name": "212", "api": "convolutional", "attr_count": 6, "_input_count": 1, "_output_count": 1, "dim": null, "data_type": null, "bias": null, "weight": null, "kernel": null, "in_var_name_list": ["211"], "out_var_name_list": ["212"]}, "213": {"index": 213, "var_name": "213", "api": "convolutional", "attr_count": 6, "_input_count": 1, "_output_count": 1, "dim": null, "data_type": null, "bias": null, "weight": null, "kernel": null, "in_var_name_list": ["212"], "out_var_name_list": ["213"]}, "214": {"index": 214, "var_name": "214", "api": "convolutional", "attr_count": 6, "_input_count": 1, "_output_count": 1, "dim": null, "data_type": null, "bias": null, "weight": null, "kernel": null, "in_var_name_list": ["213"], "out_var_name_list": ["214"]}, "215": {"index": 215, "var_name": "215", "api": "convolutional", "attr_count": 6, "_input_count": 1, "_output_count": 1, "dim": null, "data_type": null, "bias": null, "weight": null, "kernel": null, "in_var_name_list": ["214"], "out_var_name_list": ["215"]}, "216": {"index": 216, "var_name": "216", "api": "convolutional", "attr_count": 6, "_input_count": 1, "_output_count": 1, "dim": null, "data_type": null, "bias": null, "weight": null, "kernel": null, "in_var_name_list": ["215"], "out_var_name_list": ["216"]}, "217": {"index": 217, "var_name": "217", "api": "convolutional", "attr_count": 6, "_input_count": 1, "_output_count": 1, "dim": null, "data_type": null, "bias": null, "weight": null, "kernel": null, "in_var_name_list": ["216"], "out_var_name_list": ["217"]}, "218": {"index": 218, "var_name": "218", "api": "convolutional", "attr_count": 5, "_input_count": 1, "_output_count": 1, "dim": null, "data_type": null, "bias": null, "weight": null, "kernel": null, "in_var_name_list": ["217"], "out_var_name_list": ["218"]}, "219": {"index": 219, "var_name": "219", "api": "yolo", "attr_count": 8, "_input_count": 1, "_output_count": 1, "dim": null, "data_type": null, "bias": null, "weight": null, "kernel": null, "in_var_name_list": ["218"], "out_var_name_list": ["219"]}, "220": {"index": 220, "var_name": "220", "api": "route", "attr_count": 0, "_input_count": 1, "_output_count": 1, "dim": null, "data_type": null, "bias": null, "weight": null, "kernel": null, "in_var_name_list": ["216"], "out_var_name_list": ["220"]}, "221": {"index": 221, "var_name": "221", "api": "convolutional", "attr_count": 6, "_input_count": 1, "_output_count": 1, "dim": null, "data_type": null, "bias": null, "weight": null, "kernel": null, "in_var_name_list": ["220"], "out_var_name_list": ["221"]}, "222": {"index": 222, "var_name": "222", "api": "route", "attr_count": 0, "_input_count": 1, "_output_count": 1, "dim": null, "data_type": null, "bias": null, "weight": null, "kernel": null, "in_var_name_list": ["221"], "out_var_name_list": ["222"]}, "223": {"index": 223, "var_name": "223", "api": "convolutional", "attr_count": 6, "_input_count": 1, "_output_count": 1, "dim": null, "data_type": null, "bias": null, "weight": null, "kernel": null, "in_var_name_list": ["222"], "out_var_name_list": ["223"]}, "224": {"index": 224, "var_name": "224", "api": "convolutional", "attr_count": 6, "_input_count": 1, "_output_count": 1, "dim": null, "data_type": null, "bias": null, "weight": null, "kernel": null, "in_var_name_list": ["223"], "out_var_name_list": ["224"]}, "225": {"index": 225, "var_name": "225", "api": "convolutional", "attr_count": 6, "_input_count": 1, "_output_count": 1, "dim": null, "data_type": null, "bias": null, "weight": null, "kernel": null, "in_var_name_list": ["224"], "out_var_name_list": ["225"]}, "226": {"index": 226, "var_name": "226", "api": "convolutional", "attr_count": 6, "_input_count": 1, "_output_count": 1, "dim": null, "data_type": null, "bias": null, "weight": null, "kernel": null, "in_var_name_list": ["225"], "out_var_name_list": ["226"]}, "227": {"index": 227, "var_name": "227", "api": "convolutional", "attr_count": 6, "_input_count": 1, "_output_count": 1, "dim": null, "data_type": null, "bias": null, "weight": null, "kernel": null, "in_var_name_list": ["226"], "out_var_name_list": ["227"]}, "228": {"index": 228, "var_name": "228", "api": "convolutional", "attr_count": 6, "_input_count": 1, "_output_count": 1, "dim": null, "data_type": null, "bias": null, "weight": null, "kernel": null, "in_var_name_list": ["227"], "out_var_name_list": ["228"]}, "229": {"index": 229, "var_name": "229", "api": "convolutional", "attr_count": 5, "_input_count": 1, "_output_count": 1, "dim": null, "data_type": null, "bias": null, "weight": null, "kernel": null, "in_var_name_list": ["228"], "out_var_name_list": ["229"]}, "230": {"index": 230, "var_name": "230", "api": "yolo", "attr_count": 8, "_input_count": 1, "_output_count": 1, "dim": null, "data_type": null, "bias": null, "weight": null, "kernel": null, "in_var_name_list": ["229"], "out_var_name_list": ["230"]}, "231": {"index": 231, "var_name": "231", "api": "route", "attr_count": 0, "_input_count": 1, "_output_count": 1, "dim": null, "data_type": null, "bias": null, "weight": null, "kernel": null, "in_var_name_list": ["227"], "out_var_name_list": ["231"]}, "232": {"index": 232, "var_name": "232", "api": "convolutional", "attr_count": 6, "_input_count": 1, "_output_count": 1, "dim": null, "data_type": null, "bias": null, "weight": null, "kernel": null, "in_var_name_list": ["231"], "out_var_name_list": ["232"]}, "233": {"index": 233, "var_name": "233", "api": "route", "attr_count": 0, "_input_count": 1, "_output_count": 1, "dim": null, "data_type": null, "bias": null, "weight": null, "kernel": null, "in_var_name_list": ["232"], "out_var_name_list": ["233"]}, "234": {"index": 234, "var_name": "234", "api": "convolutional", "attr_count": 6, "_input_count": 1, "_output_count": 1, "dim": null, "data_type": null, "bias": null, "weight": null, "kernel": null, "in_var_name_list": ["233"], "out_var_name_list": ["234"]}, "235": {"index": 235, "var_name": "235", "api": "convolutional", "attr_count": 6, "_input_count": 1, "_output_count": 1, "dim": null, "data_type": null, "bias": null, "weight": null, "kernel": null, "in_var_name_list": ["234"], "out_var_name_list": ["235"]}, "236": {"index": 236, "var_name": "236", "api": "convolutional", "attr_count": 6, "_input_count": 1, "_output_count": 1, "dim": null, "data_type": null, "bias": null, "weight": null, "kernel": null, "in_var_name_list": ["235"], "out_var_name_list": ["236"]}, "237": {"index": 237, "var_name": "237", "api": "convolutional", "attr_count": 6, "_input_count": 1, "_output_count": 1, "dim": null, "data_type": null, "bias": null, "weight": null, "kernel": null, "in_var_name_list": ["236"], "out_var_name_list": ["237"]}, "238": {"index": 238, "var_name": "238", "api": "convolutional", "attr_count": 6, "_input_count": 1, "_output_count": 1, "dim": null, "data_type": null, "bias": null, "weight": null, "kernel": null, "in_var_name_list": ["237"], "out_var_name_list": ["238"]}, "239": {"index": 239, "var_name": "239", "api": "convolutional", "attr_count": 6, "_input_count": 1, "_output_count": 1, "dim": null, "data_type": null, "bias": null, "weight": null, "kernel": null, "in_var_name_list": ["238"], "out_var_name_list": ["239"]}, "240": {"index": 240, "var_name": "240", "api": "convolutional", "attr_count": 5, "_input_count": 1, "_output_count": 1, "dim": null, "data_type": null, "bias": null, "weight": null, "kernel": null, "in_var_name_list": ["239"], "out_var_name_list": ["240"]}, "241": {"index": 241, "var_name": "241", "api": "yolo", "attr_count": 8, "_input_count": 1, "_output_count": 1, "dim": null, "data_type": null, "bias": null, "weight": null, "kernel": null, "in_var_name_list": ["240"], "out_var_name_list": ["241"]}}, "node_count": 242, "edge_list": [{"from": ["73", "convolutional"], "to": ["74", "convolutional"]}, {"from": ["48", "route"], "to": ["49", "convolutional"]}, {"from": ["92", "convolutional"], "to": ["93", "convolutional"]}, {"from": ["142", "convolutional"], "to": ["149", "route"]}, {"from": ["131", "route"], "to": ["132", "maxpool"]}, {"from": ["143", "route"], "to": ["144", "maxpool"]}, {"from": ["74", "convolutional"], "to": ["75", "convolutional"]}, {"from": ["116", "convolutional"], "to": ["117", "convolutional"]}, {"from": ["201", "route"], "to": ["202", "convolutional"]}, {"from": ["200", "convolutional"], "to": ["201", "route"]}, {"from": ["236", "convolutional"], "to": ["237", "convolutional"]}, {"from": ["227", "convolutional"], "to": ["231", "route"]}, {"from": ["206", "convolutional"], "to": ["207", "convolutional"]}, {"from": ["111", "convolutional"], "to": ["112", "upsample"]}, {"from": ["222", "route"], "to": ["223", "convolutional"]}, {"from": ["216", "convolutional"], "to": ["220", "route"]}, {"from": ["19", "convolutional"], "to": ["20", "convolutional"]}, {"from": ["42", "route"], "to": ["43", "convolutional"]}, {"from": ["182", "convolutional"], "to": ["183", "route"]}, {"from": ["192", "maxpool"], "to": ["193", "route"]}, {"from": ["146", "convolutional"], "to": ["147", "convolutional"]}, {"from": ["137", "route"], "to": ["138", "shortcut"]}, {"from": ["12", "convolutional"], "to": ["13", "convolutional"]}, {"from": ["157", "convolutional"], "to": ["162", "route"]}, {"from": ["213", "convolutional"], "to": ["214", "convolutional"]}, {"from": ["99", "convolutional"], "to": ["100", "upsample"]}, {"from": ["90", "convolutional"], "to": ["95", "route"]}, {"from": ["231", "route"], "to": ["232", "convolutional"]}, {"from": ["177", "convolutional"], "to": ["178", "convolutional"]}, {"from": ["31", "convolutional"], "to": ["32", "convolutional"]}, {"from": ["139", "route"], "to": ["140", "convolutional"]}, {"from": ["10", "maxpool"], "to": ["11", "convolutional"]}, {"from": ["132", "maxpool"], "to": ["133", "convolutional"]}, {"from": ["237", "convolutional"], "to": ["238", "convolutional"]}, {"from": ["153", "convolutional"], "to": ["199", "route"]}, {"from": ["43", "convolutional"], "to": ["44", "convolutional"]}, {"from": ["98", "convolutional"], "to": ["99", "convolutional"]}, {"from": ["193", "route"], "to": ["194", "convolutional"]}, {"from": ["168", "route"], "to": ["169", "shortcut"]}, {"from": ["121", "convolutional"], "to": ["122", "convolutional"]}, {"from": ["77", "maxpool"], "to": ["78", "convolutional"]}, {"from": ["221", "convolutional"], "to": ["222", "route"]}, {"from": ["84", "convolutional"], "to": ["85", "route"]}, {"from": ["101", "route"], "to": ["102", "shortcut"]}, {"from": ["0", "convolutional"], "to": ["1", "maxpool"]}, {"from": ["58", "route"], "to": ["59", "shortcut"]}, {"from": ["4", "convolutional"], "to": ["5", "route"]}, {"from": ["158", "route"], "to": ["159", "convolutional"]}, {"from": ["145", "convolutional"], "to": ["146", "convolutional"]}, {"from": ["225", "convolutional"], "to": ["226", "convolutional"]}, {"from": ["117", "convolutional"], "to": ["118", "convolutional"]}, {"from": ["94", "convolutional"], "to": ["101", "route"]}, {"from": ["54", "convolutional"], "to": ["55", "convolutional"]}, {"from": ["150", "shortcut"], "to": ["151", "convolutional"]}, {"from": ["134", "convolutional"], "to": ["135", "convolutional"]}, {"from": ["129", "convolutional"], "to": ["130", "convolutional"]}, {"from": ["171", "convolutional"], "to": ["172", "convolutional"]}, {"from": ["232", "convolutional"], "to": ["233", "route"]}, {"from": ["110", "convolutional"], "to": ["111", "convolutional"]}, {"from": ["114", "shortcut"], "to": ["119", "route"]}, {"from": ["41", "convolutional"], "to": ["42", "route"]}, {"from": ["240", "convolutional"], "to": ["241", "yolo"]}, {"from": ["109", "convolutional"], "to": ["110", "convolutional"]}, {"from": ["220", "route"], "to": ["221", "convolutional"]}, {"from": ["16", "shortcut"], "to": ["21", "route"]}, {"from": ["75", "convolutional"], "to": ["82", "route"]}, {"from": ["178", "convolutional"], "to": ["179", "upsample"]}, {"from": ["22", "maxpool"], "to": ["23", "convolutional"]}, {"from": ["90", "convolutional"], "to": ["91", "route"]}, {"from": ["212", "convolutional"], "to": ["213", "convolutional"]}, {"from": ["215", "convolutional"], "to": ["216", "convolutional"]}, {"from": ["223", "convolutional"], "to": ["224", "convolutional"]}, {"from": ["21", "route"], "to": ["22", "maxpool"]}, {"from": ["28", "shortcut"], "to": ["29", "route"]}, {"from": ["227", "convolutional"], "to": ["228", "convolutional"]}, {"from": ["11", "convolutional"], "to": ["12", "convolutional"]}, {"from": ["55", "convolutional"], "to": ["56", "convolutional"]}, {"from": ["25", "convolutional"], "to": ["26", "upsample"]}, {"from": ["210", "convolutional"], "to": ["211", "route"]}, {"from": ["59", "shortcut"], "to": ["64", "route"]}, {"from": ["24", "convolutional"], "to": ["25", "convolutional"]}, {"from": ["195", "convolutional"], "to": ["196", "convolutional"]}, {"from": ["6", "convolutional"], "to": ["7", "convolutional"]}, {"from": ["103", "route"], "to": ["104", "convolutional"]}, {"from": ["107", "route"], "to": ["108", "maxpool"]}, {"from": ["214", "convolutional"], "to": ["215", "convolutional"]}, {"from": ["239", "convolutional"], "to": ["240", "convolutional"]}, {"from": ["79", "convolutional"], "to": ["80", "convolutional"]}, {"from": ["8", "convolutional"], "to": ["15", "route"]}, {"from": ["169", "shortcut"], "to": ["174", "route"]}, {"from": ["85", "route"], "to": ["86", "convolutional"]}, {"from": ["186", "convolutional"], "to": ["187", "convolutional"]}, {"from": ["20", "convolutional"], "to": ["27", "route"]}, {"from": ["197", "convolutional"], "to": ["198", "upsample"]}, {"from": ["35", "convolutional"], "to": ["36", "convolutional"]}, {"from": ["235", "convolutional"], "to": ["236", "convolutional"]}, {"from": ["60", "route"], "to": ["61", "convolutional"]}, {"from": ["86", "convolutional"], "to": ["87", "convolutional"]}, {"from": ["184", "convolutional"], "to": ["185", "convolutional"]}, {"from": ["108", "maxpool"], "to": ["109", "convolutional"]}, {"from": ["104", "convolutional"], "to": ["105", "convolutional"]}, {"from": ["122", "convolutional"], "to": ["123", "convolutional"]}, {"from": ["164", "convolutional"], "to": ["165", "convolutional"]}, {"from": ["209", "route"], "to": ["210", "convolutional"]}, {"from": ["238", "convolutional"], "to": ["239", "convolutional"]}, {"from": ["166", "convolutional"], "to": ["167", "upsample"]}, {"from": ["211", "route"], "to": ["212", "convolutional"]}, {"from": ["194", "convolutional"], "to": ["195", "convolutional"]}, {"from": ["83", "shortcut"], "to": ["84", "convolutional"]}, {"from": ["119", "route"], "to": ["120", "maxpool"]}, {"from": ["105", "convolutional"], "to": ["106", "convolutional"]}, {"from": ["30", "convolutional"], "to": ["31", "convolutional"]}, {"from": ["50", "convolutional"], "to": ["51", "convolutional"]}, {"from": ["189", "route"], "to": ["190", "maxpool"]}, {"from": ["175", "maxpool"], "to": ["176", "convolutional"]}, {"from": ["62", "convolutional"], "to": ["63", "convolutional"]}, {"from": ["59", "shortcut"], "to": ["60", "route"]}, {"from": ["39", "route"], "to": ["40", "shortcut"]}, {"from": ["152", "route"], "to": ["153", "convolutional"]}, {"from": ["113", "route"], "to": ["114", "shortcut"]}, {"from": ["47", "convolutional"], "to": ["48", "route"]}, {"from": ["133", "convolutional"], "to": ["134", "convolutional"]}, {"from": ["66", "convolutional"], "to": ["67", "convolutional"]}, {"from": ["34", "maxpool"], "to": ["35", "convolutional"]}, {"from": ["13", "convolutional"], "to": ["14", "upsample"]}, {"from": ["67", "convolutional"], "to": ["68", "convolutional"]}, {"from": ["7", "convolutional"], "to": ["8", "convolutional"]}, {"from": ["224", "convolutional"], "to": ["225", "convolutional"]}, {"from": ["46", "route"], "to": ["47", "convolutional"]}, {"from": ["9", "route"], "to": ["10", "maxpool"]}, {"from": ["3", "route"], "to": ["4", "convolutional"]}, {"from": ["115", "route"], "to": ["116", "convolutional"]}, {"from": ["181", "shortcut"], "to": ["182", "convolutional"]}, {"from": ["91", "route"], "to": ["92", "convolutional"]}, {"from": ["138", "shortcut"], "to": ["139", "route"]}, {"from": ["126", "shortcut"], "to": ["131", "route"]}, {"from": ["233", "route"], "to": ["234", "convolutional"]}, {"from": ["71", "shortcut"], "to": ["76", "route"]}, {"from": ["187", "convolutional"], "to": ["191", "route"]}, {"from": ["153", "convolutional"], "to": ["154", "convolutional"]}, {"from": ["176", "convolutional"], "to": ["177", "convolutional"]}, {"from": ["106", "convolutional"], "to": ["113", "route"]}, {"from": ["229", "convolutional"], "to": ["230", "yolo"]}, {"from": ["23", "convolutional"], "to": ["24", "convolutional"]}, {"from": ["187", "convolutional"], "to": ["189", "route"]}, {"from": ["130", "convolutional"], "to": ["137", "route"]}, {"from": ["185", "convolutional"], "to": ["186", "convolutional"]}, {"from": ["120", "maxpool"], "to": ["121", "convolutional"]}, {"from": ["144", "maxpool"], "to": ["145", "convolutional"]}, {"from": ["1", "maxpool"], "to": ["2", "convolutional"]}, {"from": ["174", "route"], "to": ["175", "maxpool"]}, {"from": ["172", "convolutional"], "to": ["173", "convolutional"]}, {"from": ["51", "convolutional"], "to": ["58", "route"]}, {"from": ["95", "route"], "to": ["96", "maxpool"]}, {"from": ["87", "convolutional"], "to": ["89", "route"]}, {"from": ["118", "convolutional"], "to": ["125", "route"]}, {"from": ["102", "shortcut"], "to": ["107", "route"]}, {"from": ["161", "convolutional"], "to": ["168", "route"]}, {"from": ["33", "route"], "to": ["34", "maxpool"]}, {"from": ["29", "route"], "to": ["30", "convolutional"]}, {"from": ["68", "convolutional"], "to": ["69", "upsample"]}, {"from": ["196", "convolutional"], "to": ["197", "convolutional"]}, {"from": ["28", "shortcut"], "to": ["33", "route"]}, {"from": ["141", "convolutional"], "to": ["142", "convolutional"]}, {"from": ["187", "convolutional"], "to": ["188", "maxpool"]}, {"from": ["123", "convolutional"], "to": ["124", "upsample"]}, {"from": ["140", "convolutional"], "to": ["141", "convolutional"]}, {"from": ["36", "convolutional"], "to": ["37", "convolutional"]}, {"from": ["163", "maxpool"], "to": ["164", "convolutional"]}, {"from": ["15", "route"], "to": ["16", "shortcut"]}, {"from": ["76", "route"], "to": ["77", "maxpool"]}, {"from": ["65", "maxpool"], "to": ["66", "convolutional"]}, {"from": ["16", "shortcut"], "to": ["17", "route"]}, {"from": ["72", "route"], "to": ["73", "convolutional"]}, {"from": ["93", "convolutional"], "to": ["94", "convolutional"]}, {"from": ["64", "route"], "to": ["65", "maxpool"]}, {"from": ["49", "convolutional"], "to": ["50", "convolutional"]}, {"from": ["135", "convolutional"], "to": ["136", "upsample"]}, {"from": ["180", "route"], "to": ["181", "shortcut"]}, {"from": ["217", "convolutional"], "to": ["218", "convolutional"]}, {"from": ["32", "convolutional"], "to": ["39", "route"]}, {"from": ["173", "convolutional"], "to": ["180", "route"]}, {"from": ["234", "convolutional"], "to": ["235", "convolutional"]}, {"from": ["125", "route"], "to": ["126", "shortcut"]}, {"from": ["183", "route"], "to": ["184", "convolutional"]}, {"from": ["87", "convolutional"], "to": ["88", "convolutional"]}, {"from": ["78", "convolutional"], "to": ["79", "convolutional"]}, {"from": ["44", "convolutional"], "to": ["46", "route"]}, {"from": ["216", "convolutional"], "to": ["217", "convolutional"]}, {"from": ["70", "route"], "to": ["71", "shortcut"]}, {"from": ["17", "route"], "to": ["18", "convolutional"]}, {"from": ["96", "maxpool"], "to": ["97", "convolutional"]}, {"from": ["126", "shortcut"], "to": ["127", "route"]}, {"from": ["5", "route"], "to": ["6", "convolutional"]}, {"from": ["53", "maxpool"], "to": ["54", "convolutional"]}, {"from": ["89", "route"], "to": ["90", "convolutional"]}, {"from": ["147", "convolutional"], "to": ["148", "upsample"]}, {"from": ["61", "convolutional"], "to": ["62", "convolutional"]}, {"from": ["102", "shortcut"], "to": ["103", "route"]}, {"from": ["1", "maxpool"], "to": ["3", "route"]}, {"from": ["97", "convolutional"], "to": ["98", "convolutional"]}, {"from": ["128", "convolutional"], "to": ["129", "convolutional"]}, {"from": ["203", "convolutional"], "to": ["204", "convolutional"]}, {"from": ["204", "convolutional"], "to": ["205", "convolutional"]}, {"from": ["156", "route"], "to": ["157", "convolutional"]}, {"from": ["80", "convolutional"], "to": ["81", "upsample"]}, {"from": ["191", "route"], "to": ["192", "maxpool"]}, {"from": ["149", "route"], "to": ["150", "shortcut"]}, {"from": ["165", "convolutional"], "to": ["166", "convolutional"]}, {"from": ["205", "convolutional"], "to": ["206", "convolutional"]}, {"from": ["207", "convolutional"], "to": ["208", "upsample"]}, {"from": ["226", "convolutional"], "to": ["227", "convolutional"]}, {"from": ["27", "route"], "to": ["28", "shortcut"]}, {"from": ["86", "convolutional"], "to": ["209", "route"]}, {"from": ["4", "convolutional"], "to": ["9", "route"]}, {"from": ["218", "convolutional"], "to": ["219", "yolo"]}, {"from": ["157", "convolutional"], "to": ["158", "route"]}, {"from": ["169", "shortcut"], "to": ["170", "route"]}, {"from": ["56", "convolutional"], "to": ["57", "upsample"]}, {"from": ["114", "shortcut"], "to": ["115", "route"]}, {"from": ["47", "convolutional"], "to": ["52", "route"]}, {"from": ["71", "shortcut"], "to": ["72", "route"]}, {"from": ["40", "shortcut"], "to": ["41", "convolutional"]}, {"from": ["63", "convolutional"], "to": ["70", "route"]}, {"from": ["159", "convolutional"], "to": ["160", "convolutional"]}, {"from": ["199", "route"], "to": ["200", "convolutional"]}, {"from": ["154", "convolutional"], "to": ["156", "route"]}, {"from": ["44", "convolutional"], "to": ["45", "convolutional"]}, {"from": ["228", "convolutional"], "to": ["229", "convolutional"]}, {"from": ["82", "route"], "to": ["83", "shortcut"]}, {"from": ["202", "convolutional"], "to": ["203", "convolutional"]}, {"from": ["138", "shortcut"], "to": ["143", "route"]}, {"from": ["37", "convolutional"], "to": ["38", "upsample"]}, {"from": ["52", "route"], "to": ["53", "maxpool"]}, {"from": ["151", "convolutional"], "to": ["152", "route"]}, {"from": ["127", "route"], "to": ["128", "convolutional"]}, {"from": ["18", "convolutional"], "to": ["19", "convolutional"]}, {"from": ["162", "route"], "to": ["163", "maxpool"]}, {"from": ["160", "convolutional"], "to": ["161", "convolutional"]}, {"from": ["170", "route"], "to": ["171", "convolutional"]}, {"from": ["154", "convolutional"], "to": ["155", "convolutional"]}], "edge_count": 241}